model,id,section,lang,variant,cer,expert,kind,choices,expected,answer,correct,transcript
kokoro,it_solo__principi_принципы,it_solo,it,plain,0.0,paolo,choice,"Вариант 1: prìncipi — ударная гласная «prÌncipi», «принцы» | Вариант 2: princìpi — ударная гласная «princÌpi», «принципы»",,1,,Ответ: 1. Ударение падает на первый слог: prÌncipi.
moss_v15,it_solo__ancora_якорь,it_solo,it,plain,0.0,paolo,choice,"Вариант 1: àncora — ударная гласная «Àncora», «якорь» | Вариант 2: ancóra — ударная гласная «ancÓra», «ещё»",,2,,"Ответ: 2. Ударение падает на второй слог, на гласную «о»."
qwen3_voice,it_solo__principi_принцы,it_solo,it,plain,0.0,paolo,choice,"Вариант 1: princìpi — ударная гласная «princÌpi», «принципы» | Вариант 2: prìncipi — ударная гласная «prÌncipi», «принцы»",,2,,"Ответ: 2. В записи четко слышно, что ударение падает на первый слог: prìncipi."
moss_v10,it_solo__capitano_капитан,it_solo,it,accent,0.0,paolo,choice,"Вариант 1: càpitano — ударная гласная «cÀpitano», «случаются» | Вариант 2: capitàno — ударная гласная «capitÀno», «капитан»",2,2,1,"Ответ: 2. Ударение падает на гласную «а» в слоге «та», что соответствует слову «капитан»."
piper,it_solo__principi_принцы,it_solo,it,accent,0.0,paolo,choice,"Вариант 1: princìpi — ударная гласная «princÌpi», «принципы» | Вариант 2: prìncipi — ударная гласная «prÌncipi», «принцы»",2,2,1,"Ответ: 2. Ударение слышно на первом слоге, как в слове «prìncipi»."
moss_v10,it_solo__subito_пострадал,it_solo,it,ipa_word,0.111,paolo,choice,"Вариант 1: sùbito — ударная гласная «sÙbito», «сразу» | Вариант 2: subìto — ударная гласная «subÌto», «пострадал от»",2,1,0,"Ответ: 1. В записи отчетливо слышно, что ударение падает на первый слог в слове «subito»."
moss_v10,it_solo__indice_указатель,it_solo,it,ipa_word,0.444,paolo,choice,Вариант 1: ìndice — ударная гласная «Ìndice» | Вариант 2: indìce — ударная гласная «indÌce»,1,2,0,Ответ: 2. В записи четко слышно ударение на второй слог в слове «indice».
moss_v10,it_solo__arbitro_судья,it_solo,it,ipa_word,0.526,paolo,choice,Вариант 1: arbìtro — ударная гласная «arbÌtro» | Вариант 2: àrbitro — ударная гласная «Àrbitro»,2,2,1,"Ответ: 2. В слове «arbitro» ударение падает на первый слог, как и должно быть в итальянском языке."
moss_v15,it_solo__indice_указатель,it_solo,it,accent,0.056,paolo,choice,Вариант 1: indìce — ударная гласная «indÌce» | Вариант 2: ìndice — ударная гласная «Ìndice»,2,2,1,"Ответ: 2. Ударный слог — первый, слышится явный акцент на первой «i»."
moss_v15,it_solo__capitano_случаются,it_solo,it,ipa_word,0.0,paolo,choice,"Вариант 1: càpitano — ударная гласная «cÀpitano», «случаются» | Вариант 2: capitàno — ударная гласная «capitÀno», «капитан»",1,2,0,Ответ: 2. В слове чётко слышно ударение на второй слог.
moss_v10,it_solo__principi_принцы,it_solo,it,plain,0.0,paolo,choice,"Вариант 1: prìncipi — ударная гласная «prÌncipi», «принцы» | Вариант 2: princìpi — ударная гласная «princÌpi», «принципы»",,1,,"Ответ: 1. Потому что ударение падает на первый гласный звук «и», как и в слове «prìncipi»."
moss_v15,it_solo__subito_сразу,it_solo,it,accent,0.0,paolo,choice,"Вариант 1: sùbito — ударная гласная «sÙbito», «сразу» | Вариант 2: subìto — ударная гласная «subÌto», «пострадал от»",1,1,1,"Ответ: 1. В записи четко слышно, что ударение падает на первый слог."
qwen3_voice,it_solo__capitano_капитан,it_solo,it,accent,0.0,paolo,choice,"Вариант 1: capitàno — ударная гласная «capitÀno», «капитан» | Вариант 2: càpitano — ударная гласная «cÀpitano», «случаются»",1,1,1,Ответ: 1. Я четко слышу ударную гласную «а» во втором слоге с конца.
moss_v15,it_solo__arbitro_судья,it_solo,it,accent,0.737,paolo,choice,Вариант 1: àrbitro — ударная гласная «Àrbitro» | Вариант 2: arbìtro — ударная гласная «arbÌtro»,1,1,1,"Ответ: 1. Ударение падает на первую гласную «а», как и должно быть в слове «arbitro»."
kokoro,it_solo__indice_указатель,it_solo,it,plain,0.0,paolo,choice,Вариант 1: indìce — ударная гласная «indÌce» | Вариант 2: ìndice — ударная гласная «Ìndice»,2,2,1,Ответ: 2. В слове четко слышно ударение на первый слог.
qwen3_voice,it_solo__arbitro_судья,it_solo,it,plain,0.0,paolo,choice,Вариант 1: àrbitro — ударная гласная «Àrbitro» | Вариант 2: arbìtro — ударная гласная «arbÌtro»,1,1,1,"Ответ: 1. Ударение падает на первый слог, как и должно быть в слове «àrbitro»."
kokoro,it_solo__arbitro_судья,it_solo,it,plain,0.0,paolo,choice,Вариант 1: arbìtro — ударная гласная «arbÌtro» | Вариант 2: àrbitro — ударная гласная «Àrbitro»,2,2,1,"Ответ: 2. Ударная гласная ""а"", слышно четкое ударение на первом слоге."
kokoro,it_solo__capitano_случаются,it_solo,it,plain,0.0,paolo,choice,"Вариант 1: capitàno — ударная гласная «capitÀno», «капитан» | Вариант 2: càpitano — ударная гласная «cÀpitano», «случаются»",,1,,Ответ: 1. Я четко слышу ударение на предпоследнем слоге в слове capitàno.
piper,it_solo__subito_сразу,it_solo,it,accent,0.0,paolo,choice,"Вариант 1: subìto — ударная гласная «subÌto», «пострадал от» | Вариант 2: sùbito — ударная гласная «sÙbito», «сразу»",2,2,1,"Ответ: 2. Четко слышно ударрение на первом слоге «sù», как и должно быть в слове «сразу»."
moss_v15,it_solo__subito_сразу,it_solo,it,ipa_word,0.0,paolo,choice,"Вариант 1: sùbito — ударная гласная «sÙbito», «сразу» | Вариант 2: subìto — ударная гласная «subÌto», «пострадал от»",1,1,1,Ответ: 1. Я четко слышу ударение на первом слоге «u» в слове «sùbito».
magpie,it_solo__arbitro_судья,it_solo,it,accent,0.0,paolo,choice,Вариант 1: àrbitro — ударная гласная «Àrbitro» | Вариант 2: arbìtro — ударная гласная «arbÌtro»,1,1,1,"Ответ: 1. Ударение падает на первый слог, как и должно быть."
qwen3_voice,it_solo__subito_сразу,it_solo,it,accent,0.0,paolo,choice,"Вариант 1: subìto — ударная гласная «subÌto», «пострадал от» | Вариант 2: sùbito — ударная гласная «sÙbito», «сразу»",2,2,1,Ответ: 2. В слове чётко слышно ударение на первый слог «u».
moss_v15,it_solo__arbitro_судья,it_solo,it,ipa_word,0.158,paolo,choice,Вариант 1: arbìtro — ударная гласная «arbÌtro» | Вариант 2: àrbitro — ударная гласная «Àrbitro»,2,1,0,Ответ: 1. Ударным слышится второй слог с гласной «и».
moss_v10,it_solo__principi_принципы,it_solo,it,accent,0.0,paolo,choice,"Вариант 1: princìpi — ударная гласная «princÌpi», «принципы» | Вариант 2: prìncipi — ударная гласная «prÌncipi», «принцы»",1,2,0,Ответ: 2. Ударным звучит первый слог «при».
piper,it_solo__capitano_случаются,it_solo,it,plain,0.0,paolo,choice,"Вариант 1: capitàno — ударная гласная «capitÀno», «капитан» | Вариант 2: càpitano — ударная гласная «cÀpitano», «случаются»",,1,,"Ответ: 1. Я четко слышу ударение на втором слоге, как в слове «capitàno»."
piper,it_solo__capitano_случаются,it_solo,it,accent,0.0,paolo,choice,"Вариант 1: capitàno — ударная гласная «capitÀno», «капитан» | Вариант 2: càpitano — ударная гласная «cÀpitano», «случаются»",2,,,Ответ: Вариант 2. В слове чётко слышно ударение на первом слоге: càpitano.
kokoro,it_solo__capitano_капитан,it_solo,it,accent,0.0,paolo,choice,"Вариант 1: càpitano — ударная гласная «cÀpitano», «случаются» | Вариант 2: capitàno — ударная гласная «capitÀno», «капитан»",2,2,1,"Ответ: 2. Ударение падает на слог «ta», как в слове «капитан»."
moss_v15,it_solo__subito_сразу,it_solo,it,plain,0.0,paolo,choice,"Вариант 1: sùbito — ударная гласная «sÙbito», «сразу» | Вариант 2: subìto — ударная гласная «subÌto», «пострадал от»",,1,,"Ответ: 1. Ударение падает на первый слог, как в слове «sùbito»."
piper,it_solo__capitano_капитан,it_solo,it,accent,0.05,paolo,choice,"Вариант 1: capitàno — ударная гласная «capitÀno», «капитан» | Вариант 2: càpitano — ударная гласная «cÀpitano», «случаются»",1,2,0,"Ответ: 2. Ударение падает на первый слог, как в слове «càpitano»."
kokoro,it_solo__ancora_ещё,it_solo,it,ipa,0.0,paolo,choice,"Вариант 1: àncora — ударная гласная «Àncora», «якорь» | Вариант 2: ancóra — ударная гласная «ancÓra», «ещё»",2,2,1,"Ответ: 2. Ударение падает на второй слог, на гласную «о»."
moss_v10,it_solo__arbitro_судья,it_solo,it,accent,0.0,paolo,choice,Вариант 1: àrbitro — ударная гласная «Àrbitro» | Вариант 2: arbìtro — ударная гласная «arbÌtro»,1,1,1,"Ответ: 1
Ударение падает на первый слог, как и должно быть в слове «arbitro»."
kokoro,it_solo__subito_сразу,it_solo,it,accent,0.0,paolo,choice,"Вариант 1: sùbito — ударная гласная «sÙbito», «сразу» | Вариант 2: subìto — ударная гласная «subÌto», «пострадал от»",1,1,1,Ответ: 1. В слове отчетливо слышно ударение на первый слог.
magpie,it_solo__subito_пострадал,it_solo,it,accent,0.0,paolo,choice,"Вариант 1: sùbito — ударная гласная «sÙbito», «сразу» | Вариант 2: subìto — ударная гласная «subÌto», «пострадал от»",2,1,0,"Ответ: 1. Ударение падает на первый слог, как и должно быть в слове «sùbito»."
kokoro,it_solo__ancora_ещё,it_solo,it,accent,0.0,paolo,choice,"Вариант 1: ancóra — ударная гласная «ancÓra», «ещё» | Вариант 2: àncora — ударная гласная «Àncora», «якорь»",1,1,1,"Ответ: 1. Ударение падает на второй слог, как в слове «ещё»."
piper,it_solo__principi_принцы,it_solo,it,plain,0.0,paolo,choice,"Вариант 1: princìpi — ударная гласная «princÌpi», «принципы» | Вариант 2: prìncipi — ударная гласная «prÌncipi», «принцы»",,0,,"Ответ: ноль. В записи произнесено «PIN code», а не «principi», поэтому определить ударение в этом слове невозможно."
moss_v10,it_solo__arbitro_судья,it_solo,it,plain,0.0,paolo,choice,Вариант 1: àrbitro — ударная гласная «Àrbitro» | Вариант 2: arbìtro — ударная гласная «arbÌtro»,1,1,1,"Ответ: 1. Ударный слог первый, ""ar""."
moss_v15,it_solo__principi_принципы,it_solo,it,ipa_word,0.6,paolo,choice,"Вариант 1: princìpi — ударная гласная «princÌpi», «принципы» | Вариант 2: prìncipi — ударная гласная «prÌncipi», «принцы»",1,2,0,"Ответ: 2. В записи четко слышно ударение на первом слоге «при», как в слове «prìncipi» (принцы)."
moss_v15,it_solo__capitano_случаются,it_solo,it,accent,0.5,paolo,choice,"Вариант 1: càpitano — ударная гласная «cÀpitano», «случаются» | Вариант 2: capitàno — ударная гласная «capitÀno», «капитан»",1,,,[ошибка: received 1011 (internal error) Quota exceeded for quota metric 'API requests' and limit 'Request limit per minute for a region' of service 'generativelang; then sent 1011 (internal error) Quota exceeded for quota metric 'API requests' and limit 'Request limit per minute for a region' of service 'gen]
moss_v10,it_solo__principi_принцы,it_solo,it,ipa_word,0.05,paolo,choice,"Вариант 1: prìncipi — ударная гласная «prÌncipi», «принцы» | Вариант 2: princìpi — ударная гласная «princÌpi», «принципы»",1,1,1,"Ответ: 1. Ударение падает на первый слог, слышится «prìncipi»."
moss_v15,it_solo__principi_принцы,it_solo,it,accent,0.0,paolo,choice,"Вариант 1: princìpi — ударная гласная «princÌpi», «принципы» | Вариант 2: prìncipi — ударная гласная «prÌncipi», «принцы»",2,2,1,"Ответ: 2. Ударный первый слог, отчетливо слышится «и» в начале, как в слове prìncipi."
moss_v10,it_solo__capitano_случаются,it_solo,it,ipa_word,0.3,paolo,choice,"Вариант 1: capitàno — ударная гласная «capitÀno», «капитан» | Вариант 2: càpitano — ударная гласная «cÀpitano», «случаются»",2,1,0,Ответ: 1. Потому что ударение падает на третий слог: «capitÀno».
moss_v15,it_solo__subito_пострадал,it_solo,it,ipa_word,0.278,paolo,choice,"Вариант 1: subìto — ударная гласная «subÌto», «пострадал от» | Вариант 2: sùbito — ударная гласная «sÙbito», «сразу»",1,2,0,"Ответ: 2. Ударение падает на первый слог, как и должно быть в слове «sùbito»."
kokoro,it_solo__capitano_случаются,it_solo,it,ipa,0.0,paolo,choice,"Вариант 1: capitàno — ударная гласная «capitÀno», «капитан» | Вариант 2: càpitano — ударная гласная «cÀpitano», «случаются»",2,1,0,"Ответ: 1. В слове чётко слышно ударение на предпоследний слог, на гласную «а»."
moss_v10,it_solo__indice_указатель,it_solo,it,accent,0.333,paolo,choice,Вариант 1: ìndice — ударная гласная «Ìndice» | Вариант 2: indìce — ударная гласная «indÌce»,1,1,1,"Ответ: 1. Ударение падает на первый гласный звук «i», как и должно быть в слове «indice»."
magpie,it_solo__capitano_капитан,it_solo,it,plain,0.0,paolo,choice,"Вариант 1: capitàno — ударная гласная «capitÀno», «капитан» | Вариант 2: càpitano — ударная гласная «cÀpitano», «случаются»",,1,,"Ответ: 1
Потому что в аудио отчетливо слышно ударение на третьем слоге: cа-пи-ТА-но."
magpie,it_solo__principi_принцы,it_solo,it,accent,0.0,paolo,choice,"Вариант 1: prìncipi — ударная гласная «prÌncipi», «принцы» | Вариант 2: princìpi — ударная гласная «princÌpi», «принципы»",1,1,1,Ответ: 1. В слове отчетливо слышится ударение на первый слог — prìncipi.
moss_v10,it_solo__ancora_ещё,it_solo,it,accent,0.222,paolo,choice,"Вариант 1: àncora — ударная гласная «Àncora», «якорь» | Вариант 2: ancóra — ударная гласная «ancÓra», «ещё»",2,2,1,Ответ: 2. В записи явно слышно ударение на второй слог: ancÓra.
magpie,it_solo__principi_принцы,it_solo,it,plain,0.0,paolo,choice,"Вариант 1: prìncipi — ударная гласная «prÌncipi», «принцы» | Вариант 2: princìpi — ударная гласная «princÌpi», «принципы»",,2,,"Ответ: 2. Потому что ударение падает на второй слог, как в слове «принципы»."
magpie,it_solo__indice_указатель,it_solo,it,plain,0.0,paolo,choice,Вариант 1: indìce — ударная гласная «indÌce» | Вариант 2: ìndice — ударная гласная «Ìndice»,2,2,1,"Ответ: 2. В записи четко слышно, что ударение падает на первый слог."
moss_v10,it_solo__indice_указатель,it_solo,it,plain,0.222,paolo,choice,Вариант 1: indìce — ударная гласная «indÌce» | Вариант 2: ìndice — ударная гласная «Ìndice»,2,2,1,"Ответ: 2. Ударрение падает на первый слог, как слышится в слове «ìndice»."
piper,it_solo__subito_сразу,it_solo,it,plain,0.0,paolo,choice,"Вариант 1: sùbito — ударная гласная «sÙbito», «сразу» | Вариант 2: subìto — ударная гласная «subÌto», «пострадал от»",,1,,Ответ: 1. Я четко слышу ударение на первом слоге «u» в слове «sùbito».
piper,it_solo__arbitro_судья,it_solo,it,ipa,0.0,paolo,choice,Вариант 1: arbìtro — ударная гласная «arbÌtro» | Вариант 2: àrbitro — ударная гласная «Àrbitro»,2,2,1,"Ответ: 2. В слове чётко слышно ударение на первом слоге, как и должно быть в итальянском."
magpie,it_solo__arbitro_судья,it_solo,it,plain,0.0,paolo,choice,Вариант 1: àrbitro — ударная гласная «Àrbitro» | Вариант 2: arbìtro — ударная гласная «arbÌtro»,1,1,1,"Ответ: 1. Я четко слышу, что логическое ударение падает на первый слог «а»."
qwen3_voice,it_solo__ancora_ещё,it_solo,it,plain,0.0,paolo,choice,"Вариант 1: ancóra — ударная гласная «ancÓra», «ещё» | Вариант 2: àncora — ударная гласная «Àncora», «якорь»",,1,,Ответ: 1. Ударение падает на гласную «о» в слове «ancóra».
moss_v10,it_solo__subito_сразу,it_solo,it,accent,0.0,paolo,choice,"Вариант 1: sùbito — ударная гласная «sÙbito», «сразу» | Вариант 2: subìto — ударная гласная «subÌto», «пострадал от»",1,1,1,"Ответ: 1. Я четко слышу ударение на первом слоге, как и должно быть в слове «sùbito»."
moss_v15,it_solo__ancora_якорь,it_solo,it,ipa_word,0.167,paolo,choice,"Вариант 1: àncora — ударная гласная «Àncora», «якорь» | Вариант 2: ancóra — ударная гласная «ancÓra», «ещё»",1,2,0,Ответ: 2. Ударение падает на второй слог: ancÓra.
qwen3_voice,it_solo__ancora_ещё,it_solo,it,accent,0.0,paolo,choice,"Вариант 1: àncora — ударная гласная «Àncora», «якорь» | Вариант 2: ancóra — ударная гласная «ancÓra», «ещё»",2,2,1,Ответ: 2. Четко слышно ударение на втором слоге.
moss_v15,it_solo__principi_принципы,it_solo,it,plain,0.85,paolo,choice,"Вариант 1: princìpi — ударная гласная «princÌpi», «принципы» | Вариант 2: prìncipi — ударная гласная «prÌncipi», «принцы»",,,,"[ошибка: received 1011 (internal error) You exceeded your current quota, please check your plan and billing details. For more information on this error, head to: h; then sent 1011 (internal error) You exceeded your current quota, please check your plan and billing details. For more information on this error,]"
moss_v15,it_solo__principi_принцы,it_solo,it,ipa_word,0.0,paolo,choice,"Вариант 1: prìncipi — ударная гласная «prÌncipi», «принцы» | Вариант 2: princìpi — ударная гласная «princÌpi», «принципы»",1,1,1,Ответ: 1. Ударение падает на первый гласный звук «и».
piper,it_solo__capitano_капитан,it_solo,it,plain,0.0,paolo,choice,"Вариант 1: càpitano — ударная гласная «cÀpitano», «случаются» | Вариант 2: capitàno — ударная гласная «capitÀno», «капитан»",,2,,"Ответ: 2. Я чётко слышу ударение на втором слоге, «capitàno»."
moss_v10,it_solo__capitano_случаются,it_solo,it,plain,0.0,paolo,choice,"Вариант 1: càpitano — ударная гласная «cÀpitano», «случаются» | Вариант 2: capitàno — ударная гласная «capitÀno», «капитан»",,2,,Ответ: 2. В слове чётко слышно ударение на предпоследний слог.
qwen3_voice,it_solo__principi_принцы,it_solo,it,accent,0.0,paolo,choice,"Вариант 1: princìpi — ударная гласная «princÌpi», «принципы» | Вариант 2: prìncipi — ударная гласная «prÌncipi», «принцы»",2,,,[ошибка: received 1011 (internal error) Quota exceeded for quota metric 'API requests' and limit 'Request limit per minute for a region' of service 'generativelang; then sent 1011 (internal error) Quota exceeded for quota metric 'API requests' and limit 'Request limit per minute for a region' of service 'gen]
moss_v10,it_solo__capitano_капитан,it_solo,it,plain,0.0,paolo,choice,"Вариант 1: capitàno — ударная гласная «capitÀno», «капитан» | Вариант 2: càpitano — ударная гласная «cÀpitano», «случаются»",,1,,"Ответ: 1. Ударение падает на третий слог, отчетливо слышно, что выделена гласная «а» в «тано»."
piper,it_solo__indice_указатель,it_solo,it,accent,0.389,paolo,choice,Вариант 1: ìndice — ударная гласная «Ìndice» | Вариант 2: indìce — ударная гласная «indÌce»,1,1,1,"Ответ: 1. Я слышу, что ударная гласная — это первая «и»."
piper,it_solo__ancora_ещё,it_solo,it,ipa,0.0,paolo,choice,"Вариант 1: àncora — ударная гласная «Àncora», «якорь» | Вариант 2: ancóra — ударная гласная «ancÓra», «ещё»",2,2,1,"Ответ: 2. Четко слышно ударение на последний слог, то есть на букву «о»."
moss_v15,it_solo__arbitro_судья,it_solo,it,plain,0.158,paolo,choice,Вариант 1: àrbitro — ударная гласная «Àrbitro» | Вариант 2: arbìtro — ударная гласная «arbÌtro»,1,1,1,"Ответ: 1. Ударение падает на первый слог, как и должно быть в слове «àrbitro»."
moss_v15,it_solo__ancora_якорь,it_solo,it,accent,0.0,paolo,choice,"Вариант 1: ancóra — ударная гласная «ancÓra», «ещё» | Вариант 2: àncora — ударная гласная «Àncora», «якорь»",2,,,[ошибка: received 1007 (invalid frame payload data) Precondition check failed.; then sent 1007 (invalid frame payload data) Precondition check failed.]
qwen3_voice,it_solo__capitano_случаются,it_solo,it,plain,0.0,paolo,choice,"Вариант 1: capitàno — ударная гласная «capitÀno», «капитан» | Вариант 2: càpitano — ударная гласная «cÀpitano», «случаются»",,1,,"Ответ: 1. Ударение падает на третий слог, на гласную «а»."
moss_v10,it_solo__principi_принципы,it_solo,it,ipa_word,0.2,paolo,choice,"Вариант 1: prìncipi — ударная гласная «prÌncipi», «принцы» | Вариант 2: princìpi — ударная гласная «princÌpi», «принципы»",2,2,1,Ответ: 2. Я чётко слышу ударение на второй слог в слове «princìpi».
piper,it_solo__arbitro_судья,it_solo,it,accent,0.105,paolo,choice,Вариант 1: arbìtro — ударная гласная «arbÌtro» | Вариант 2: àrbitro — ударная гласная «Àrbitro»,2,2,1,Ответ: 2. В слове «arbitro» отчетливо слышно ударение на первом слоге «а».
qwen3_voice,it_solo__principi_принципы,it_solo,it,plain,0.0,paolo,choice,"Вариант 1: princìpi — ударная гласная «princÌpi», «принципы» | Вариант 2: prìncipi — ударная гласная «prÌncipi», «принцы»",,1,,Ответ: 1. Я слышу ударную гласную «и» во втором слоге: prin-cÌ-pi.
moss_v10,it_solo__ancora_якорь,it_solo,it,ipa_word,0.222,paolo,choice,"Вариант 1: ancóra — ударная гласная «ancÓra», «ещё» | Вариант 2: àncora — ударная гласная «Àncora», «якорь»",2,1,0,Ответ: 1. Я слышу явное ударение на гласной «о».
moss_v15,it_solo__ancora_ещё,it_solo,it,accent,0.0,paolo,choice,"Вариант 1: ancóra — ударная гласная «ancÓra», «ещё» | Вариант 2: àncora — ударная гласная «Àncora», «якорь»",1,1,1,"Ответ: 1. В записи отчетливо слышно, что ударение падает на второй слог, на гласную «о»."
piper,it_solo__principi_принципы,it_solo,it,plain,0.35,paolo,choice,"Вариант 1: princìpi — ударная гласная «princÌpi», «принципы» | Вариант 2: prìncipi — ударная гласная «prÌncipi», «принцы»",,0,,"Ответ: ноль. В записи произнесено «ci vediamo», а не «principi»."
qwen3_voice,it_solo__ancora_якорь,it_solo,it,plain,0.0,paolo,choice,"Вариант 1: ancóra — ударная гласная «ancÓra», «ещё» | Вариант 2: àncora — ударная гласная «Àncora», «якорь»",,1,,"Ответ: 1. Ударение падает на второй слог, на гласную «о»."
kokoro,it_solo__indice_указатель,it_solo,it,ipa,0.0,paolo,choice,Вариант 1: ìndice — ударная гласная «Ìndice» | Вариант 2: indìce — ударная гласная «indÌce»,1,1,1,"Ответ: 1. Ударение падает на первый слог, как и должно быть в слове «indice»."
qwen3_voice,it_solo__subito_сразу,it_solo,it,plain,0.0,paolo,choice,"Вариант 1: sùbito — ударная гласная «sÙbito», «сразу» | Вариант 2: subìto — ударная гласная «subÌto», «пострадал от»",,1,,"Ответ: 1. Ударение падает на первый слог, как и должно быть в слове «sùbito»."
moss_v15,it_solo__capitano_капитан,it_solo,it,accent,0.0,paolo,choice,"Вариант 1: càpitano — ударная гласная «cÀpitano», «случаются» | Вариант 2: capitàno — ударная гласная «capitÀno», «капитан»",2,2,1,"Ответ: 2. В записи чётко слышно, что ударение падает на второй слог: capitàno."
moss_v15,it_solo__indice_указатель,it_solo,it,plain,0.0,paolo,choice,Вариант 1: indìce — ударная гласная «indÌce» | Вариант 2: ìndice — ударная гласная «Ìndice»,2,2,1,"Ответ: 2. Ударение падает на первый слог, как и должно быть в слове «indice»."
kokoro,it_solo__ancora_якорь,it_solo,it,ipa,0.0,paolo,choice,"Вариант 1: àncora — ударная гласная «Àncora», «якорь» | Вариант 2: ancóra — ударная гласная «ancÓra», «ещё»",1,2,0,"Ответ: 2. Ударение падает на второй слог, как в слове «ещё»."
moss_v10,it_solo__ancora_ещё,it_solo,it,ipa_word,0.667,paolo,choice,"Вариант 1: àncora — ударная гласная «Àncora», «якорь» | Вариант 2: ancóra — ударная гласная «ancÓra», «ещё»",2,1,0,"Ответ: 1. Ударение падает на первый слог, как в слове «àncora» (якорь)."
piper,it_solo__principi_принципы,it_solo,it,accent,0.05,paolo,choice,"Вариант 1: princìpi — ударная гласная «princÌpi», «принципы» | Вариант 2: prìncipi — ударная гласная «prÌncipi», «принцы»",1,1,1,Ответ: 1. Я чётко слышу ударение на второй гласной «и».
piper,it_solo__subito_пострадал,it_solo,it,ipa,0.0,paolo,choice,"Вариант 1: subìto — ударная гласная «subÌto», «пострадал от» | Вариант 2: sùbito — ударная гласная «sÙbito», «сразу»",1,2,0,"Ответ: 2. Ударение падает на первый слог, как и должно быть в слове «sùbito»."
magpie,it_solo__principi_принципы,it_solo,it,accent,0.0,paolo,choice,"Вариант 1: prìncipi — ударная гласная «prÌncipi», «принцы» | Вариант 2: princìpi — ударная гласная «princÌpi», «принципы»",2,1,0,"Ответ: 1. Я слышу, что ударение падает на первый слог — prìncipi."
kokoro,it_solo__indice_указатель,it_solo,it,accent,0.0,paolo,choice,Вариант 1: ìndice — ударная гласная «Ìndice» | Вариант 2: indìce — ударная гласная «indÌce»,1,1,1,"Ответ: 1. Я четко слышу, что ударение падает на первый слог в слове «indice»."
magpie,it_solo__capitano_капитан,it_solo,it,accent,0.0,paolo,choice,"Вариант 1: càpitano — ударная гласная «cÀpitano», «случаются» | Вариант 2: capitàno — ударная гласная «capitÀno», «капитан»",2,2,1,"Ответ: 2. В записи чётко слышно ударение на третий слог, то есть на гласную «а»."
kokoro,it_solo__principi_принцы,it_solo,it,ipa,0.0,paolo,choice,"Вариант 1: prìncipi — ударная гласная «prÌncipi», «принцы» | Вариант 2: princìpi — ударная гласная «princÌpi», «принципы»",1,1,1,"Ответ: 1. Я четко слышу ударение на первом слоге, то есть на первой гласной «i»."
qwen3_voice,it_solo__arbitro_судья,it_solo,it,accent,0.0,paolo,choice,Вариант 1: àrbitro — ударная гласная «Àrbitro» | Вариант 2: arbìtro — ударная гласная «arbÌtro»,1,1,1,"Ответ: 1. Ударение падает на первый слог, как и должно быть в слове «arbitro»."
kokoro,it_solo__principi_принцы,it_solo,it,accent,0.0,paolo,choice,"Вариант 1: princìpi — ударная гласная «princÌpi», «принципы» | Вариант 2: prìncipi — ударная гласная «prÌncipi», «принцы»",2,2,1,"Ответ: 2. В записи четко слышно, что ударный первый слог: «prìncipi»."
magpie,it_solo__subito_сразу,it_solo,it,accent,0.0,paolo,choice,"Вариант 1: subìto — ударная гласная «subÌto», «пострадал от» | Вариант 2: sùbito — ударная гласная «sÙbito», «сразу»",2,2,1,Ответ: 2. Четко слышно ударение на первом слоге.
kokoro,it_solo__arbitro_судья,it_solo,it,ipa,0.0,paolo,choice,Вариант 1: arbìtro — ударная гласная «arbÌtro» | Вариант 2: àrbitro — ударная гласная «Àrbitro»,2,2,1,Ответ: 2. Ударение падает на первый слог.
qwen3_voice,it_solo__principi_принципы,it_solo,it,accent,0.0,paolo,choice,"Вариант 1: prìncipi — ударная гласная «prÌncipi», «принцы» | Вариант 2: princìpi — ударная гласная «princÌpi», «принципы»",2,1,0,"Ответ: 1
Ударение четко слышно на первом слоге, как в слове «prìncipi»."
kokoro,it_solo__subito_пострадал,it_solo,it,plain,0.0,paolo,choice,"Вариант 1: sùbito — ударная гласная «sÙbito», «сразу» | Вариант 2: subìto — ударная гласная «subÌto», «пострадал от»",,1,,Ответ: 1. Я слышу ударение на первом слоге: sÙbito.
qwen3_voice,it_solo__indice_указатель,it_solo,it,plain,0.0,paolo,choice,Вариант 1: ìndice — ударная гласная «Ìndice» | Вариант 2: indìce — ударная гласная «indÌce»,1,1,1,Ответ: 1. В записи четко слышно ударение на первый слог: *Ìndice*.
magpie,it_solo__subito_пострадал,it_solo,it,plain,0.0,paolo,choice,"Вариант 1: subìto — ударная гласная «subÌto», «пострадал от» | Вариант 2: sùbito — ударная гласная «sÙbito», «сразу»",,2,,"Ответ: 2. Ударение падает на первый слог, как и слышится в слове «sùbito»."
moss_v15,it_solo__capitano_капитан,it_solo,it,ipa_word,0.0,paolo,choice,"Вариант 1: càpitano — ударная гласная «cÀpitano», «случаются» | Вариант 2: capitàno — ударная гласная «capitÀno», «капитан»",2,2,1,"Ответ: 2. В записи четко слышно, что ударение падает на предпоследний слог, то есть на «та»."
kokoro,it_solo__principi_принципы,it_solo,it,accent,0.0,paolo,choice,"Вариант 1: princìpi — ударная гласная «princÌpi», «принципы» | Вариант 2: prìncipi — ударная гласная «prÌncipi», «принцы»",1,1,1,"Ответ: 1. В записи отчетливо слышно, что ударрение падает на второй слог."
magpie,it_solo__subito_сразу,it_solo,it,plain,0.0,paolo,choice,"Вариант 1: subìto — ударная гласная «subÌto», «пострадал от» | Вариант 2: sùbito — ударная гласная «sÙbito», «сразу»",,2,,Ответ: 2. В записи четко слышно ударение на первом слоге: sùbito.
kokoro,it_solo__subito_пострадал,it_solo,it,ipa,0.0,paolo,choice,"Вариант 1: subìto — ударная гласная «subÌto», «пострадал от» | Вариант 2: sùbito — ударная гласная «sÙbito», «сразу»",1,2,0,"Ответ: 2. Ударение падает на первый слог, как и должно быть в слове «sùbito»."
moss_v15,it_solo__subito_пострадал,it_solo,it,accent,0.0,paolo,choice,"Вариант 1: subìto — ударная гласная «subÌto», «пострадал от» | Вариант 2: sùbito — ударная гласная «sÙbito», «сразу»",1,2,0,"Ответ: 2. В записи четко слышно ударение на первом слоге, как в слове «sùbito»."
piper,it_solo__subito_пострадал,it_solo,it,accent,0.0,paolo,choice,"Вариант 1: subìto — ударная гласная «subÌto», «пострадал от» | Вариант 2: sùbito — ударная гласная «sÙbito», «сразу»",1,2,0,"Ответ: 2. В слове чётко слышится ударение на первом слоге, как в слове «sùbito»."
moss_v15,it_solo__capitano_случаются,it_solo,it,plain,0.25,paolo,choice,"Вариант 1: capitàno — ударная гласная «capitÀno», «капитан» | Вариант 2: càpitano — ударная гласная «cÀpitano», «случаются»",,1,,"Ответ: 1. В записи четко слышно ударение на второй слог и долгую гласную ""а""."
qwen3_voice,it_solo__capitano_капитан,it_solo,it,plain,0.0,paolo,choice,"Вариант 1: capitàno — ударная гласная «capitÀno», «капитан» | Вариант 2: càpitano — ударная гласная «cÀpitano», «случаются»",,1,,"Ответ: 1. Я слышу ударение на предпоследнем слоге «ta», как в слове *capitàno* (капитан)."
moss_v15,it_solo__capitano_капитан,it_solo,it,plain,0.25,paolo,choice,"Вариант 1: càpitano — ударная гласная «cÀpitano», «случаются» | Вариант 2: capitàno — ударная гласная «capitÀno», «капитан»",,1,,"Ответ: 1. Я слышу ударение на первый слог, как в слове càpitano."
moss_v15,it_solo__indice_указатель,it_solo,it,ipa_word,0.111,paolo,choice,Вариант 1: indìce — ударная гласная «indÌce» | Вариант 2: ìndice — ударная гласная «Ìndice»,2,,,[ошибка: received 1011 (internal error) Quota exceeded for quota metric 'API requests' and limit 'Request limit per minute for a region' of service 'generativelang; then sent 1011 (internal error) Quota exceeded for quota metric 'API requests' and limit 'Request limit per minute for a region' of service 'gen]
kokoro,it_solo__ancora_якорь,it_solo,it,plain,0.0,paolo,choice,"Вариант 1: àncora — ударная гласная «Àncora», «якорь» | Вариант 2: ancóra — ударная гласная «ancÓra», «ещё»",,2,,"Ответ: 2. Ударение падает на второй слог, как в слове ""ancóra"" (ещё)."
kokoro,it_solo__principi_принцы,it_solo,it,plain,0.0,paolo,choice,"Вариант 1: princìpi — ударная гласная «princÌpi», «принципы» | Вариант 2: prìncipi — ударная гласная «prÌncipi», «принцы»",,1,,Ответ: 1. Я четко слышу ударение на втором слоге: «princìpi».
moss_v10,it_solo__ancora_якорь,it_solo,it,plain,0.0,paolo,choice,"Вариант 1: àncora — ударная гласная «Àncora», «якорь» | Вариант 2: ancóra — ударная гласная «ancÓra», «ещё»",,,,[ошибка: received 1007 (invalid frame payload data) Precondition check failed.; then sent 1007 (invalid frame payload data) Precondition check failed.]
magpie,it_solo__indice_указатель,it_solo,it,accent,0.0,paolo,choice,Вариант 1: indìce — ударная гласная «indÌce» | Вариант 2: ìndice — ударная гласная «Ìndice»,2,2,1,Ответ: 2. В слове «indice» отчетливо слышно ударение на первый слог — «ìndice».
moss_v10,it_solo__ancora_ещё,it_solo,it,plain,0.0,paolo,choice,"Вариант 1: ancóra — ударная гласная «ancÓra», «ещё» | Вариант 2: àncora — ударная гласная «Àncora», «якорь»",,1,,"Ответ: 1. Ударение падает на второй слог, как в слове ""ancóra""."
moss_v15,it_solo__ancora_ещё,it_solo,it,ipa_word,0.0,paolo,choice,"Вариант 1: ancóra — ударная гласная «ancÓra», «ещё» | Вариант 2: àncora — ударная гласная «Àncora», «якорь»",1,2,0,"Ответ: 2. Ударение падает на первый слог, как в слове «якорь»."
piper,it_solo__ancora_якорь,it_solo,it,plain,0.0,paolo,choice,"Вариант 1: àncora — ударная гласная «Àncora», «якорь» | Вариант 2: ancóra — ударная гласная «ancÓra», «ещё»",,2,,"Ответ: 2. Ударение падает на гласную «о», как в слове «ancóra» (ещё)."
piper,it_solo__capitano_капитан,it_solo,it,ipa,0.0,paolo,choice,"Вариант 1: capitàno — ударная гласная «capitÀno», «капитан» | Вариант 2: càpitano — ударная гласная «cÀpitano», «случаются»",1,1,1,"Ответ: 1. Я слышу ударение на гласной «а» в третьем слоге, как в слове «capitàno»."
moss_v10,it_solo__principi_принципы,it_solo,it,plain,0.0,paolo,choice,"Вариант 1: prìncipi — ударная гласная «prÌncipi», «принцы» | Вариант 2: princìpi — ударная гласная «princÌpi», «принципы»",,1,,"Ответ: 1. Ударение падает на первый слог, как в слове «prìncipi»."
moss_v10,it_solo__capitano_случаются,it_solo,it,accent,0.25,paolo,choice,"Вариант 1: capitàno — ударная гласная «capitÀno», «капитан» | Вариант 2: càpitano — ударная гласная «cÀpitano», «случаются»",2,2,1,Ответ: 2. В записи отчетливо слышно ударение на первый слог: càpitano.
magpie,it_solo__principi_принципы,it_solo,it,plain,0.0,paolo,choice,"Вариант 1: princìpi — ударная гласная «princÌpi», «принципы» | Вариант 2: prìncipi — ударная гласная «prÌncipi», «принцы»",,2,,Ответ: 2. Ударение отчетливо слышно на первом слоге «prin».
moss_v10,it_solo__principi_принцы,it_solo,it,accent,0.0,paolo,choice,"Вариант 1: prìncipi — ударная гласная «prÌncipi», «принцы» | Вариант 2: princìpi — ударная гласная «princÌpi», «принципы»",1,2,0,"Ответ: 2. Ударение падает на второй слог, на гласную «i»."
piper,it_solo__ancora_якорь,it_solo,it,ipa,0.0,paolo,choice,"Вариант 1: àncora — ударная гласная «Àncora», «якорь» | Вариант 2: ancóra — ударная гласная «ancÓra», «ещё»",1,2,0,"Ответ: 2. Ударение падает на второй слог, как в слове «ancora» со значением «ещё»."
piper,it_solo__ancora_ещё,it_solo,it,accent,0.0,paolo,choice,"Вариант 1: ancóra — ударная гласная «ancÓra», «ещё» | Вариант 2: àncora — ударная гласная «Àncora», «якорь»",1,1,1,"Ответ: 1. Отчётливо слышно, что ударение падает на второй слог, на гласную «о»."
moss_v15,it_solo__subito_пострадал,it_solo,it,plain,0.278,paolo,choice,"Вариант 1: sùbito — ударная гласная «sÙbito», «сразу» | Вариант 2: subìto — ударная гласная «subÌto», «пострадал от»",,1,,"Ответ: 1. Ударение падает на первый слог, как и должно быть в слове «subito»."
kokoro,it_solo__subito_сразу,it_solo,it,ipa,0.0,paolo,choice,"Вариант 1: subìto — ударная гласная «subÌto», «пострадал от» | Вариант 2: sùbito — ударная гласная «sÙbito», «сразу»",2,2,1,"Ответ: 2. Ударение падает на первый слог, как и должно быть в этом слове."
magpie,it_solo__ancora_ещё,it_solo,it,plain,0.0,paolo,choice,"Вариант 1: àncora — ударная гласная «Àncora», «якорь» | Вариант 2: ancóra — ударная гласная «ancÓra», «ещё»",,2,,Ответ: 2. В слове отчетливо слышно ударение на гласную «о».
moss_v10,it_solo__subito_пострадал,it_solo,it,accent,0.111,paolo,choice,"Вариант 1: subìto — ударная гласная «subÌto», «пострадал от» | Вариант 2: sùbito — ударная гласная «sÙbito», «сразу»",1,2,0,"Ответ: 2. Ударение падает на первый слог, как и должно быть в слове «sùbito»."
magpie,it_solo__ancora_якорь,it_solo,it,accent,0.0,paolo,choice,"Вариант 1: ancóra — ударная гласная «ancÓra», «ещё» | Вариант 2: àncora — ударная гласная «Àncora», «якорь»",2,,,"Ответ: Вариант 1. Я слышу ударение на втором слоге, как в слове «ancóra» со значением «ещё»."
qwen3_voice,it_solo__capitano_случаются,it_solo,it,accent,0.0,paolo,choice,"Вариант 1: càpitano — ударная гласная «cÀpitano», «случаются» | Вариант 2: capitàno — ударная гласная «capitÀno», «капитан»",1,1,1,"Ответ: 1. Потому что ударение падает на первый слог, слышится «кАпитано»."
piper,it_solo__capitano_случаются,it_solo,it,ipa,0.0,paolo,choice,"Вариант 1: capitàno — ударная гласная «capitÀno», «капитан» | Вариант 2: càpitano — ударная гласная «cÀpitano», «случаются»",2,1,0,Ответ: 1. Ударение отчетливо слышно на втором слоге с конца: cap-i-ta-no.
piper,it_solo__indice_указатель,it_solo,it,ipa,0.0,paolo,choice,Вариант 1: ìndice — ударная гласная «Ìndice» | Вариант 2: indìce — ударная гласная «indÌce»,1,1,1,"Ответ: 1. Ударение падает на первый слог, на гласную «i», как и положено в слове «indice»."
moss_v10,it_solo__subito_сразу,it_solo,it,plain,0.056,paolo,choice,"Вариант 1: sùbito — ударная гласная «sÙbito», «сразу» | Вариант 2: subìto — ударная гласная «subÌto», «пострадал от»",,1,,"Ответ: 1. Я слышу, что ударрение падает на первый слог, как в слове sùbito."
piper,it_solo__subito_сразу,it_solo,it,ipa,0.0,paolo,choice,"Вариант 1: subìto — ударная гласная «subÌto», «пострадал от» | Вариант 2: sùbito — ударная гласная «sÙbito», «сразу»",2,2,1,"Ответ: 2. Ударный первый слог, как и должно быть в слове «sùbito»."
piper,it_solo__subito_пострадал,it_solo,it,plain,0.0,paolo,choice,"Вариант 1: sùbito — ударная гласная «sÙbito», «сразу» | Вариант 2: subìto — ударная гласная «subÌto», «пострадал от»",,1,,"Ответ: 1. Ударение падает на первый слог, как и должно быть в этом слове."
moss_v10,it_solo__ancora_якорь,it_solo,it,accent,0.0,paolo,choice,"Вариант 1: ancóra — ударная гласная «ancÓra», «ещё» | Вариант 2: àncora — ударная гласная «Àncora», «якорь»",2,1,0,"Ответ: 1. Я слышу, что ударение падает на гласную «о»."
kokoro,it_solo__arbitro_судья,it_solo,it,accent,0.0,paolo,choice,Вариант 1: àrbitro — ударная гласная «Àrbitro» | Вариант 2: arbìtro — ударная гласная «arbÌtro»,1,1,1,Ответ: 1. Ударный слог первый.
qwen3_voice,it_solo__subito_пострадал,it_solo,it,plain,0.0,paolo,choice,"Вариант 1: subìto — ударная гласная «subÌto», «пострадал от» | Вариант 2: sùbito — ударная гласная «sÙbito», «сразу»",,2,,Ответ: 2. В слове «subito» четко слышно ударение на первый слог.
qwen3_voice,it_solo__indice_указатель,it_solo,it,accent,0.222,paolo,choice,Вариант 1: ìndice — ударная гласная «Ìndice» | Вариант 2: indìce — ударная гласная «indÌce»,1,1,1,Ответ: 1. В слове чётко слышно ударение на первом слоге.
kokoro,it_solo__principi_принципы,it_solo,it,ipa,0.0,paolo,choice,"Вариант 1: princìpi — ударная гласная «princÌpi», «принципы» | Вариант 2: prìncipi — ударная гласная «prÌncipi», «принцы»",1,1,1,"Ответ: 1. Чётко слышно, что ударение падает на второй слог: princìpi."
moss_v15,it_solo__principi_принципы,it_solo,it,accent,0.0,paolo,choice,"Вариант 1: prìncipi — ударная гласная «prÌncipi», «принцы» | Вариант 2: princìpi — ударная гласная «princÌpi», «принципы»",2,1,0,"Ответ: 1. Ударение падает на первый слог, как в слове «prìncipi»."
moss_v10,it_solo__capitano_капитан,it_solo,it,ipa_word,0.3,paolo,choice,"Вариант 1: càpitano — ударная гласная «cÀpitano», «случаются» | Вариант 2: capitàno — ударная гласная «capitÀno», «капитан»",2,1,0,"Ответ: 1
Пояснение: Ударная гласная «а» в первом слоге: «càpitano»."
qwen3_voice,it_solo__subito_пострадал,it_solo,it,accent,0.0,paolo,choice,"Вариант 1: sùbito — ударная гласная «sÙbito», «сразу» | Вариант 2: subìto — ударная гласная «subÌto», «пострадал от»",2,1,0,"Ответ: 1. Я четко слышу ударение на первом слоге — ""sùbito""."
moss_v10,it_solo__subito_пострадал,it_solo,it,plain,0.167,paolo,choice,"Вариант 1: subìto — ударная гласная «subÌto», «пострадал от» | Вариант 2: sùbito — ударная гласная «sÙbito», «сразу»",,2,,"Ответ: 2. Ударение падает на первый слог, как и должно быть в слове «sùbito»."
moss_v15,it_solo__principi_принцы,it_solo,it,plain,0.0,paolo,choice,"Вариант 1: princìpi — ударная гласная «princÌpi», «принципы» | Вариант 2: prìncipi — ударная гласная «prÌncipi», «принцы»",,,,[ошибка: received 1011 (internal error) Quota exceeded for quota metric 'API requests' and limit 'Request limit per minute for a region' of service 'generativelang; then sent 1011 (internal error) Quota exceeded for quota metric 'API requests' and limit 'Request limit per minute for a region' of service 'gen]
kokoro,it_solo__capitano_случаются,it_solo,it,accent,0.0,paolo,choice,"Вариант 1: càpitano — ударная гласная «cÀpitano», «случаются» | Вариант 2: capitàno — ударная гласная «capitÀno», «капитан»",1,1,1,Ответ: 1. В слове отчётливо слышно ударение на первый слог.
kokoro,it_solo__ancora_ещё,it_solo,it,plain,0.0,paolo,choice,"Вариант 1: ancóra — ударная гласная «ancÓra», «ещё» | Вариант 2: àncora — ударная гласная «Àncora», «якорь»",,1,,"Ответ: 1. Ударение падает на второй слог, отчетливо слышна ударная гласная «о»."
piper,it_solo__indice_указатель,it_solo,it,plain,0.0,paolo,choice,Вариант 1: ìndice — ударная гласная «Ìndice» | Вариант 2: indìce — ударная гласная «indÌce»,1,1,1,"Ответ: 1. Ударение падает на первый слог, как и должно быть в слове indice."
magpie,it_solo__ancora_якорь,it_solo,it,plain,0.0,paolo,choice,"Вариант 1: àncora — ударная гласная «Àncora», «якорь» | Вариант 2: ancóra — ударная гласная «ancÓra», «ещё»",,2,,"Ответ: 2. Потому что в аудио отчетливо слышно ударение на последний слог, то есть на гласную «о»."
magpie,it_solo__capitano_случаются,it_solo,it,plain,0.0,paolo,choice,"Вариант 1: càpitano — ударная гласная «cÀpitano», «случаются» | Вариант 2: capitàno — ударная гласная «capitÀno», «капитан»",,1,,"Ответ: 1. Я четко слышу ударение на первом слоге «cà», а не на «та»."
piper,it_solo__ancora_якорь,it_solo,it,accent,0.0,paolo,choice,"Вариант 1: ancóra — ударная гласная «ancÓra», «ещё» | Вариант 2: àncora — ударная гласная «Àncora», «якорь»",2,1,0,"Ответ: 1
Потому что ударение падает на гласную «о» во втором слоге: ancÓra."
magpie,it_solo__ancora_ещё,it_solo,it,accent,0.0,paolo,choice,"Вариант 1: ancóra — ударная гласная «ancÓra», «ещё» | Вариант 2: àncora — ударная гласная «Àncora», «якорь»",1,1,1,"Ответ: 1. Я слышу ударение на гласной «о», как в слове «ancóra»."
kokoro,it_solo__subito_сразу,it_solo,it,plain,0.0,paolo,choice,"Вариант 1: subìto — ударная гласная «subÌto», «пострадал от» | Вариант 2: sùbito — ударная гласная «sÙbito», «сразу»",,2,,"Ответ: 2. Потому что ударение падает на первый слог, как в правильном итальянском слове sùbito."
moss_v15,it_solo__ancora_ещё,it_solo,it,plain,0.0,paolo,choice,"Вариант 1: àncora — ударная гласная «Àncora», «якорь» | Вариант 2: ancóra — ударная гласная «ancÓra», «ещё»",,2,,"Ответ: 2. Ударение падает на второй слог, как в слове «ещё»."
piper,it_solo__arbitro_судья,it_solo,it,plain,0.0,paolo,choice,Вариант 1: àrbitro — ударная гласная «Àrbitro» | Вариант 2: arbìtro — ударная гласная «arbÌtro»,1,1,1,"Ответ: 1. Я четко слышу, что ударение падает на первый слог: àrbitro."
magpie,it_solo__capitano_случаются,it_solo,it,accent,0.0,paolo,choice,"Вариант 1: càpitano — ударная гласная «cÀpitano», «случаются» | Вариант 2: capitàno — ударная гласная «capitÀno», «капитан»",1,1,1,"Ответ: 1. Я слышу ударение на первом слоге, как в слове càpitano."
kokoro,it_solo__subito_пострадал,it_solo,it,accent,0.0,paolo,choice,"Вариант 1: subìto — ударная гласная «subÌto», «пострадал от» | Вариант 2: sùbito — ударная гласная «sÙbito», «сразу»",1,2,0,Ответ: 2. Ударение отчётливо слышно на первом слоге: sùbito.
piper,it_solo__ancora_ещё,it_solo,it,plain,0.0,paolo,choice,"Вариант 1: ancóra — ударная гласная «ancÓra», «ещё» | Вариант 2: àncora — ударная гласная «Àncora», «якорь»",,1,,"Ответ: 1. Чётко слышно, что ударение падает на последний слог, на гласную «о»."
piper,it_solo__principi_принципы,it_solo,it,ipa,0.0,paolo,choice,"Вариант 1: princìpi — ударная гласная «princÌpi», «принципы» | Вариант 2: prìncipi — ударная гласная «prÌncipi», «принцы»",1,2,0,"Ответ: 2. Ударный первый слог, отчетливо слышно произношение prìncipi."
kokoro,it_solo__ancora_якорь,it_solo,it,accent,0.0,paolo,choice,"Вариант 1: ancóra — ударная гласная «ancÓra», «ещё» | Вариант 2: àncora — ударная гласная «Àncora», «якорь»",2,1,0,"Ответ: 1. Чётко слышно, что ударение падает на второй слог, на гласную «о»."
piper,it_solo__principi_принцы,it_solo,it,ipa,0.05,paolo,choice,"Вариант 1: princìpi — ударная гласная «princÌpi», «принципы» | Вариант 2: prìncipi — ударная гласная «prÌncipi», «принцы»",2,2,1,"Ответ: 2. Потому что ударение падает на первый слог, как в слове «prìncipi»."
qwen3_voice,it_solo__ancora_якорь,it_solo,it,accent,0.0,paolo,choice,"Вариант 1: àncora — ударная гласная «Àncora», «якорь» | Вариант 2: ancóra — ударная гласная «ancÓra», «ещё»",1,2,0,"Ответ: 2. Ударение падает на последний слог, на гласную «о», как в слове «ancóra» («ещё»)."
kokoro,it_solo__capitano_капитан,it_solo,it,plain,0.0,paolo,choice,"Вариант 1: càpitano — ударная гласная «cÀpitano», «случаются» | Вариант 2: capitàno — ударная гласная «capitÀno», «капитан»",,2,,Ответ: 2. Ударение падает на предпоследний слог.
moss_v10,it_solo__subito_сразу,it_solo,it,ipa_word,0.0,paolo,choice,"Вариант 1: sùbito — ударная гласная «sÙbito», «сразу» | Вариант 2: subìto — ударная гласная «subÌto», «пострадал от»",1,1,1,"Ответ: 1. Я четко слышу ударение на первом слоге, как и должно быть в слове «sùbito»."
kokoro,it_stress__brindisi,it_stress,it,plain,0.0,paolo,choice,Вариант 1: brindìsi — ударная гласная «brindÌsi» | Вариант 2: brìndisi — ударная гласная «brÌndisi»,2,2,1,"Ответ: 2. В записи чётко слышно, что ударным является первый слог — «brìn»."
piper,it_stress__leggere_2,it_stress,it,plain,0.0,paolo,choice,"Вариант 1: leggère — ударная гласная «leggÈre», «лёгкие» | Вариант 2: lèggere — ударная гласная «lÈggere», «читать»",2,2,1,"Ответ: 2. Ударение падает на первый слог, как в слове «читать»."
piper,it_stress__desiderano,it_stress,it,plain,0.0,paolo,choice,Вариант 1: desìderano — ударная гласная «desÌderano» | Вариант 2: desidèrano — ударная гласная «desidÈrano»,1,1,1,Ответ: 1. Я четко слышу ударную гласную «и».
moss_v10,it_stress__tavolo,it_stress,it,plain,0.0,paolo,choice,Вариант 1: tàvolo — ударная гласная «tÀvolo» | Вариант 2: tavòlo — ударная гласная «tavÒlo»,1,1,1,"Ответ: 1. Я четко слышу ударение на первом слоге «ta», как и требует итальянское слово «tavolo»."
moss_v10,it_stress__desiderano,it_stress,it,plain,0.0,paolo,choice,Вариант 1: desìderano — ударная гласная «desÌderano» | Вариант 2: desidèrano — ударная гласная «desidÈrano»,1,1,1,Ответ: 1. Ударение падает на гласную «и».
moss_v15,it_stress__scrivono,it_stress,it,accent,0.2,paolo,choice,Вариант 1: scrivòno — ударная гласная «scrivÒno» | Вариант 2: scrìvono — ударная гласная «scrÌvono»,2,2,1,"Ответ: 2. Ударение падает на первый слог, на гласную «i»."
moss_v10,it_stress__telefonano,it_stress,it,plain,0.0,paolo,choice,Вариант 1: telèfonano — ударная гласная «telÈfonano» | Вариант 2: telefònano — ударная гласная «telefÒnano»,1,2,0,Ответ: 2. Я четко слышу ударение на гласную «о» в слоге «fo».
moss_v15,it_stress__psicologia,it_stress,it,plain,0.0,paolo,choice,Вариант 1: psicològia — ударная гласная «psicolÒgia» | Вариант 2: psicologìa — ударная гласная «psicologÌa»,2,2,1,"Ответ: 2. В записи слышно, что ударрение падает на последнюю гласную «и»."
moss_v10,it_stress__farmacia,it_stress,it,accent,0.05,paolo,choice,Вариант 1: farmàcia — ударная гласная «farmÀcia» | Вариант 2: farmacìa — ударная гласная «farmacÌa»,2,2,1,Ответ: 2. В записи отчетливо слышно ударение на последнюю гласную «и».
moss_v15,it_stress__tavolo,it_stress,it,accent,0.0,paolo,choice,Вариант 1: tàvolo — ударная гласная «tÀvolo» | Вариант 2: tavòlo — ударная гласная «tavÒlo»,1,1,1,"Ответ: 1. Ударение падает на первый слог, как и должно быть в слове ""tavolo""."
qwen3_voice,it_stress__scrivono,it_stress,it,accent,0.0,paolo,choice,Вариант 1: scrivòno — ударная гласная «scrivÒno» | Вариант 2: scrìvono — ударная гласная «scrÌvono»,2,2,1,"Ответ: 2. В слове отчетливо слышно ударение на первом слоге, как и должно быть в итальянском."
kokoro,it_stress__scrivono,it_stress,it,ipa,0.0,paolo,choice,Вариант 1: scrìvono — ударная гласная «scrÌvono» | Вариант 2: scrivòno — ударная гласная «scrivÒno»,1,1,1,Ответ: 1. Я четко слышу ударение на первом слоге: «scrìvono».
moss_v15,it_stress__leggere_2,it_stress,it,plain,0.0,paolo,choice,"Вариант 1: leggère — ударная гласная «leggÈre», «лёгкие» | Вариант 2: lèggere — ударная гласная «lÈggere», «читать»",2,2,1,"Ответ: 2. Ударение падает на первый слог, как в слове «читать»."
moss_v10,it_stress__leggere_2,it_stress,it,accent,0.0,paolo,choice,"Вариант 1: leggère — ударная гласная «leggÈre», «лёгкие» | Вариант 2: lèggere — ударная гласная «lÈggere», «читать»",2,2,1,"Ответ: 2. Ударный первый слог: слышится явное ударение на ""е""."
piper,it_stress__capiscono,it_stress,it,ipa,0.143,paolo,choice,Вариант 1: capìscono — ударная гласная «capÌscono» | Вариант 2: capiscòno — ударная гласная «capiscÒno»,1,1,1,Ответ: 1. Ударение падает на гласную «и» в слоге «sc-».
moss_v15,it_stress__farmacia,it_stress,it,accent,0.0,paolo,choice,Вариант 1: farmàcia — ударная гласная «farmÀcia» | Вариант 2: farmacìa — ударная гласная «farmacÌa»,2,2,1,"Ответ: 2. Ударение падает на последний слог, на букву «и»."
piper,it_stress__scrivono,it_stress,it,ipa,0.1,paolo,choice,Вариант 1: scrìvono — ударная гласная «scrÌvono» | Вариант 2: scrivòno — ударная гласная «scrivÒno»,1,,,[ошибка: received 1007 (invalid frame payload data) Precondition check failed.; then sent 1007 (invalid frame payload data) Precondition check failed.]
piper,it_stress__psicologia,it_stress,it,accent,0.0,paolo,choice,Вариант 1: psicologìa — ударная гласная «psicologÌa» | Вариант 2: psicològia — ударная гласная «psicolÒgia»,1,1,1,"Ответ: 1. В слове «psicologia» отчетливо слышно ударение на последнем слоге, на гласной «и»."
magpie,it_stress__piroscafo,it_stress,it,accent,0.0,paolo,choice,Вариант 1: piròscafo — ударная гласная «pirÒscafo» | Вариант 2: piroscàfo — ударная гласная «piroscÀfo»,1,1,1,Ответ: 1. Ударение падает на второй слог.
qwen3_voice,it_stress__piroscafo,it_stress,it,plain,0.048,paolo,choice,Вариант 1: piroscàfo — ударная гласная «piroscÀfo» | Вариант 2: piròscafo — ударная гласная «pirÒscafo»,2,0,0,"Ответ: ноль. В записи слово звучит как «pirascapò», с ударением на последний слог, чего нет в предложенных вариантах."
piper,it_stress__psicologia,it_stress,it,ipa,0.0,paolo,choice,Вариант 1: psicologìa — ударная гласная «psicologÌa» | Вариант 2: psicològia — ударная гласная «psicolÒgia»,1,,,[ошибка: received 1007 (invalid frame payload data) Precondition check failed.; then sent 1007 (invalid frame payload data) Precondition check failed.]
piper,it_stress__telefonano,it_stress,it,plain,0.0,paolo,choice,Вариант 1: telefònano — ударная гласная «telefÒnano» | Вариант 2: telèfonano — ударная гласная «telÈfonano»,2,2,1,"Ответ: 2. Ударение падает на первый слог, как и должно быть в итальянском слове."
moss_v10,it_stress__leggere,it_stress,it,accent,0.053,paolo,choice,"Вариант 1: lèggere — ударная гласная «lÈggere», «читать» | Вариант 2: leggère — ударная гласная «leggÈre», «лёгкие»",2,1,0,"Ответ: 1. Ударение падает на первый слог, как в слове «читать»."
kokoro,it_stress__zucchero,it_stress,it,ipa,0.0,paolo,choice,Вариант 1: zùcchero — ударная гласная «zÙcchero» | Вариант 2: zucchèro — ударная гласная «zucchÈro»,1,1,1,"Ответ: 1. Четко слышно, что ударение падает на первый слог «zu»."
piper,it_stress__leggere_2,it_stress,it,accent,0.105,paolo,choice,"Вариант 1: leggère — ударная гласная «leggÈre», «лёгкие» | Вариант 2: lèggere — ударная гласная «lÈggere», «читать»",2,2,1,"Ответ: 2. Ударение падает на первый слог, как в слове «читать»."
magpie,it_stress__capiscono,it_stress,it,plain,0.0,paolo,choice,Вариант 1: capiscòno — ударная гласная «capiscÒno» | Вариант 2: capìscono — ударная гласная «capÌscono»,2,2,1,"Ответ: 2. Ударение падает на гласную «и», то есть на второй слог с конца."
kokoro,it_stress__leggere,it_stress,it,accent,0.0,paolo,choice,"Вариант 1: leggère — ударная гласная «leggÈre», «лёгкие» | Вариант 2: lèggere — ударная гласная «lÈggere», «читать»",1,2,0,"Ответ: 2. Четко слышно, что ударение падает на первый слог."
qwen3_voice,it_stress__capiscono,it_stress,it,plain,0.0,paolo,choice,Вариант 1: capiscòno — ударная гласная «capiscÒno» | Вариант 2: capìscono — ударная гласная «capÌscono»,2,2,1,"Ответ: 2. Ударение падает на гласную «и», как и должно быть в слове «capiscono»."
piper,it_stress__brindisi,it_stress,it,plain,0.05,paolo,choice,Вариант 1: brindìsi — ударная гласная «brindÌsi» | Вариант 2: brìndisi — ударная гласная «brÌndisi»,2,2,1,"Ответ: 2. Ударение падает на первый слог, как и должно быть в этом слове."
moss_v15,it_stress__telefonano,it_stress,it,accent,0.0,paolo,choice,Вариант 1: telefònano — ударная гласная «telefÒnano» | Вариант 2: telèfonano — ударная гласная «telÈfonano»,2,2,1,"Ответ: 2. В записи четко слышно, что ударение падает на второй слог, на гласную «е»."
magpie,it_stress__scrivono,it_stress,it,plain,0.0,paolo,choice,Вариант 1: scrìvono — ударная гласная «scrÌvono» | Вариант 2: scrivòno — ударная гласная «scrivÒno»,1,,,[ошибка: received 1007 (invalid frame payload data) Precondition check failed.; then sent 1007 (invalid frame payload data) Precondition check failed.]
kokoro,it_solo__capitano_капитан,it_solo,it,ipa,0.0,paolo,choice,"Вариант 1: càpitano — ударная гласная «cÀpitano», «случаются» | Вариант 2: capitàno — ударная гласная «capitÀno», «капитан»",2,,,[ошибка: received 1011 (internal error) Quota exceeded for quota metric 'API requests' and limit 'Request limit per minute for a region' of service 'generativelang; then sent 1011 (internal error) Quota exceeded for quota metric 'API requests' and limit 'Request limit per minute for a region' of service 'gen]
piper,it_stress__leggere,it_stress,it,plain,0.0,paolo,choice,"Вариант 1: lèggere — ударная гласная «lÈggere», «читать» | Вариант 2: leggère — ударная гласная «leggÈre», «лёгкие»",2,1,0,"Ответ: 1. Ударение падает на первый слог, как в слове «читать»."
piper,it_stress__scrivono,it_stress,it,plain,0.1,paolo,choice,Вариант 1: scrìvono — ударная гласная «scrÌvono» | Вариант 2: scrivòno — ударная гласная «scrivÒno»,1,1,1,"Ответ: 1. Я чётко слышу, что ударение падает на первый слог: scrìvono."
moss_v10,it_stress__capiscono,it_stress,it,ipa_word,0.286,paolo,choice,Вариант 1: capiscòno — ударная гласная «capiscÒno» | Вариант 2: capìscono — ударная гласная «capÌscono»,2,2,1,Ответ: 2. Ударение падает на гласную «и» в слоге «ис».
moss_v10,it_stress__tavolo,it_stress,it,accent,0.0,paolo,choice,Вариант 1: tavòlo — ударная гласная «tavÒlo» | Вариант 2: tàvolo — ударная гласная «tÀvolo»,2,2,1,Ответ: 2. В слове отчетливо слышно ударение на первый слог.
piper,it_stress__brindisi,it_stress,it,accent,0.05,paolo,choice,Вариант 1: brìndisi — ударная гласная «brÌndisi» | Вариант 2: brindìsi — ударная гласная «brindÌsi»,1,1,1,"Ответ: 1. Ударение падает на первый слог, как и должно быть в слове «brindisi»."
moss_v10,it_stress__brindisi,it_stress,it,ipa_word,0.45,paolo,choice,Вариант 1: brìndisi — ударная гласная «brÌndisi» | Вариант 2: brindìsi — ударная гласная «brindÌsi»,1,1,1,"Ответ: 1. В записи отчетливо слышно ударение на первом слоге, как и должно быть в слове «brindisi»."
qwen3_voice,it_stress__farmacia,it_stress,it,plain,0.0,paolo,choice,Вариант 1: farmàcia — ударная гласная «farmÀcia» | Вариант 2: farmacìa — ударная гласная «farmacÌa»,2,2,1,Ответ: 2. В слове «farmacia» четко слышно ударение на последний слог.
magpie,it_stress__telefonano,it_stress,it,accent,0.0,paolo,choice,Вариант 1: telefònano — ударная гласная «telefÒnano» | Вариант 2: telèfonano — ударная гласная «telÈfonano»,2,2,1,"Ответ: 2. Четко слышно, что ударение падает на второй слог: telèfonano."
kokoro,it_stress__brindisi,it_stress,it,ipa,0.0,paolo,choice,Вариант 1: brìndisi — ударная гласная «brÌndisi» | Вариант 2: brindìsi — ударная гласная «brindÌsi»,1,1,1,"Ответ: 1. Ударение падает на первый слог, как это и должно быть в слове «brìndisi»."
piper,it_stress__tavolo,it_stress,it,accent,0.0,paolo,choice,Вариант 1: tàvolo — ударная гласная «tÀvolo» | Вариант 2: tavòlo — ударная гласная «tavÒlo»,1,2,0,Ответ: 2. В записи отчётливо слышно ударение на второй слог: «tavÒlo».
magpie,it_stress__tavolo,it_stress,it,accent,0.0,paolo,choice,Вариант 1: tàvolo — ударная гласная «tÀvolo» | Вариант 2: tavòlo — ударная гласная «tavÒlo»,1,1,1,"Ответ: 1. Ударение отчетливо слышно на первом слоге: ""tàvolo""."
kokoro,it_stress__psicologia,it_stress,it,plain,0.0,paolo,choice,Вариант 1: psicològia — ударная гласная «psicolÒgia» | Вариант 2: psicologìa — ударная гласная «psicologÌa»,2,2,1,Ответ: 2. Ударение падает на последнюю «и» в слове «psicologia».
piper,it_stress__capiscono,it_stress,it,plain,0.0,paolo,choice,Вариант 1: capìscono — ударная гласная «capÌscono» | Вариант 2: capiscòno — ударная гласная «capiscÒno»,1,1,1,"Ответ: 1. Я слышу, что ударение падает на гласную «и»."
moss_v15,it_stress__scrivono,it_stress,it,ipa_word,0.0,paolo,choice,Вариант 1: scrìvono — ударная гласная «scrÌvono» | Вариант 2: scrivòno — ударная гласная «scrivÒno»,1,1,1,"Ответ: 1. Я четко слышу ударение на первом слоге, как и должно быть в итальянском языке."
moss_v10,it_stress__telefonano,it_stress,it,ipa_word,0.227,paolo,choice,Вариант 1: telèfonano — ударная гласная «telÈfonano» | Вариант 2: telefònano — ударная гласная «telefÒnano»,1,0,0,"Ответ: ноль. В записи произнесено слово «telefonino», а не «telefonano»."
moss_v10,it_stress__zucchero,it_stress,it,plain,0.0,paolo,choice,Вариант 1: zùcchero — ударная гласная «zÙcchero» | Вариант 2: zucchèro — ударная гласная «zucchÈro»,1,1,1,"Ответ: 1. Ударение падает на первый слог, как и должно быть в слове zucchero."
qwen3_voice,it_stress__piroscafo,it_stress,it,accent,0.0,paolo,choice,Вариант 1: piròscafo — ударная гласная «pirÒscafo» | Вариант 2: piroscàfo — ударная гласная «piroscÀfo»,1,1,1,"Ответ: 1. Ударение падает на гласную «о» в слоге «sca», как в слове piròscafo."
kokoro,it_stress__telefonano,it_stress,it,ipa,0.0,paolo,choice,Вариант 1: telefònano — ударная гласная «telefÒnano» | Вариант 2: telèfonano — ударная гласная «telÈfonano»,2,2,1,Ответ: 2. В слове «telefonano» четко слышно ударение на второй слог.
kokoro,it_stress__farmacia,it_stress,it,accent,0.0,paolo,choice,Вариант 1: farmàcia — ударная гласная «farmÀcia» | Вариант 2: farmacìa — ударная гласная «farmacÌa»,2,2,1,"Ответ: 2. Ударение отчетливо слышно на последнем слоге, в букве «и»."
qwen3_voice,it_stress__leggere_2,it_stress,it,accent,0.0,paolo,choice,"Вариант 1: lèggere — ударная гласная «lÈggere», «читать» | Вариант 2: leggère — ударная гласная «leggÈre», «лёгкие»",1,1,1,Ответ: 1. Ударение отчетливо слышно на первом слоге.
piper,it_stress__telefonano,it_stress,it,accent,0.227,paolo,choice,Вариант 1: telefònano — ударная гласная «telefÒnano» | Вариант 2: telèfonano — ударная гласная «telÈfonano»,2,2,1,"Ответ: 2. Ударение падает на третий слог от конца, как в слове «telèfonano»."
moss_v10,it_stress__brindisi,it_stress,it,plain,0.0,paolo,choice,Вариант 1: brindìsi — ударная гласная «brindÌsi» | Вариант 2: brìndisi — ударная гласная «brÌndisi»,2,2,1,"Ответ: 2. Чётко слышно, что ударение падает на первый слог."
qwen3_voice,it_stress__telefonano,it_stress,it,plain,0.0,paolo,choice,Вариант 1: telèfonano — ударная гласная «telÈfonano» | Вариант 2: telefònano — ударная гласная «telefÒnano»,1,1,1,"Ответ: 1. Ударение падает на третий слог от конца, как и должно быть в этом слове."
moss_v15,it_stress__desiderano,it_stress,it,plain,0.0,paolo,choice,Вариант 1: desìderano — ударная гласная «desÌderano» | Вариант 2: desidèrano — ударная гласная «desidÈrano»,1,1,1,"Ответ: 1. Я слышу, что ударрение падает на гласную в первом слоге после приставки, то есть [desÌderano]."
moss_v10,it_stress__leggere,it_stress,it,ipa_word,0.053,paolo,choice,"Вариант 1: leggère — ударная гласная «leggÈre», «лёгкие» | Вариант 2: lèggere — ударная гласная «lÈggere», «читать»",1,2,0,"Ответ: 2. Ударная гласная в первом слоге, как в слове «читать»."
magpie,it_stress__piroscafo,it_stress,it,plain,0.0,paolo,choice,Вариант 1: piroscàfo — ударная гласная «piroscÀfo» | Вариант 2: piròscafo — ударная гласная «pirÒscafo»,2,2,1,Ответ: 2. В записи ударение падает на второй слог: piròscafo.
kokoro,it_stress__leggere,it_stress,it,ipa,0.0,paolo,choice,"Вариант 1: leggère — ударная гласная «leggÈre», «лёгкие» | Вариант 2: lèggere — ударная гласная «lÈggere», «читать»",1,2,0,Ответ: 2. Ударение падает на первый слог.
moss_v15,it_stress__zucchero,it_stress,it,accent,0.4,paolo,choice,Вариант 1: zùcchero — ударная гласная «zÙcchero» | Вариант 2: zucchèro — ударная гласная «zucchÈro»,1,1,1,"Ответ: 1. Ударение падает на первый слог, как и должно быть в этом слове."
moss_v15,it_stress__telefonano,it_stress,it,plain,0.0,paolo,choice,Вариант 1: telefònano — ударная гласная «telefÒnano» | Вариант 2: telèfonano — ударная гласная «telÈfonano»,2,2,1,Ответ: 2. Ударение падает на вторую гласную «е».
magpie,it_stress__farmacia,it_stress,it,accent,0.0,paolo,choice,Вариант 1: farmàcia — ударная гласная «farmÀcia» | Вариант 2: farmacìa — ударная гласная «farmacÌa»,2,,,[ошибка: received 1007 (invalid frame payload data) Precondition check failed.; then sent 1007 (invalid frame payload data) Precondition check failed.]
qwen3_voice,it_stress__zucchero,it_stress,it,accent,0.0,paolo,choice,Вариант 1: zùcchero — ударная гласная «zÙcchero» | Вариант 2: zucchèro — ударная гласная «zucchÈro»,1,1,1,Ответ: 1. В слове «zucchero» ударным четко слышится первый слог — «zu».
moss_v15,it_stress__leggere_2,it_stress,it,ipa_word,0.0,paolo,choice,"Вариант 1: lèggere — ударная гласная «lÈggere», «читать» | Вариант 2: leggère — ударная гласная «leggÈre», «лёгкие»",1,1,1,"Ответ: 1. Ударение падает на первый слог, как в слове «lèggere» (читать)."
kokoro,it_stress__telefonano,it_stress,it,plain,0.0,paolo,choice,Вариант 1: telèfonano — ударная гласная «telÈfonano» | Вариант 2: telefònano — ударная гласная «telefÒnano»,1,1,1,Ответ: 1. Ударение падает на первую гласную «е» в слове «telefonano».
magpie,it_stress__farmacia,it_stress,it,plain,0.0,paolo,choice,Вариант 1: farmacìa — ударная гласная «farmacÌa» | Вариант 2: farmàcia — ударная гласная «farmÀcia»,1,1,1,"Ответ: 1. Я четко слышу ударение на последнем слоге, как и должно быть в слове «farmacìa»."
moss_v10,it_stress__telefonano,it_stress,it,accent,0.0,paolo,choice,Вариант 1: telefònano — ударная гласная «telefÒnano» | Вариант 2: telèfonano — ударная гласная «telÈfonano»,2,2,1,"Ответ: 2. В слове ""telèfonano"" четко слышится ударение на втором слоге, как и должно быть в итальянском языке."
piper,it_stress__desiderano,it_stress,it,accent,0.0,paolo,choice,Вариант 1: desìderano — ударная гласная «desÌderano» | Вариант 2: desidèrano — ударная гласная «desidÈrano»,1,1,1,"Ответ: 1. Ударение падает на гласную «и», как и должно быть в слове «desiderano»."
magpie,it_stress__psicologia,it_stress,it,plain,0.0,paolo,choice,Вариант 1: psicologìa — ударная гласная «psicologÌa» | Вариант 2: psicològia — ударная гласная «psicolÒgia»,1,1,1,"Ответ: 1. Я четко слышу, что ударная гласная в слове «psicologia» — это «i»."
qwen3_voice,it_stress__desiderano,it_stress,it,plain,0.0,paolo,choice,Вариант 1: desidèrano — ударная гласная «desidÈrano» | Вариант 2: desìderano — ударная гласная «desÌderano»,2,1,0,"Ответ: 1. Ударение падает на третий слог от конца, как и положено в итальянском языке."
moss_v15,it_stress__desiderano,it_stress,it,ipa_word,0.636,paolo,choice,Вариант 1: desidèrano — ударная гласная «desidÈrano» | Вариант 2: desìderano — ударная гласная «desÌderano»,2,2,1,"Ответ: 2. Ударение падает на второй слог, гласную «и»."
magpie,it_stress__tavolo,it_stress,it,plain,0.0,paolo,choice,Вариант 1: tàvolo — ударная гласная «tÀvolo» | Вариант 2: tavòlo — ударная гласная «tavÒlo»,1,1,1,Ответ: 1. Ударение отчетливо слышно на первом слоге «та».
magpie,it_stress__brindisi,it_stress,it,plain,0.0,paolo,choice,Вариант 1: brindìsi — ударная гласная «brindÌsi» | Вариант 2: brìndisi — ударная гласная «brÌndisi»,2,2,1,"Ответ: 2. Ударение падает на первый слог, как и должно быть в этом слове."
moss_v15,it_stress__psicologia,it_stress,it,ipa_word,0.136,paolo,choice,Вариант 1: psicologìa — ударная гласная «psicologÌa» | Вариант 2: psicològia — ударная гласная «psicolÒgia»,1,0,0,"Ответ: ноль. Слово произнесено нечётко, звучит скорее как «psicoigi»."
magpie,it_stress__leggere_2,it_stress,it,plain,0.0,paolo,choice,"Вариант 1: leggère — ударная гласная «leggÈre», «лёгкие» | Вариант 2: lèggere — ударная гласная «lÈggere», «читать»",2,2,1,Ответ: 2. В слове слышится ударение на первом слоге «lèggere».
moss_v15,it_stress__farmacia,it_stress,it,ipa_word,0.15,paolo,choice,Вариант 1: farmacìa — ударная гласная «farmacÌa» | Вариант 2: farmàcia — ударная гласная «farmÀcia»,1,2,0,Ответ: 2. Ударение падает на гласную 'а' в последнем слоге — 'farmàcia'.
kokoro,it_stress__desiderano,it_stress,it,plain,0.0,paolo,choice,Вариант 1: desìderano — ударная гласная «desÌderano» | Вариант 2: desidèrano — ударная гласная «desidÈrano»,1,1,1,"Ответ: 1. В записи отчетливо слышно, что акцент сделан на гласную «и» в слове «desiderano»."
moss_v15,it_stress__brindisi,it_stress,it,ipa_word,0.25,paolo,choice,Вариант 1: brindìsi — ударная гласная «brindÌsi» | Вариант 2: brìndisi — ударная гласная «brÌndisi»,2,1,0,"Ответ: 1. Потому что в записи чётко слышно ударение на втором слоге, «и»."
piper,it_stress__leggere_2,it_stress,it,ipa,0.0,paolo,choice,"Вариант 1: lèggere — ударная гласная «lÈggere», «читать» | Вариант 2: leggère — ударная гласная «leggÈre», «лёгкие»",1,1,1,"Ответ: 1. Ударение падает на первый слог, как в слове «читать»."
piper,it_stress__brindisi,it_stress,it,ipa,0.0,paolo,choice,Вариант 1: brindìsi — ударная гласная «brindÌsi» | Вариант 2: brìndisi — ударная гласная «brÌndisi»,2,,,[ошибка: received 1011 (internal error) Quota exceeded for quota metric 'API requests' and limit 'Request limit per minute for a region' of service 'generativelang; then sent 1011 (internal error) Quota exceeded for quota metric 'API requests' and limit 'Request limit per minute for a region' of service 'gen]
kokoro,it_stress__zucchero,it_stress,it,accent,0.0,paolo,choice,Вариант 1: zucchèro — ударная гласная «zucchÈro» | Вариант 2: zùcchero — ударная гласная «zÙcchero»,2,2,1,"Ответ: 2. Ударение падает на первый слог, как и должно быть в слове «zucchero»."
kokoro,it_stress__leggere_2,it_stress,it,accent,0.0,paolo,choice,"Вариант 1: leggère — ударная гласная «leggÈre», «лёгкие» | Вариант 2: lèggere — ударная гласная «lÈggere», «читать»",2,2,1,"Ответ: 2. В слове чётко слышно ударение на первом слоге, как в слове «читать»."
magpie,it_stress__leggere_2,it_stress,it,accent,0.0,paolo,choice,"Вариант 1: leggère — ударная гласная «leggÈre», «лёгкие» | Вариант 2: lèggere — ударная гласная «lÈggere», «читать»",2,,,[ошибка: received 1007 (invalid frame payload data) Precondition check failed.; then sent 1007 (invalid frame payload data) Precondition check failed.]
kokoro,it_stress__psicologia,it_stress,it,accent,0.0,paolo,choice,Вариант 1: psicològia — ударная гласная «psicolÒgia» | Вариант 2: psicologìa — ударная гласная «psicologÌa»,2,2,1,"Ответ: 2. В записи чётко слышно, что ударение падает на последний слог, на гласную «и»."
piper,it_stress__zucchero,it_stress,it,accent,0.0,paolo,choice,Вариант 1: zucchèro — ударная гласная «zucchÈro» | Вариант 2: zùcchero — ударная гласная «zÙcchero»,2,2,1,"Ответ: 2. Ударение падает на первый слог, как и должно быть в слове «zùcchero»."
kokoro,it_stress__leggere_2,it_stress,it,plain,0.0,paolo,choice,"Вариант 1: leggère — ударная гласная «leggÈre», «лёгкие» | Вариант 2: lèggere — ударная гласная «lÈggere», «читать»",2,2,1,Ответ: 2. В записи чётко слышно ударение на первом слоге: lÈggere.
magpie,it_stress__psicologia,it_stress,it,accent,0.091,paolo,choice,Вариант 1: psicologìa — ударная гласная «psicologÌa» | Вариант 2: psicològia — ударная гласная «psicolÒgia»,1,1,1,"Ответ: 1. В записи отчетливо слышно, что ударрение падает на последнюю гласную «и»."
qwen3_voice,it_stress__psicologia,it_stress,it,plain,0.0,paolo,choice,Вариант 1: psicològia — ударная гласная «psicolÒgia» | Вариант 2: psicologìa — ударная гласная «psicologÌa»,2,2,1,Ответ: 2. В записи чётко слышно ударение на последний гласный звук в слове «psicologìa».
moss_v10,it_stress__brindisi,it_stress,it,accent,0.0,paolo,choice,Вариант 1: brìndisi — ударная гласная «brÌndisi» | Вариант 2: brindìsi — ударная гласная «brindÌsi»,1,1,1,Ответ: 1. Ударение отчетливо слышно на первом слоге «brin».
kokoro,it_stress__leggere_2,it_stress,it,ipa,0.0,paolo,choice,"Вариант 1: leggère — ударная гласная «leggÈre», «лёгкие» | Вариант 2: lèggere — ударная гласная «lÈggere», «читать»",2,2,1,Ответ: 2. В слове ясно слышно ударение на первом слоге: lèggere.
kokoro,it_stress__zucchero,it_stress,it,plain,0.0,paolo,choice,Вариант 1: zucchèro — ударная гласная «zucchÈro» | Вариант 2: zùcchero — ударная гласная «zÙcchero»,2,2,1,"Ответ: 2. В записи чётко слышно, что ударным является первый слог, как и положено по правилам итальянского языка."
moss_v15,it_stress__piroscafo,it_stress,it,plain,0.0,paolo,choice,Вариант 1: piroscàfo — ударная гласная «piroscÀfo» | Вариант 2: piròscafo — ударная гласная «pirÒscafo»,2,2,1,"Ответ: 2. Ударный слог «ро», так как именно на букву «о» падает интонационное выделение."
moss_v10,it_stress__farmacia,it_stress,it,plain,0.25,paolo,choice,Вариант 1: farmàcia — ударная гласная «farmÀcia» | Вариант 2: farmacìa — ударная гласная «farmacÌa»,2,2,1,"Ответ: 2. В записи четко слышно ударение на последний слог, на букву «и»."
moss_v15,it_stress__scrivono,it_stress,it,plain,0.0,paolo,choice,Вариант 1: scrivòno — ударная гласная «scrivÒno» | Вариант 2: scrìvono — ударная гласная «scrÌvono»,2,2,1,"Ответ: 2. Ударение падает на первый слог, как и должно быть в этом слове."
kokoro,it_stress__tavolo,it_stress,it,plain,0.0,paolo,choice,Вариант 1: tàvolo — ударная гласная «tÀvolo» | Вариант 2: tavòlo — ударная гласная «tavÒlo»,1,1,1,"Ответ: 1. Я четко слышу, что ударным является первый слог «ta»."
piper,it_stress__telefonano,it_stress,it,ipa,0.227,paolo,choice,Вариант 1: telèfonano — ударная гласная «telÈfonano» | Вариант 2: telefònano — ударная гласная «telefÒnano»,1,2,0,"Ответ: 2. В аудио отчетливо слышно ударение на слог «fo», то есть «telefònano»."
moss_v10,it_stress__zucchero,it_stress,it,ipa_word,2.3,paolo,choice,Вариант 1: zucchèro — ударная гласная «zucchÈro» | Вариант 2: zùcchero — ударная гласная «zÙcchero»,2,0,0,"Ответ: 0. В записи прозвучало слово «zero», а не «zucchero», поэтому я не могу выбрать верный вариант."
magpie,it_stress__brindisi,it_stress,it,accent,0.0,paolo,choice,Вариант 1: brindìsi — ударная гласная «brindÌsi» | Вариант 2: brìndisi — ударная гласная «brÌndisi»,2,,,Ответ: Вариант 2. Я четко слышу ударение на первом слоге: brÌndisi.
qwen3_voice,it_stress__leggere,it_stress,it,plain,0.0,paolo,choice,"Вариант 1: lèggere — ударная гласная «lÈggere», «читать» | Вариант 2: leggère — ударная гласная «leggÈre», «лёгкие»",2,1,0,"Ответ: 1. В слове чётко слышно ударение на первую гласную, как в слове «lèggere»."
moss_v10,it_stress__capiscono,it_stress,it,accent,0.238,paolo,choice,Вариант 1: capiscòno — ударная гласная «capiscÒno» | Вариант 2: capìscono — ударная гласная «capÌscono»,2,2,1,"Ответ: 2, потому что ударение падает на гласную «и»."
piper,it_stress__desiderano,it_stress,it,ipa,0.0,paolo,choice,Вариант 1: desidèrano — ударная гласная «desidÈrano» | Вариант 2: desìderano — ударная гласная «desÌderano»,2,2,1,Ответ: 2. В этом синтезированным варианте чётко выделен голосом второй слог.
moss_v15,it_stress__brindisi,it_stress,it,plain,0.05,paolo,choice,Вариант 1: brìndisi — ударная гласная «brÌndisi» | Вариант 2: brindìsi — ударная гласная «brindÌsi»,1,1,1,"Ответ: 1. В слове «brindisi» отчетливо слышно, что ударный первый слог — «brìn»."
moss_v10,it_stress__scrivono,it_stress,it,plain,0.2,paolo,choice,Вариант 1: scrìvono — ударная гласная «scrÌvono» | Вариант 2: scrivòno — ударная гласная «scrivÒno»,1,1,1,"Ответ: 1. Ударение падает на первый слог, на гласную «и»."
kokoro,it_stress__telefonano,it_stress,it,accent,0.0,paolo,choice,Вариант 1: telèfonano — ударная гласная «telÈfonano» | Вариант 2: telefònano — ударная гласная «telefÒnano»,1,2,0,"Ответ: 2. Ударение падает на гласную «о» в слове «telefònano», как слышится в записи."
moss_v15,it_stress__leggere,it_stress,it,accent,0.842,paolo,choice,"Вариант 1: leggère — ударная гласная «leggÈre», «лёгкие» | Вариант 2: lèggere — ударная гласная «lÈggere», «читать»",1,0,0,"Ответ: ноль. В записи нет произнесённого слова, поэтому невозможно различить ударение."
qwen3_voice,it_stress__leggere,it_stress,it,accent,0.158,paolo,choice,"Вариант 1: lèggere — ударная гласная «lÈggere», «читать» | Вариант 2: leggère — ударная гласная «leggÈre», «лёгкие»",2,2,1,Ответ: 2. Ударение падает на второй слог: слышно отчетливое «leggÈre».
piper,it_stress__capiscono,it_stress,it,accent,0.0,paolo,choice,Вариант 1: capìscono — ударная гласная «capÌscono» | Вариант 2: capiscòno — ударная гласная «capiscÒno»,1,1,1,Ответ: 1. В слове «capiscono» отчетливо слышно ударную «и».
moss_v10,it_stress__leggere_2,it_stress,it,ipa_word,0.158,paolo,choice,"Вариант 1: leggère — ударная гласная «leggÈre», «лёгкие» | Вариант 2: lèggere — ударная гласная «lÈggere», «читать»",2,,,[ошибка: received 1007 (invalid frame payload data) Precondition check failed.; then sent 1007 (invalid frame payload data) Precondition check failed.]
moss_v15,it_stress__leggere,it_stress,it,plain,0.0,paolo,choice,"Вариант 1: leggère — ударная гласная «leggÈre», «лёгкие» | Вариант 2: lèggere — ударная гласная «lÈggere», «читать»",1,2,0,"Ответ: 2. Ударение падает на первый слог, как в слове «читать»."
piper,it_stress__farmacia,it_stress,it,plain,0.0,paolo,choice,Вариант 1: farmacìa — ударная гласная «farmacÌa» | Вариант 2: farmàcia — ударная гласная «farmÀcia»,1,1,1,"Ответ: 1
Ударение падает на последний слог, как и должно быть."
kokoro,it_stress__desiderano,it_stress,it,accent,0.0,paolo,choice,Вариант 1: desìderano — ударная гласная «desÌderano» | Вариант 2: desidèrano — ударная гласная «desidÈrano»,1,1,1,"Ответ: 1. В записи отчетливо слышно ударение на гласную «и», то есть desìderano."
moss_v10,it_stress__leggere_2,it_stress,it,plain,0.316,paolo,choice,"Вариант 1: leggère — ударная гласная «leggÈre», «лёгкие» | Вариант 2: lèggere — ударная гласная «lÈggere», «читать»",2,2,1,"Ответ: 2. Ударная гласная слышится в первом слоге, как в слове «читать»."
magpie,it_stress__capiscono,it_stress,it,accent,0.0,paolo,choice,Вариант 1: capiscòno — ударная гласная «capiscÒno» | Вариант 2: capìscono — ударная гласная «capÌscono»,2,2,1,"Ответ: 2. В слове отчетливо слышно ударение на предпоследний слог, на гласную «и»."
kokoro,it_stress__brindisi,it_stress,it,accent,0.0,paolo,choice,Вариант 1: brìndisi — ударная гласная «brÌndisi» | Вариант 2: brindìsi — ударная гласная «brindÌsi»,1,1,1,"Ответ: 1. В записи отчетливо слышно, что ударение падает на первый слог: «brìndisi»."
moss_v10,it_stress__psicologia,it_stress,it,plain,0.0,paolo,choice,Вариант 1: psicològia — ударная гласная «psicolÒgia» | Вариант 2: psicologìa — ударная гласная «psicologÌa»,2,,,[ошибка: received 1007 (invalid frame payload data) Precondition check failed.; then sent 1007 (invalid frame payload data) Precondition check failed.]
moss_v15,it_stress__tavolo,it_stress,it,plain,0.278,paolo,choice,Вариант 1: tavòlo — ударная гласная «tavÒlo» | Вариант 2: tàvolo — ударная гласная «tÀvolo»,2,2,1,"Ответ: 2. В слове чётко слышно ударение на первый слог, как и должно быть в итальянском."
qwen3_voice,it_stress__tavolo,it_stress,it,accent,0.0,paolo,choice,Вариант 1: tàvolo — ударная гласная «tÀvolo» | Вариант 2: tavòlo — ударная гласная «tavÒlo»,1,1,1,Ответ: 1. Я четко слышу ударение на первом слоге: «tÀvolo».
qwen3_voice,it_stress__farmacia,it_stress,it,accent,0.0,paolo,choice,Вариант 1: farmacìa — ударная гласная «farmacÌa» | Вариант 2: farmàcia — ударная гласная «farmÀcia»,1,1,1,"Ответ: 1. Ударение падает на последний слог, как это и должно быть в слове farmacia."
piper,it_stress__tavolo,it_stress,it,ipa,0.111,paolo,choice,Вариант 1: tavòlo — ударная гласная «tavÒlo» | Вариант 2: tàvolo — ударная гласная «tÀvolo»,2,,,[ошибка: received 1011 (internal error) Quota exceeded for quota metric 'API requests' and limit 'Request limit per minute for a region' of service 'generativelang; then sent 1011 (internal error) Quota exceeded for quota metric 'API requests' and limit 'Request limit per minute for a region' of service 'gen]
moss_v15,it_stress__piroscafo,it_stress,it,ipa_word,0.238,paolo,choice,Вариант 1: piroscàfo — ударная гласная «piroscÀfo» | Вариант 2: piròscafo — ударная гласная «pirÒscafo»,2,2,1,"Ответ: 2. В записи четко слышно ударение на второй слог, «piròscafo»."
piper,it_stress__zucchero,it_stress,it,ipa,0.0,paolo,choice,Вариант 1: zùcchero — ударная гласная «zÙcchero» | Вариант 2: zucchèro — ударная гласная «zucchÈro»,1,2,0,"Ответ: 2. В записи слышно ударение на второй слог, на гласную «е»."
kokoro,it_stress__piroscafo,it_stress,it,accent,0.0,paolo,choice,Вариант 1: piroscàfo — ударная гласная «piroscÀfo» | Вариант 2: piròscafo — ударная гласная «pirÒscafo»,2,2,1,"Ответ: 2. Ударение падает на второй слог, как в правильном итальянском произношении."
kokoro,it_stress__leggere,it_stress,it,plain,0.0,paolo,choice,"Вариант 1: lèggere — ударная гласная «lÈggere», «читать» | Вариант 2: leggère — ударная гласная «leggÈre», «лёгкие»",2,1,0,"Ответ: 1
Потому что ударение падает на первый слог, и гласная «e» звучит открыто."
moss_v15,it_stress__leggere,it_stress,it,ipa_word,0.263,paolo,choice,"Вариант 1: lèggere — ударная гласная «lÈggere», «читать» | Вариант 2: leggère — ударная гласная «leggÈre», «лёгкие»",2,1,0,Ответ: 1. Я четко слышу ударение на первом слоге: «lèggere».
kokoro,it_stress__capiscono,it_stress,it,accent,0.0,paolo,choice,Вариант 1: capiscòno — ударная гласная «capiscÒno» | Вариант 2: capìscono — ударная гласная «capÌscono»,2,2,1,Ответ: 2. В слове ясно слышно ударение на второй слог: `capìscono`.
moss_v10,it_stress__desiderano,it_stress,it,ipa_word,1.364,paolo,choice,Вариант 1: desìderano — ударная гласная «desÌderano» | Вариант 2: desidèrano — ударная гласная «desidÈrano»,1,0,0,"Ответ: ноль. К сожалению, я ничего не слышу, поэтому не могу определить, какое именно ударение в слове «desiderano»."
qwen3_voice,it_stress__scrivono,it_stress,it,plain,0.0,paolo,choice,Вариант 1: scrìvono — ударная гласная «scrÌvono» | Вариант 2: scrivòno — ударная гласная «scrivÒno»,1,1,1,"Ответ: 1. В слове чётко слышно ударение на первый слог ""scrìvono""."
qwen3_voice,it_stress__zucchero,it_stress,it,plain,0.0,paolo,choice,Вариант 1: zùcchero — ударная гласная «zÙcchero» | Вариант 2: zucchèro — ударная гласная «zucchÈro»,1,1,1,"Ответ: 1. В записи четко слышно, что ударение падает на первый слог: «zÙcchero»."
piper,it_stress__piroscafo,it_stress,it,plain,0.238,paolo,choice,Вариант 1: piroscàfo — ударная гласная «piroscÀfo» | Вариант 2: piròscafo — ударная гласная «pirÒscafo»,2,2,1,Ответ: 2. В этом слове слышится ударение на гласной «о» в середине слова.
kokoro,it_stress__piroscafo,it_stress,it,ipa,0.0,paolo,choice,Вариант 1: piròscafo — ударная гласная «pirÒscafo» | Вариант 2: piroscàfo — ударная гласная «piroscÀfo»,1,1,1,"Ответ: 1. Я четко слышу, что ударение падает на второй слог, как в слове ""piròscafo""."
moss_v15,it_stress__leggere_2,it_stress,it,accent,0.0,paolo,choice,"Вариант 1: leggère — ударная гласная «leggÈre», «лёгкие» | Вариант 2: lèggere — ударная гласная «lÈggere», «читать»",2,2,1,"Ответ: 2. Ударение падает на первый слог, как в слове «читать»."
magpie,it_stress__zucchero,it_stress,it,accent,0.0,paolo,choice,Вариант 1: zùcchero — ударная гласная «zÙcchero» | Вариант 2: zucchèro — ударная гласная «zucchÈro»,1,,,[ошибка: received 1007 (invalid frame payload data) Precondition check failed.; then sent 1007 (invalid frame payload data) Precondition check failed.]
piper,it_stress__tavolo,it_stress,it,plain,0.0,paolo,choice,Вариант 1: tàvolo — ударная гласная «tÀvolo» | Вариант 2: tavòlo — ударная гласная «tavÒlo»,1,1,1,"Ответ: 1. Ударение падает на первый слог, как и должно быть в слове «tavolo»."
moss_v10,it_stress__capiscono,it_stress,it,plain,0.238,paolo,choice,Вариант 1: capìscono — ударная гласная «capÌscono» | Вариант 2: capiscòno — ударная гласная «capiscÒno»,1,1,1,Ответ: 1. Я четко слышу ударение на гласной «и» — capìscono.
moss_v10,it_stress__piroscafo,it_stress,it,plain,0.095,paolo,choice,Вариант 1: piroscàfo — ударная гласная «piroscÀfo» | Вариант 2: piròscafo — ударная гласная «pirÒscafo»,2,2,1,"Ответ: 2. Ударение падает на второй слог, отчетливо слышно «ò»."
qwen3_voice,it_stress__capiscono,it_stress,it,accent,0.238,paolo,choice,Вариант 1: capiscòno — ударная гласная «capiscÒno» | Вариант 2: capìscono — ударная гласная «capÌscono»,2,2,1,"Ответ: 2. Ударение падает на вторую гласную, «и»."
kokoro,it_stress__farmacia,it_stress,it,plain,0.0,paolo,choice,Вариант 1: farmacìa — ударная гласная «farmacÌa» | Вариант 2: farmàcia — ударная гласная «farmÀcia»,1,1,1,"Ответ: 1. Ударение падает на последний слог, на букву «и»."
piper,it_stress__piroscafo,it_stress,it,accent,0.19,paolo,choice,Вариант 1: piroscàfo — ударная гласная «piroscÀfo» | Вариант 2: piròscafo — ударная гласная «pirÒscafo»,2,0,0,"Ответ: ноль. В записи произнесено слово «pirla», а не «piroscafo»."
moss_v15,it_stress__zucchero,it_stress,it,plain,0.0,paolo,choice,Вариант 1: zùcchero — ударная гласная «zÙcchero» | Вариант 2: zucchèro — ударная гласная «zucchÈro»,1,1,1,"Ответ: 1. Ударение падает на первый слог, как и должно быть в итальянском слове «zucchero»."
kokoro,it_stress__tavolo,it_stress,it,accent,0.0,paolo,choice,Вариант 1: tàvolo — ударная гласная «tÀvolo» | Вариант 2: tavòlo — ударная гласная «tavÒlo»,1,1,1,"Ответ: 1. Ударение падает на первый слог, как и должно быть в слове «tavolo»."
magpie,it_stress__scrivono,it_stress,it,accent,0.0,paolo,choice,Вариант 1: scrivòno — ударная гласная «scrivÒno» | Вариант 2: scrìvono — ударная гласная «scrÌvono»,2,2,1,Ответ: 2. Ударным слышится первый слог: «i» в слове «scrìvono».
moss_v15,it_stress__zucchero,it_stress,it,ipa_word,0.2,paolo,choice,Вариант 1: zùcchero — ударная гласная «zÙcchero» | Вариант 2: zucchèro — ударная гласная «zucchÈro»,1,1,1,"Ответ: 1. Ударение четко падает на первый слог, как и должно быть в слове «zucchero»."
qwen3_voice,it_stress__brindisi,it_stress,it,plain,0.0,paolo,choice,Вариант 1: brindìsi — ударная гласная «brindÌsi» | Вариант 2: brìndisi — ударная гласная «brÌndisi»,2,2,1,"Ответ: 2. Ударение падает на первый слог, как слышится в слове ""brÌndisi""."
magpie,it_stress__desiderano,it_stress,it,plain,0.0,paolo,choice,Вариант 1: desìderano — ударная гласная «desÌderano» | Вариант 2: desidèrano — ударная гласная «desidÈrano»,1,1,1,"Ответ: 1. Ударение падает на вторую гласную ""и"", как в слове desìderano."
moss_v10,it_stress__psicologia,it_stress,it,ipa_word,0.182,paolo,choice,Вариант 1: psicològia — ударная гласная «psicolÒgia» | Вариант 2: psicologìa — ударная гласная «psicologÌa»,2,2,1,"Ответ: 2. Ударение падает на последний слог, как в слове «psicologìa»."
qwen3_voice,it_stress__brindisi,it_stress,it,accent,0.0,paolo,choice,Вариант 1: brindìsi — ударная гласная «brindÌsi» | Вариант 2: brìndisi — ударная гласная «brÌndisi»,2,2,1,Ответ: 2. В слове чётко слышится ударение на первом слоге.
moss_v15,it_stress__psicologia,it_stress,it,accent,0.0,paolo,choice,Вариант 1: psicològia — ударная гласная «psicolÒgia» | Вариант 2: psicologìa — ударная гласная «psicologÌa»,2,2,1,"Ответ: 2. В записи четко слышно ударение на последний слог, на гласную «и»."
kokoro,it_stress__scrivono,it_stress,it,accent,0.0,paolo,choice,Вариант 1: scrivòno — ударная гласная «scrivÒno» | Вариант 2: scrìvono — ударная гласная «scrÌvono»,2,2,1,Ответ: 2. В слове «scrivono» отчетливо слышно ударение на первом слоге.
kokoro,it_stress__psicologia,it_stress,it,ipa,0.0,paolo,choice,Вариант 1: psicològia — ударная гласная «psicolÒgia» | Вариант 2: psicologìa — ударная гласная «psicologÌa»,2,2,1,"Ответ: 2. В записи четко слышно, что ударение падает на последний слог, на гласную ""и""."
magpie,it_stress__telefonano,it_stress,it,plain,0.0,paolo,choice,Вариант 1: telèfonano — ударная гласная «telÈfonano» | Вариант 2: telefònano — ударная гласная «telefÒnano»,1,2,0,"Ответ: 2. Ударение падает на гласную «о» в слоге «fo», что соответствует правильному итальянскому произношению."
moss_v15,it_stress__capiscono,it_stress,it,plain,0.238,paolo,choice,Вариант 1: capiscòno — ударная гласная «capiscÒno» | Вариант 2: capìscono — ударная гласная «capÌscono»,2,2,1,"Ответ: 2. Ударение падает на гласную ""и"", что соответствует правильному произношению этого слова."
qwen3_voice,it_stress__telefonano,it_stress,it,accent,0.0,paolo,choice,Вариант 1: telefònano — ударная гласная «telefÒnano» | Вариант 2: telèfonano — ударная гласная «telÈfonano»,2,,,[ошибка: received 1007 (invalid frame payload data) Precondition check failed.; then sent 1007 (invalid frame payload data) Precondition check failed.]
moss_v10,it_stress__zucchero,it_stress,it,accent,0.0,paolo,choice,Вариант 1: zùcchero — ударная гласная «zÙcchero» | Вариант 2: zucchèro — ударная гласная «zucchÈro»,1,1,1,Ответ: 1. В записи чётко слышно ударение на первый слог: zÙcchero.
moss_v10,it_stress__leggere,it_stress,it,plain,0.684,paolo,choice,"Вариант 1: leggère — ударная гласная «leggÈre», «лёгкие» | Вариант 2: lèggere — ударная гласная «lÈggere», «читать»",1,2,0,"Ответ: 2. Ударение в слове падает на первый слог, как в слове «читать»."
piper,it_stress__leggere,it_stress,it,accent,0.0,paolo,choice,"Вариант 1: leggère — ударная гласная «leggÈre», «лёгкие» | Вариант 2: lèggere — ударная гласная «lÈggere», «читать»",1,2,0,"Ответ: 2. В записи чётко слышно, что ударный первый слог — «лЕггере» (читать)."
magpie,it_stress__leggere,it_stress,it,plain,0.0,paolo,choice,"Вариант 1: lèggere — ударная гласная «lÈggere», «читать» | Вариант 2: leggère — ударная гласная «leggÈre», «лёгкие»",2,1,0,"Ответ: 1, ударение падает на первый слог в слове «leggere»."
piper,it_stress__farmacia,it_stress,it,accent,0.0,paolo,choice,Вариант 1: farmacìa — ударная гласная «farmacÌa» | Вариант 2: farmàcia — ударная гласная «farmÀcia»,1,1,1,"Ответ: 1. Ударение падает на последний слог, на гласную «и»."
magpie,it_stress__zucchero,it_stress,it,plain,0.0,paolo,choice,Вариант 1: zùcchero — ударная гласная «zÙcchero» | Вариант 2: zucchèro — ударная гласная «zucchÈro»,1,,,[ошибка: received 1011 (internal error) Quota exceeded for quota metric 'API requests' and limit 'Request limit per minute for a region' of service 'generativelang; then sent 1011 (internal error) Quota exceeded for quota metric 'API requests' and limit 'Request limit per minute for a region' of service 'gen]
moss_v15,it_stress__capiscono,it_stress,it,accent,0.0,paolo,choice,Вариант 1: capìscono — ударная гласная «capÌscono» | Вариант 2: capiscòno — ударная гласная «capiscÒno»,1,1,1,"Ответ: 1. Я четко слышу, что ударение падает на гласную «и», как в слове «capìscono»."
moss_v10,it_stress__scrivono,it_stress,it,accent,0.0,paolo,choice,Вариант 1: scrivòno — ударная гласная «scrivÒno» | Вариант 2: scrìvono — ударная гласная «scrÌvono»,2,2,1,"Ответ: 2. Ударение падает на первый слог, как и должно быть в слове «scrivono»."
moss_v15,it_stress__desiderano,it_stress,it,accent,0.227,paolo,choice,Вариант 1: desìderano — ударная гласная «desÌderano» | Вариант 2: desidèrano — ударная гласная «desidÈrano»,1,1,1,"Ответ: 1. В записи отчетливо слышно, что ударный слог — второй, на гласную «и»."
moss_v15,it_stress__brindisi,it_stress,it,accent,0.0,paolo,choice,Вариант 1: brìndisi — ударная гласная «brÌndisi» | Вариант 2: brindìsi — ударная гласная «brindÌsi»,1,1,1,"Ответ: 1. Ударениеパдает на первый слог, как и должно быть в этом итальянском слове."
moss_v15,it_stress__piroscafo,it_stress,it,accent,0.048,paolo,choice,Вариант 1: piròscafo — ударная гласная «pirÒscafo» | Вариант 2: piroscàfo — ударная гласная «piroscÀfo»,1,1,1,Ответ: 1. В записи отчетливо слышно ударение на второй слог: «пирОскафо».
moss_v15,it_stress__capiscono,it_stress,it,ipa_word,0.238,paolo,choice,Вариант 1: capìscono — ударная гласная «capÌscono» | Вариант 2: capiscòno — ударная гласная «capiscÒno»,1,1,1,Ответ: 1. Ударение падает на гласную «и».
piper,it_stress__zucchero,it_stress,it,plain,0.0,paolo,choice,Вариант 1: zucchèro — ударная гласная «zucchÈro» | Вариант 2: zùcchero — ударная гласная «zÙcchero»,2,2,1,"Ответ: 2. Ударение падает на первый слог «u», как и должно быть в этом слове."
kokoro,it_stress__tavolo,it_stress,it,ipa,0.0,paolo,choice,Вариант 1: tàvolo — ударная гласная «tÀvolo» | Вариант 2: tavòlo — ударная гласная «tavÒlo»,1,1,1,"Ответ: 1. Я четко слышу ударение на первом слоге, как и должно быть в слове «tavolo»."
piper,it_stress__piroscafo,it_stress,it,ipa,0.0,paolo,choice,Вариант 1: piròscafo — ударная гласная «pirÒscafo» | Вариант 2: piroscàfo — ударная гласная «piroscÀfo»,1,1,1,Ответ: 1. Ударение падает на гласную «о» в первом слоге.
qwen3_voice,it_stress__leggere_2,it_stress,it,plain,0.0,paolo,choice,"Вариант 1: leggère — ударная гласная «leggÈre», «лёгкие» | Вариант 2: lèggere — ударная гласная «lÈggere», «читать»",2,2,1,Ответ: 2. Потому что отчетливо слышно ударение на первом слоге «le».
moss_v10,it_stress__piroscafo,it_stress,it,ipa_word,0.095,paolo,choice,Вариант 1: piroscàfo — ударная гласная «piroscÀfo» | Вариант 2: piròscafo — ударная гласная «pirÒscafo»,2,2,1,"Ответ: 2. Ударным звучит второй слог, где отчетливо слышна гласная «о»."
qwen3_voice,it_stress__tavolo,it_stress,it,plain,0.0,paolo,choice,Вариант 1: tavòlo — ударная гласная «tavÒlo» | Вариант 2: tàvolo — ударная гласная «tÀvolo»,2,2,1,Ответ: 2. В записи отчетливо слышно ударение на первый слог: тАволо.
kokoro,it_stress__piroscafo,it_stress,it,plain,0.0,paolo,choice,Вариант 1: piròscafo — ударная гласная «pirÒscafo» | Вариант 2: piroscàfo — ударная гласная «piroscÀfo»,1,1,1,"Ответ: 1. Ударение падает на второй слог, что слышится как ""piròscafo""."
moss_v15,it_stress__tavolo,it_stress,it,ipa_word,0.278,paolo,choice,Вариант 1: tavòlo — ударная гласная «tavÒlo» | Вариант 2: tàvolo — ударная гласная «tÀvolo»,2,2,1,"Ответ: 2. Ударение падает на первый слог, как и должно быть в слове *tavolo*."
moss_v15,it_stress__farmacia,it_stress,it,plain,0.0,paolo,choice,Вариант 1: farmàcia — ударная гласная «farmÀcia» | Вариант 2: farmacìa — ударная гласная «farmacÌa»,2,2,1,"Ответ: 2. В слове «farmacia» ударение падает на последний слог, на букву «i»."
piper,it_stress__leggere,it_stress,it,ipa,0.0,paolo,choice,"Вариант 1: lèggere — ударная гласная «lÈggere», «читать» | Вариант 2: leggère — ударная гласная «leggÈre», «лёгкие»",2,,,[ошибка: received 1011 (internal error) Quota exceeded for quota metric 'API requests' and limit 'Request limit per minute for a region' of service 'generativelang; then sent 1011 (internal error) Quota exceeded for quota metric 'API requests' and limit 'Request limit per minute for a region' of service 'gen]
qwen3_voice,it_stress__desiderano,it_stress,it,accent,0.0,paolo,choice,Вариант 1: desidèrano — ударная гласная «desidÈrano» | Вариант 2: desìderano — ударная гласная «desÌderano»,2,2,1,Ответ: 2. Ударение падает на вторую гласную «и».
moss_v10,it_stress__piroscafo,it_stress,it,accent,0.238,paolo,choice,Вариант 1: piròscafo — ударная гласная «pirÒscafo» | Вариант 2: piroscàfo — ударная гласная «piroscÀfo»,1,,,[ошибка: received 1007 (invalid frame payload data) Precondition check failed.; then sent 1007 (invalid frame payload data) Precondition check failed.]
moss_v10,it_stress__scrivono,it_stress,it,ipa_word,0.0,paolo,choice,Вариант 1: scrivòno — ударная гласная «scrivÒno» | Вариант 2: scrìvono — ударная гласная «scrÌvono»,2,1,0,"Ответ: 1. В синтезированной речи ударение падает на второй слог, на гласную «о»."
qwen3_voice,it_stress__psicologia,it_stress,it,accent,0.0,paolo,choice,Вариант 1: psicologìa — ударная гласная «psicologÌa» | Вариант 2: psicològia — ударная гласная «psicolÒgia»,1,1,1,"Ответ: 1. Ударение падает на последний слог, на гласную «и»."
kokoro,it_stress__scrivono,it_stress,it,plain,0.0,paolo,choice,Вариант 1: scrivòno — ударная гласная «scrivÒno» | Вариант 2: scrìvono — ударная гласная «scrÌvono»,2,2,1,Ответ: 2. В слове чётко слышно ударение на первом слоге: «scrìvono».
kokoro,it_stress__farmacia,it_stress,it,ipa,0.0,paolo,choice,Вариант 1: farmàcia — ударная гласная «farmÀcia» | Вариант 2: farmacìa — ударная гласная «farmacÌa»,2,2,1,"Ответ: 2. Ударение падает на последний слог, на букву «и»."
moss_v10,it_stress__tavolo,it_stress,it,ipa_word,0.167,paolo,choice,Вариант 1: tàvolo — ударная гласная «tÀvolo» | Вариант 2: tavòlo — ударная гласная «tavÒlo»,1,2,0,"Ответ: 2. Ударение падает на второй слог, поэтому слышится «tavÒlo»."
piper,it_stress__scrivono,it_stress,it,accent,0.25,paolo,choice,Вариант 1: scrivòno — ударная гласная «scrivÒno» | Вариант 2: scrìvono — ударная гласная «scrÌvono»,2,2,1,"Ответ: 2. В слове «scrivono» ударение слышится на первом слоге, как и положено в итальянском языке."
kokoro,it_stress__capiscono,it_stress,it,ipa,0.0,paolo,choice,Вариант 1: capiscòno — ударная гласная «capiscÒno» | Вариант 2: capìscono — ударная гласная «capÌscono»,2,2,1,"Ответ: 2. В слове чётко слышно, что ударение падает на гласную «и»."
moss_v15,it_stress__telefonano,it_stress,it,ipa_word,0.727,paolo,choice,Вариант 1: telefònano — ударная гласная «telefÒnano» | Вариант 2: telèfonano — ударная гласная «telÈfonano»,2,2,1,"Ответ: 2. Я четко слышу ударение на первом слоге после ""te""."
kokoro,it_stress__desiderano,it_stress,it,ipa,0.0,paolo,choice,Вариант 1: desidèrano — ударная гласная «desidÈrano» | Вариант 2: desìderano — ударная гласная «desÌderano»,2,2,1,"Ответ: 2. Ударным слышится слог ""де-си-де-ра-но"", а именно гласная ""и"" в третьем слоге от конца."
moss_v10,it_stress__desiderano,it_stress,it,accent,0.136,paolo,choice,Вариант 1: desidèrano — ударная гласная «desidÈrano» | Вариант 2: desìderano — ударная гласная «desÌderano»,2,2,1,"Ответ: 2. Ударение падает на второй слог, на букву «и», как в Варианте 2."
moss_v10,it_stress__farmacia,it_stress,it,ipa_word,0.1,paolo,choice,Вариант 1: farmàcia — ударная гласная «farmÀcia» | Вариант 2: farmacìa — ударная гласная «farmacÌa»,2,2,1,"Ответ: 2. Я четко слышу ударение на последнем слоге, как и должно быть."
magpie,it_stress__leggere,it_stress,it,accent,0.053,paolo,choice,"Вариант 1: lèggere — ударная гласная «lÈggere», «читать» | Вариант 2: leggère — ударная гласная «leggÈre», «лёгкие»",2,2,1,"Ответ: 2. Ударение падает на вторую гласную «е», как в слове «leggère»."
kokoro,it_stress__capiscono,it_stress,it,plain,0.0,paolo,choice,Вариант 1: capìscono — ударная гласная «capÌscono» | Вариант 2: capiscòno — ударная гласная «capiscÒno»,1,1,1,"Ответ: 1. Ударение падает на гласную ""и"", как и должно быть в этом слове."
moss_v10,it_stress__psicologia,it_stress,it,accent,0.045,paolo,choice,Вариант 1: psicologìa — ударная гласная «psicologÌa» | Вариант 2: psicològia — ударная гласная «psicolÒgia»,1,1,1,Ответ: 1. В записи четко слышно ударение на последнем слоге перед гласной «а».
magpie,it_stress__desiderano,it_stress,it,accent,0.0,paolo,choice,Вариант 1: desìderano — ударная гласная «desÌderano» | Вариант 2: desidèrano — ударная гласная «desidÈrano»,1,1,1,"Ответ: 1. Ударение падает на гласную «и», как и должно быть в этом слове."
piper,it_stress__farmacia,it_stress,it,ipa,0.0,paolo,choice,Вариант 1: farmacìa — ударная гласная «farmacÌa» | Вариант 2: farmàcia — ударная гласная «farmÀcia»,1,1,1,"Ответ: 1. Ударение падает на последнюю гласную, как в правильном итальянском слове ""farmacìa""."
moss_v15,it_context__principi_princes,it_context,it,plain,0.0,paolo,choice,"Вариант 1: princìpi — ударная гласная «princÌpi», «принципы» | Вариант 2: prìncipi — ударная гласная «prÌncipi», «принцы»",2,2,1,Ответ: 2. Ударение падает на первый слог.
qwen3_voice,it_context__principi_princes,it_context,it,plain,0.0,paolo,choice,"Вариант 1: prìncipi — ударная гласная «prÌncipi», «принцы» | Вариант 2: princìpi — ударная гласная «princÌpi», «принципы»",1,1,1,"Ответ: 1. Я слышу, что ударение падает на первый слог, как в слове «prìncipi» (princes)."
kokoro,it_context__principi_principles,it_context,it,ipa,0.0,paolo,choice,"Вариант 1: princìpi — ударная гласная «princÌpi», «принципы» | Вариант 2: prìncipi — ударная гласная «prÌncipi», «принцы»",1,1,1,"Ответ: 1. Ударение падает на второй слог, так как отчетливо слышится 'princìpi'."
moss_v15,it_context__principi_principles,it_context,it,accent,0.0,paolo,choice,"Вариант 1: prìncipi — ударная гласная «prÌncipi», «принцы» | Вариант 2: princìpi — ударная гласная «princÌpi», «принципы»",2,2,1,"Ответ: 2. Ударение падает на второй слог, что соответствует значению «принципы»."
kokoro,it_context__principi_principles,it_context,it,accent,0.0,paolo,choice,"Вариант 1: princìpi — ударная гласная «princÌpi», «принципы» | Вариант 2: prìncipi — ударная гласная «prÌncipi», «принцы»",1,2,0,"Ответ: 2. Ударение падает на первый слог, как в слове ""prìncipi"" (принцы)."
qwen3_voice,it_context__subito_suffered,it_context,it,accent,0.0,paolo,choice,"Вариант 1: subìto — ударная гласная «subÌto», «пострадал от» | Вариант 2: sùbito — ударная гласная «sÙbito», «сразу»",1,1,1,Ответ: 1. На слух чётко слышно ударение на «би»).
moss_v10,it_context__principi_principles,it_context,it,ipa_word,0.27,paolo,choice,"Вариант 1: princìpi — ударная гласная «princÌpi», «принципы» | Вариант 2: prìncipi — ударная гласная «prÌncipi», «принцы»",1,2,0,Ответ: 2. Ударение падает на первый слог: [prìncipi].
magpie,it_context__capitano_happen,it_context,it,accent,0.0,paolo,choice,"Вариант 1: capitàno — ударная гласная «capitÀno», «капитан» | Вариант 2: càpitano — ударная гласная «cÀpitano», «случаются»",2,2,1,"Ответ: 2. Ударение падает на первый слог, как в слове ""cÀpitano""."
magpie,it_context__principi_principles,it_context,it,plain,0.0,paolo,choice,"Вариант 1: princìpi — ударная гласная «princÌpi», «принципы» | Вариант 2: prìncipi — ударная гласная «prÌncipi», «принцы»",1,1,1,"Ответ: 1. Ударение отчетливо слышно на втором слоге, как в слове «принципы»."
moss_v15,it_context__subito_soon,it_context,it,accent,0.0,paolo,choice,"Вариант 1: sùbito — ударная гласная «sÙbito», «сразу» | Вариант 2: subìto — ударная гласная «subÌto», «пострадал от»",1,1,1,Ответ: 1. В слове четко слышно ударение на первый слог: sùbito.
piper,it_context__principi_princes,it_context,it,ipa,0.043,paolo,choice,"Вариант 1: princìpi — ударная гласная «princÌpi», «принципы» | Вариант 2: prìncipi — ударная гласная «prÌncipi», «принцы»",2,2,1,Ответ: 2. В записи четко слышно ударение на первый слог: «prÌncipi» (принцы).
piper,it_context__subito_soon,it_context,it,accent,0.0,paolo,choice,"Вариант 1: subìto — ударная гласная «subÌto», «пострадал от» | Вариант 2: sùbito — ударная гласная «sÙbito», «сразу»",2,2,1,Ответ: 2. В слове «subito» отчетливо слышно ударение на первом слоге.
moss_v15,it_context__principi_princes,it_context,it,accent,0.0,paolo,choice,"Вариант 1: princìpi — ударная гласная «princÌpi», «принципы» | Вариант 2: prìncipi — ударная гласная «prÌncipi», «принцы»",2,,,[ошибка: received 1007 (invalid frame payload data) Precondition check failed.; then sent 1007 (invalid frame payload data) Precondition check failed.]
qwen3_clone,it_context__capitano_captain,it_context,it,accent,0.0,paolo,choice,"Вариант 1: capitàno — ударная гласная «capitÀno», «капитан» | Вариант 2: càpitano — ударная гласная «cÀpitano», «случаются»",1,1,1,Ответ: 1. В записи четко слышно ударение на предпоследнем слоге — «capitÀno».
piper,it_context__capitano_captain,it_context,it,accent,0.0,paolo,choice,"Вариант 1: càpitano — ударная гласная «cÀpitano», «случаются» | Вариант 2: capitàno — ударная гласная «capitÀno», «капитан»",2,2,1,"Ответ: 2
Ударение падает на предпоследний слог, как в слове «капитан»."
moss_v15,it_context__ancora_ancora2,it_context,it,accent,0.0,paolo,choice,"Вариант 1: ancóra — ударная гласная «ancÓra», «ещё» | Вариант 2: àncora — ударная гласная «Àncora», «якорь»",2,2,1,Ответ: 2. Ударение падает на первый слог.
piper,it_context__capitano_happen,it_context,it,plain,0.0,paolo,choice,"Вариант 1: càpitano — ударная гласная «cÀpitano», «случаются» | Вариант 2: capitàno — ударная гласная «capitÀno», «капитан»",1,1,1,"Ответ: 1
Ясно слышу ударение на первом слоге: càpitano."
qwen3_clone,it_context__ancora_ancora2,it_context,it,plain,0.0,paolo,choice,"Вариант 1: àncora — ударная гласная «Àncora», «якорь» | Вариант 2: ancóra — ударная гласная «ancÓra», «ещё»",1,1,1,"Ответ: 1. Я слышу ударение на первый слог, как в слове ""àncora"" — ""якорь""."
kokoro,it_context__ancora_ancora2,it_context,it,ipa,0.0,paolo,choice,"Вариант 1: àncora — ударная гласная «Àncora», «якорь» | Вариант 2: ancóra — ударная гласная «ancÓra», «ещё»",1,1,1,Ответ: 1. Потому что я четко слышу ударение на первом слоге: «àncora».
piper,it_stress__psicologia,it_stress,it,plain,0.0,paolo,choice,Вариант 1: psicològia — ударная гласная «psicolÒgia» | Вариант 2: psicologìa — ударная гласная «psicologÌa»,2,,,[ошибка: received 1011 (internal error) Quota exceeded for quota metric 'API requests' and limit 'Request limit per minute for a region' of service 'generativelang; then sent 1011 (internal error) Quota exceeded for quota metric 'API requests' and limit 'Request limit per minute for a region' of service 'gen]
moss_v10,it_context__ancora_ancora,it_context,it,plain,0.0,paolo,choice,"Вариант 1: àncora — ударная гласная «Àncora», «якорь» | Вариант 2: ancóra — ударная гласная «ancÓra», «ещё»",2,2,1,"Ответ: 2. Четко слышно, что ударение падает на второй слог: ancÓra."
moss_v10,it_context__subito_suffered,it_context,it,plain,0.0,paolo,choice,"Вариант 1: subìto — ударная гласная «subÌto», «пострадал от» | Вариант 2: sùbito — ударная гласная «sÙbito», «сразу»",1,1,1,Ответ: 1. Я четко слышу ударение на гласную «и».
qwen3_clone,it_context__principi_princes,it_context,it,plain,0.0,paolo,choice,"Вариант 1: princìpi — ударная гласная «princÌpi», «принципы» | Вариант 2: prìncipi — ударная гласная «prÌncipi», «принцы»",2,2,1,"Ответ: 2. Ударение падает на первый слог, как в слове «принцы»."
piper,it_context__ancora_ancora2,it_context,it,ipa,0.0,paolo,choice,"Вариант 1: àncora — ударная гласная «Àncora», «якорь» | Вариант 2: ancóra — ударная гласная «ancÓra», «ещё»",1,1,1,Ответ: 1. В записи чётко слышно ударение на первый слог: «àncora».
magpie,it_context__ancora_ancora,it_context,it,accent,0.0,paolo,choice,"Вариант 1: ancóra — ударная гласная «ancÓra», «ещё» | Вариант 2: àncora — ударная гласная «Àncora», «якорь»",1,1,1,Ответ: 1. В слове чётко слышно ударение на гласную «о» в последнем слоге: ancÓra.
qwen3_clone,it_context__principi_principles,it_context,it,accent,0.0,paolo,choice,"Вариант 1: princìpi — ударная гласная «princÌpi», «принципы» | Вариант 2: prìncipi — ударная гласная «prÌncipi», «принцы»",1,1,1,"Ответ: 1. Ударение падает на второй слог, что соответствует значению «принципы»."
moss_v15,it_context__capitano_happen,it_context,it,ipa_word,0.0,paolo,choice,"Вариант 1: capitàno — ударная гласная «capitÀno», «капитан» | Вариант 2: càpitano — ударная гласная «cÀpitano», «случаются»",2,2,1,Ответ: 2. Ударение падает на первый слог: «cÀpitano».
moss_v15,it_context__principi_principles,it_context,it,ipa_word,0.0,paolo,choice,"Вариант 1: princìpi — ударная гласная «princÌpi», «принципы» | Вариант 2: prìncipi — ударная гласная «prÌncipi», «принцы»",1,2,0,"Ответ: 2. Ударение падает на первый слог, как в слове «prìncipi» — «принцы»."
piper,it_context__capitano_happen,it_context,it,accent,0.0,paolo,choice,"Вариант 1: capitàno — ударная гласная «capitÀno», «капитан» | Вариант 2: càpitano — ударная гласная «cÀpitano», «случаются»",2,2,1,"Ответ: 2. Ударный первый слог, как в слове «случаются»."
magpie,it_context__subito_soon,it_context,it,accent,0.0,paolo,choice,"Вариант 1: subìto — ударная гласная «subÌto», «пострадал от» | Вариант 2: sùbito — ударная гласная «sÙbito», «сразу»",2,2,1,"Ответ: 2. Ударение падает на первый слог, как и должно быть в слове «сразу»."
magpie,it_context__subito_suffered,it_context,it,accent,0.0,paolo,choice,"Вариант 1: sùbito — ударная гласная «sÙbito», «сразу» | Вариант 2: subìto — ударная гласная «subÌto», «пострадал от»",2,2,1,"Ответ: 2. В слове чётко слышно ударение на второй слог, как в слове subìto (пострадал-)."
qwen3_clone,it_context__principi_princes,it_context,it,accent,0.0,paolo,choice,"Вариант 1: princìpi — ударная гласная «princÌpi», «принципы» | Вариант 2: prìncipi — ударная гласная «prÌncipi», «принцы»",2,2,1,Ответ: 2. В слове слышится ударение на первом слоге: prìncipi.
qwen3_voice,it_context__ancora_ancora2,it_context,it,accent,0.0,paolo,choice,"Вариант 1: àncora — ударная гласная «Àncora», «якорь» | Вариант 2: ancóra — ударная гласная «ancÓra», «ещё»",1,,,[ошибка: received 1007 (invalid frame payload data) Precondition check failed.; then sent 1007 (invalid frame payload data) Precondition check failed.]
piper,it_context__ancora_ancora2,it_context,it,plain,0.032,paolo,choice,"Вариант 1: ancóra — ударная гласная «ancÓra», «ещё» | Вариант 2: àncora — ударная гласная «Àncora», «якорь»",2,2,1,"Ответ: 2. Ударение падает на первый слог, как в слове «якорь»."
moss_v15,it_context__principi_princes,it_context,it,ipa_word,0.0,paolo,choice,"Вариант 1: prìncipi — ударная гласная «prÌncipi», «принцы» | Вариант 2: princìpi — ударная гласная «princÌpi», «принципы»",1,1,1,"Ответ: 1. Ударение падает на первый слог, как в слове «prìncipi»."
qwen3_voice,it_context__principi_principles,it_context,it,accent,0.0,paolo,choice,"Вариант 1: princìpi — ударная гласная «princÌpi», «принципы» | Вариант 2: prìncipi — ударная гласная «prÌncipi», «принцы»",1,1,1,"Ответ: 1. Ударение слышно на второй гласной «i», как в слове «принципы»."
piper,it_context__ancora_ancora,it_context,it,accent,0.0,paolo,choice,"Вариант 1: ancóra — ударная гласная «ancÓra», «ещё» | Вариант 2: àncora — ударная гласная «Àncora», «якорь»",1,1,1,"Ответ: 1. Ударение падает на гласную «о», то есть «ancóra»."
moss_v10,it_context__ancora_ancora2,it_context,it,plain,0.129,paolo,choice,"Вариант 1: ancóra — ударная гласная «ancÓra», «ещё» | Вариант 2: àncora — ударная гласная «Àncora», «якорь»",2,2,1,"Ответ: 2. Ударение падает на первый слог, как в слове «якорь»."
moss_v15,it_context__ancora_ancora,it_context,it,ipa_word,0.0,paolo,choice,"Вариант 1: ancóra — ударная гласная «ancÓra», «ещё» | Вариант 2: àncora — ударная гласная «Àncora», «якорь»",1,1,1,"Ответ: 1. Я слышу, что ударение падает на звук «о»: «ancóra»."
magpie,it_context__capitano_captain,it_context,it,plain,0.0,paolo,choice,"Вариант 1: capitàno — ударная гласная «capitÀno», «капитан» | Вариант 2: càpitano — ударная гласная «cÀpitano», «случаются»",1,1,1,"Ответ: 1. Ударение падает на третий слог, слышно «capitÀno»."
kokoro,it_context__subito_soon,it_context,it,ipa,0.0,paolo,choice,"Вариант 1: sùbito — ударная гласная «sÙbito», «сразу» | Вариант 2: subìto — ударная гласная «subÌto», «пострадал от»",1,1,1,"Ответ: 1. В слове «subito» ударение падает на первый слог, как того требуют правила итальянского языка."
piper,it_context__subito_soon,it_context,it,plain,0.0,paolo,choice,"Вариант 1: sùbito — ударная гласная «sÙbito», «сразу» | Вариант 2: subìto — ударная гласная «subÌto», «пострадал от»",1,1,1,Ответ: 1. В слове отчетливо слышно ударение на первый слог.
moss_v15,it_context__capitano_happen,it_context,it,plain,0.0,paolo,choice,"Вариант 1: càpitano — ударная гласная «cÀpitano», «случаются» | Вариант 2: capitàno — ударная гласная «capitÀno», «капитан»",1,,,[ошибка: received 1011 (internal error) Quota exceeded for quota metric 'API requests' and limit 'Request limit per minute for a region' of service 'generativelang; then sent 1011 (internal error) Quota exceeded for quota metric 'API requests' and limit 'Request limit per minute for a region' of service 'gen]
piper,it_context__capitano_captain,it_context,it,ipa,0.0,paolo,choice,"Вариант 1: capitàno — ударная гласная «capitÀno», «капитан» | Вариант 2: càpitano — ударная гласная «cÀpitano», «случаются»",1,1,1,"Ответ: 1. Я слышу ударный звук «а» в слоге «та», как в слове «капитан»."
moss_v15,it_context__ancora_ancora2,it_context,it,plain,0.097,paolo,choice,"Вариант 1: ancóra — ударная гласная «ancÓra», «ещё» | Вариант 2: àncora — ударная гласная «Àncora», «якорь»",2,2,1,"Ответ: 2. Ударение падает на первый слог, потому что по смыслу речь идёт об «якоре»."
moss_v10,it_context__capitano_happen,it_context,it,plain,0.0,paolo,choice,"Вариант 1: càpitano — ударная гласная «cÀpitano», «случаются» | Вариант 2: capitàno — ударная гласная «capitÀno», «капитан»",1,1,1,"Ответ: 1. Ударение падает на первый слог, как в слове «càpitano»."
piper,it_context__principi_principles,it_context,it,accent,0.0,paolo,choice,"Вариант 1: princìpi — ударная гласная «princÌpi», «принципы» | Вариант 2: prìncipi — ударная гласная «prÌncipi», «принцы»",1,2,0,"Ответ: 2. Ударный слог первый, так как отчетливо слышно ударение на гласную «и» в «prin»."
piper,it_context__ancora_ancora,it_context,it,plain,0.0,paolo,choice,"Вариант 1: àncora — ударная гласная «Àncora», «якорь» | Вариант 2: ancóra — ударная гласная «ancÓra», «ещё»",2,2,1,"Ответ: 2. Ударение падает на второй слог, как в слове «ancóra», что означает «ещё»."
piper,it_context__principi_principles,it_context,it,plain,0.0,paolo,choice,"Вариант 1: prìncipi — ударная гласная «prÌncipi», «принцы» | Вариант 2: princìpi — ударная гласная «princÌpi», «принципы»",2,1,0,"Ответ: 1. Я слышу, что ударение падает на первый слог, как в слове «prìncipi»."
qwen3_voice,it_context__principi_principles,it_context,it,plain,0.0,paolo,choice,"Вариант 1: princìpi — ударная гласная «princÌpi», «принципы» | Вариант 2: prìncipi — ударная гласная «prÌncipi», «принцы»",1,1,1,"Ответ: 1. Ударение падает на вторую гласную «и», как слышно в слове «princìpi»."
qwen3_voice,it_context__ancora_ancora2,it_context,it,plain,1.387,paolo,choice,"Вариант 1: ancóra — ударная гласная «ancÓra», «ещё» | Вариант 2: àncora — ударная гласная «Àncora», «якорь»",2,2,1,"Ответ: 2. Ударение падает на первый слог, так как речь идет об « якоре»."
piper,it_context__principi_princes,it_context,it,plain,0.0,paolo,choice,"Вариант 1: prìncipi — ударная гласная «prÌncipi», «принцы» | Вариант 2: princìpi — ударная гласная «princÌpi», «принципы»",1,1,1,Ответ: 1. Потому что ударение падает на первый слог: prìncipi.
piper,it_context__principi_princes,it_context,it,accent,0.0,paolo,choice,"Вариант 1: prìncipi — ударная гласная «prÌncipi», «принцы» | Вариант 2: princìpi — ударная гласная «princÌpi», «принципы»",1,1,1,Ответ: 1. В записи ударение падает на первый слог.
kokoro,it_context__ancora_ancora,it_context,it,plain,0.0,paolo,choice,"Вариант 1: ancóra — ударная гласная «ancÓra», «ещё» | Вариант 2: àncora — ударная гласная «Àncora», «якорь»",1,1,1,"Ответ: 1. Ударение падает на гласную «о», как в слове «ancora» в значении «ещё»."
moss_v10,it_context__subito_soon,it_context,it,accent,0.0,paolo,choice,"Вариант 1: sùbito — ударная гласная «sÙbito», «сразу» | Вариант 2: subìto — ударная гласная «subÌto», «пострадал от»",1,1,1,Ответ: 1. В записи отчетливо слышно ударение на первый слог «u».
qwen3_clone,it_context__ancora_ancora2,it_context,it,accent,0.0,paolo,choice,"Вариант 1: àncora — ударная гласная «Àncora», «якорь» | Вариант 2: ancóra — ударная гласная «ancÓra», «ещё»",1,1,1,"Ответ: 1. В записи чётко слышно ударение на первый слог в слове «àncora», что означает «якорь»."
kokoro,it_context__subito_soon,it_context,it,plain,0.0,paolo,choice,"Вариант 1: subìto — ударная гласная «subÌto», «пострадал от» | Вариант 2: sùbito — ударная гласная «sÙbito», «сразу»",2,2,1,"Ответ: 2. В слове чётко слышно ударение на первый слог, как и должно быть в слове ""sùbito""."
magpie,it_context__subito_suffered,it_context,it,plain,0.0,paolo,choice,"Вариант 1: subìto — ударная гласная «subÌto», «пострадал от» | Вариант 2: sùbito — ударная гласная «sÙbito», «сразу»",1,1,1,"Ответ: 1. Ударение падает на второй слог, как в слове «subìto», то есть «пострадал от»."
qwen3_clone,it_context__subito_suffered,it_context,it,accent,0.0,paolo,choice,"Вариант 1: subìto — ударная гласная «subÌto», «пострадал от» | Вариант 2: sùbito — ударная гласная «sÙbito», «сразу»",1,1,1,"Ответ: 1. Я четко слышу ударение на втором слоге, то есть на букве ""и""."
moss_v10,it_context__subito_soon,it_context,it,ipa_word,0.688,paolo,choice,"Вариант 1: sùbito — ударная гласная «sÙbito», «сразу» | Вариант 2: subìto — ударная гласная «subÌto», «пострадал от»",1,1,1,"Ответ: 1. Я четко слышу ударение на первом слоге, как и должно быть в слове «sùbito»."
moss_v10,it_context__subito_suffered,it_context,it,ipa_word,0.036,paolo,choice,"Вариант 1: sùbito — ударная гласная «sÙbito», «сразу» | Вариант 2: subìto — ударная гласная «subÌto», «пострадал от»",2,,,[ошибка: received 1011 (internal error) Quota exceeded for quota metric 'API requests' and limit 'Request limit per minute for a region' of service 'generativelang; then sent 1011 (internal error) Quota exceeded for quota metric 'API requests' and limit 'Request limit per minute for a region' of service 'gen]
qwen3_voice,it_context__capitano_captain,it_context,it,plain,44.903,paolo,choice,"Вариант 1: càpitano — ударная гласная «cÀpitano», «случаются» | Вариант 2: capitàno — ударная гласная «capitÀno», «капитан»",2,2,1,Ответ: 2. В слове четвёртый слог произносится с明显ным ударением.
magpie,it_context__capitano_captain,it_context,it,accent,0.0,paolo,choice,"Вариант 1: capitàno — ударная гласная «capitÀno», «капитан» | Вариант 2: càpitano — ударная гласная «cÀpitano», «случаются»",1,1,1,"Ответ: 1. В слове чётко слышно ударрение на третий слог, на букву «а»."
kokoro,it_context__principi_princes,it_context,it,accent,0.0,paolo,choice,"Вариант 1: princìpi — ударная гласная «princÌpi», «принципы» | Вариант 2: prìncipi — ударная гласная «prÌncipi», «принцы»",2,2,1,"Ответ: 2. Ударение падает на первый слог, как в слове «prìncipi» (принцы)."
kokoro,it_context__capitano_captain,it_context,it,ipa,0.0,paolo,choice,"Вариант 1: capitàno — ударная гласная «capitÀno», «капитан» | Вариант 2: càpitano — ударная гласная «cÀpitano», «случаются»",1,1,1,"Ответ: 1
Звук отчетливо показывает, что ударным является второй слог: «capi-TA-no»."
moss_v15,it_context__subito_soon,it_context,it,plain,0.0,paolo,choice,"Вариант 1: subìto — ударная гласная «subÌto», «пострадал от» | Вариант 2: sùbito — ударная гласная «sÙbito», «сразу»",2,2,1,"Ответ: 2. Ударение падает на первый слог, как и должно быть в этом слове."
moss_v10,it_context__principi_principles,it_context,it,accent,0.0,paolo,choice,"Вариант 1: prìncipi — ударная гласная «prÌncipi», «принцы» | Вариант 2: princìpi — ударная гласная «princÌpi», «принципы»",2,2,1,"Ответ: 2
Ударным слышится второй слог — ""princìpi""."
piper,it_context__principi_principles,it_context,it,ipa,0.0,paolo,choice,"Вариант 1: prìncipi — ударная гласная «prÌncipi», «принцы» | Вариант 2: princìpi — ударная гласная «princÌpi», «принципы»",2,1,0,Ответ: 1. Ударение четко слышно на первом слоге.
qwen3_clone,it_context__capitano_captain,it_context,it,plain,0.0,paolo,choice,"Вариант 1: càpitano — ударная гласная «cÀpitano», «случаются» | Вариант 2: capitàno — ударная гласная «capitÀno», «капитан»",2,2,1,Ответ: 2. В слове четко слышно ударение на третий слог: капитАно.
kokoro,it_context__subito_suffered,it_context,it,ipa,0.0,paolo,choice,"Вариант 1: subìto — ударная гласная «subÌto», «пострадал от» | Вариант 2: sùbito — ударная гласная «sÙbito», «сразу»",1,,,[ошибка: received 1007 (invalid frame payload data) Precondition check failed.; then sent 1007 (invalid frame payload data) Precondition check failed.]
qwen3_voice,it_context__principi_princes,it_context,it,accent,0.021,paolo,choice,"Вариант 1: princìpi — ударная гласная «princÌpi», «принципы» | Вариант 2: prìncipi — ударная гласная «prÌncipi», «принцы»",2,2,1,"Ответ: 2. Ударение падает на первый слог, слышно, что это принцы, а не принципы."
moss_v15,it_context__capitano_happen,it_context,it,accent,0.0,paolo,choice,"Вариант 1: càpitano — ударная гласная «cÀpitano», «случаются» | Вариант 2: capitàno — ударная гласная «capitÀno», «капитан»",1,1,1,"Ответ: 1. В записи отчетливо слышно ударение на первый слог, как в слове *cÀpitano*."
qwen3_voice,it_context__capitano_happen,it_context,it,plain,0.0,paolo,choice,"Вариант 1: capitàno — ударная гласная «capitÀno», «капитан» | Вариант 2: càpitano — ударная гласная «cÀpitano», «случаются»",2,2,1,"Ответ: 2. Ударение падает на первый слог, как в слове «случаются»."
magpie,it_context__principi_princes,it_context,it,accent,0.0,paolo,choice,"Вариант 1: prìncipi — ударная гласная «prÌncipi», «принцы» | Вариант 2: princìpi — ударная гласная «princÌpi», «принципы»",1,1,1,"Ответ: 1. Ударение падает на первый слог, как в слове «prìncipi» (принцы), что соответствует значению во фразе."
qwen3_clone,it_context__principi_principles,it_context,it,plain,0.0,paolo,choice,"Вариант 1: princìpi — ударная гласная «princÌpi», «принципы» | Вариант 2: prìncipi — ударная гласная «prÌncipi», «принцы»",1,1,1,"Ответ: 1. Я слышу ударение на втором слоге, что соответствует значению «принципы»."
magpie,it_context__ancora_ancora2,it_context,it,plain,0.032,paolo,choice,"Вариант 1: ancóra — ударная гласная «ancÓra», «ещё» | Вариант 2: àncora — ударная гласная «Àncora», «якорь»",2,2,1,"Ответ: 2. Ударение отчетливо слышно на первом слоге 'а', как в слове 'якорь'."
moss_v15,it_context__subito_suffered,it_context,it,plain,0.0,paolo,choice,"Вариант 1: sùbito — ударная гласная «sÙbito», «сразу» | Вариант 2: subìto — ударная гласная «subÌto», «пострадал от»",2,2,1,"Ответ: 2. Ударение падает на второй слог, так как в этом контексте слово означает «пострадал от»."
moss_v10,it_context__ancora_ancora2,it_context,it,ipa_word,0.097,paolo,choice,"Вариант 1: àncora — ударная гласная «Àncora», «якорь» | Вариант 2: ancóra — ударная гласная «ancÓra», «ещё»",1,,,[ошибка: received 1007 (invalid frame payload data) Precondition check failed.; then sent 1007 (invalid frame payload data) Precondition check failed.]
moss_v10,it_context__capitano_captain,it_context,it,accent,0.0,paolo,choice,"Вариант 1: càpitano — ударная гласная «cÀpitano», «случаются» | Вариант 2: capitàno — ударная гласная «capitÀno», «капитан»",2,2,1,Ответ: 2. Ударение падает на предпоследний слог: ca-pi-TA-no.
moss_v10,it_context__capitano_happen,it_context,it,ipa_word,0.259,paolo,choice,"Вариант 1: capitàno — ударная гласная «capitÀno», «капитан» | Вариант 2: càpitano — ударная гласная «cÀpitano», «случаются»",2,2,1,Ответ: 2. Ударение отчетливо слышно на первом слоге: «càpitano».
qwen3_voice,it_context__capitano_happen,it_context,it,accent,0.0,paolo,choice,"Вариант 1: capitàno — ударная гласная «capitÀno», «капитан» | Вариант 2: càpitano — ударная гласная «cÀpitano», «случаются»",2,2,1,"Ответ: 2. В слове чётко слышно ударение на первом слоге, как в глаголе «càpitano»."
piper,it_context__subito_soon,it_context,it,ipa,0.0,paolo,choice,"Вариант 1: subìto — ударная гласная «subÌto», «пострадал от» | Вариант 2: sùbito — ударная гласная «sÙbito», «сразу»",2,2,1,Ответ: 2. В записи чётко слышно ударение на первый слог: sùbito.
kokoro,it_context__ancora_ancora,it_context,it,ipa,0.0,paolo,choice,"Вариант 1: àncora — ударная гласная «Àncora», «якорь» | Вариант 2: ancóra — ударная гласная «ancÓra», «ещё»",2,2,1,"Ответ: 2. Я слышу ударение на второй слог, то есть «ancóra», что значит «ещё»."
kokoro,it_context__ancora_ancora2,it_context,it,accent,0.0,paolo,choice,"Вариант 1: àncora — ударная гласная «Àncora», «якорь» | Вариант 2: ancóra — ударная гласная «ancÓra», «ещё»",1,1,1,"Ответ: 1. Потому что ударение падает на первый слог, как в слове «якорь»."
moss_v15,it_context__ancora_ancora,it_context,it,plain,0.0,paolo,choice,"Вариант 1: àncora — ударная гласная «Àncora», «якорь» | Вариант 2: ancóra — ударная гласная «ancÓra», «ещё»",2,2,1,"Ответ: 2. В слове отчетливо слышно ударение на второй слог, то есть ""ancóra""."
kokoro,it_context__principi_princes,it_context,it,ipa,0.0,paolo,choice,"Вариант 1: prìncipi — ударная гласная «prÌncipi», «принцы» | Вариант 2: princìpi — ударная гласная «princÌpi», «принципы»",1,1,1,"Ответ: 1. Ударение падает на первый слог, как слышно в записи."
qwen3_clone,it_context__ancora_ancora,it_context,it,accent,0.0,paolo,choice,"Вариант 1: ancóra — ударная гласная «ancÓra», «ещё» | Вариант 2: àncora — ударная гласная «Àncora», «якорь»",1,1,1,"Ответ: 1. Ударение падает на второй слог, как в слове «ещё»."
magpie,it_context__subito_soon,it_context,it,plain,0.0,paolo,choice,"Вариант 1: sùbito — ударная гласная «sÙbito», «сразу» | Вариант 2: subìto — ударная гласная «subÌto», «пострадал от»",1,1,1,Ответ: 1. В слове чётко слышно ударение на первом слоге: sùbito.
moss_v15,it_context__ancora_ancora,it_context,it,accent,0.0,paolo,choice,"Вариант 1: ancóra — ударная гласная «ancÓra», «ещё» | Вариант 2: àncora — ударная гласная «Àncora», «якорь»",1,1,1,"Ответ: 1. В этой фразе ударение падает на вторую гласную «о», что означает «ещё»."
moss_v15,it_context__capitano_captain,it_context,it,ipa_word,0.0,paolo,choice,"Вариант 1: capitàno — ударная гласная «capitÀno», «капитан» | Вариант 2: càpitano — ударная гласная «cÀpitano», «случаются»",1,1,1,"Ответ: 1. Ударение падает на предпоследний слог, как в слове «капитан»."
moss_v15,it_context__capitano_captain,it_context,it,plain,0.0,paolo,choice,"Вариант 1: capitàno — ударная гласная «capitÀno», «капитан» | Вариант 2: càpitano — ударная гласная «cÀpitano», «случаются»",1,1,1,"Ответ: 1. Ударение падает на предпоследний слог, как в слове ""капитан""."
qwen3_clone,it_context__capitano_happen,it_context,it,plain,0.0,paolo,choice,"Вариант 1: capitàno — ударная гласная «capitÀno», «капитан» | Вариант 2: càpitano — ударная гласная «cÀpitano», «случаются»",2,2,1,"Ответ: 2. Ударение падает на первый слог, как в слове «случаются»."
kokoro,it_context__subito_soon,it_context,it,accent,0.0,paolo,choice,"Вариант 1: sùbito — ударная гласная «sÙbito», «сразу» | Вариант 2: subìto — ударная гласная «subÌto», «пострадал от»",1,1,1,"Ответ: 1. Ударение падает на первый слог, как и должно быть в слове «sùbito»."
magpie,it_context__principi_princes,it_context,it,plain,0.0,paolo,choice,"Вариант 1: prìncipi — ударная гласная «prÌncipi», «принцы» | Вариант 2: princìpi — ударная гласная «princÌpi», «принципы»",1,1,1,"Ответ: 1. Ударение падает на первый слог, как в слове «prìncipi»."
kokoro,it_context__capitano_happen,it_context,it,accent,0.0,paolo,choice,"Вариант 1: càpitano — ударная гласная «cÀpitano», «случаются» | Вариант 2: capitàno — ударная гласная «capitÀno», «капитан»",1,1,1,"Ответ: 1. Ударение падает на первый слог, как в слове «случаются»."
qwen3_voice,it_context__subito_soon,it_context,it,plain,0.0,paolo,choice,"Вариант 1: subìto — ударная гласная «subÌto», «пострадал от» | Вариант 2: sùbito — ударная гласная «sÙbito», «сразу»",2,,,[ошибка: received 1007 (invalid frame payload data) Precondition check failed.; then sent 1007 (invalid frame payload data) Precondition check failed.]
qwen3_clone,it_context__capitano_happen,it_context,it,accent,0.0,paolo,choice,"Вариант 1: capitàno — ударная гласная «capitÀno», «капитан» | Вариант 2: càpitano — ударная гласная «cÀpitano», «случаются»",2,2,1,"Ответ: 2. Ударение падает на первый слог, отчетливо слышно ""càpitano""."
kokoro,it_context__principi_principles,it_context,it,plain,0.054,paolo,choice,"Вариант 1: princìpi — ударная гласная «princÌpi», «принципы» | Вариант 2: prìncipi — ударная гласная «prÌncipi», «принцы»",1,1,1,"Ответ: 1. Я четко слышу ударение на второй букве «и», «princìpi»."
moss_v10,it_context__principi_princes,it_context,it,accent,0.0,paolo,choice,"Вариант 1: prìncipi — ударная гласная «prÌncipi», «принцы» | Вариант 2: princìpi — ударная гласная «princÌpi», «принципы»",1,1,1,"Ответ: 1. Ударение в слове «prìncipi» падает на первый слог, как в слове «принцы»."
kokoro,it_context__capitano_captain,it_context,it,accent,0.0,paolo,choice,"Вариант 1: càpitano — ударная гласная «cÀpitano», «случаются» | Вариант 2: capitàno — ударная гласная «capitÀno», «капитан»",2,2,1,"Ответ: 2. Ударение падает на вторую «а», как в слове «капитан»."
piper,it_context__ancora_ancora2,it_context,it,accent,0.258,paolo,choice,"Вариант 1: ancóra — ударная гласная «ancÓra», «ещё» | Вариант 2: àncora — ударная гласная «Àncora», «якорь»",2,,,[ошибка: received 1011 (internal error) Quota exceeded for quota metric 'API requests' and limit 'Request limit per minute for a region' of service 'generativelang; then sent 1011 (internal error) Quota exceeded for quota metric 'API requests' and limit 'Request limit per minute for a region' of service 'gen]
moss_v10,it_context__subito_soon,it_context,it,plain,0.25,paolo,choice,"Вариант 1: subìto — ударная гласная «subÌto», «пострадал от» | Вариант 2: sùbito — ударная гласная «sÙbito», «сразу»",2,2,1,Ответ: 2. В записи четко слышно ударение на первом слоге «sùbito».
magpie,it_context__principi_principles,it_context,it,accent,0.0,paolo,choice,"Вариант 1: princìpi — ударная гласная «princÌpi», «принципы» | Вариант 2: prìncipi — ударная гласная «prÌncipi», «принцы»",1,2,0,"Ответ: 2. Ударение падает на первый слог, как в слове «prìncipi»."
piper,it_context__subito_suffered,it_context,it,accent,0.036,paolo,choice,"Вариант 1: subìto — ударная гласная «subÌto», «пострадал от» | Вариант 2: sùbito — ударная гласная «sÙbito», «сразу»",1,1,1,Ответ: 1. В записи отчетливо слышно ударение на второй слог: «subÌto».
moss_v10,it_context__principi_princes,it_context,it,plain,0.0,paolo,choice,"Вариант 1: prìncipi — ударная гласная «prÌncipi», «принцы» | Вариант 2: princìpi — ударная гласная «princÌpi», «принципы»",1,1,1,"Ответ: 1. Ударение падает на первый слог, слышится звук «и» в первом слоге."
moss_v15,it_context__principi_principles,it_context,it,plain,0.0,paolo,choice,"Вариант 1: princìpi — ударная гласная «princÌpi», «принципы» | Вариант 2: prìncipi — ударная гласная «prÌncipi», «принцы»",1,2,0,Ответ: 2. В слове отчетливо слышно ударение на первом слоге: prìncipi.
kokoro,it_context__ancora_ancora,it_context,it,accent,0.0,paolo,choice,"Вариант 1: ancóra — ударная гласная «ancÓra», «ещё» | Вариант 2: àncora — ударная гласная «Àncora», «якорь»",1,1,1,"Ответ: 1. Ударение падает на второй слог, отчетливо слышно «ancÓra»."
qwen3_clone,it_context__subito_soon,it_context,it,plain,0.0,paolo,choice,"Вариант 1: sùbito — ударная гласная «sÙbito», «сразу» | Вариант 2: subìto — ударная гласная «subÌto», «пострадал от»",1,1,1,Ответ: 1. Ударение отчётливо слышно на первом слоге.
magpie,it_context__ancora_ancora2,it_context,it,accent,0.0,paolo,choice,"Вариант 1: ancóra — ударная гласная «ancÓra», «ещё» | Вариант 2: àncora — ударная гласная «Àncora», «якорь»",2,2,1,"Ответ: 2. Четко слышно ударение на первом слоге, как в слове «якорь»."
magpie,it_context__ancora_ancora,it_context,it,plain,0.0,paolo,choice,"Вариант 1: àncora — ударная гласная «Àncora», «якорь» | Вариант 2: ancóra — ударная гласная «ancÓra», «ещё»",2,2,1,"Ответ: 2. Ударение падает на второй слог, на гласную «о»."
qwen3_clone,it_context__ancora_ancora,it_context,it,plain,0.0,paolo,choice,"Вариант 1: àncora — ударная гласная «Àncora», «якорь» | Вариант 2: ancóra — ударная гласная «ancÓra», «ещё»",2,2,1,"Ответ: 2. В этой фразе ударение падает на второй слог, что означает «ещё»."
qwen3_voice,it_context__capitano_captain,it_context,it,accent,0.0,paolo,choice,"Вариант 1: càpitano — ударная гласная «cÀpitano», «случаются» | Вариант 2: capitàno — ударная гласная «capitÀno», «капитан»",2,2,1,"Ответ: 2. Ударение падает на второй слог с конца, как в слове «капитан»."
moss_v10,it_context__ancora_ancora,it_context,it,ipa_word,0.227,paolo,choice,"Вариант 1: àncora — ударная гласная «Àncora», «якорь» | Вариант 2: ancóra — ударная гласная «ancÓra», «ещё»",2,2,1,"Ответ: 2. Чётко слышно ударение на второй слог, что соответствует значению «ещё»."
moss_v10,it_context__principi_principles,it_context,it,plain,0.0,paolo,choice,"Вариант 1: princìpi — ударная гласная «princÌpi», «принципы» | Вариант 2: prìncipi — ударная гласная «prÌncipi», «принцы»",1,1,1,"Ответ: 1. Ударение падает на вторую гласную «и», как в слове «принципы»."
kokoro,it_context__subito_suffered,it_context,it,plain,0.0,paolo,choice,"Вариант 1: sùbito — ударная гласная «sÙbito», «сразу» | Вариант 2: subìto — ударная гласная «subÌto», «пострадал от»",2,2,1,"Ответ: 2. Ударение падает на второй слог, так как слышится долгая гласная «и»."
moss_v15,it_context__subito_soon,it_context,it,ipa_word,0.0,paolo,choice,"Вариант 1: subìto — ударная гласная «subÌto», «пострадал от» | Вариант 2: sùbito — ударная гласная «sÙbito», «сразу»",2,2,1,Ответ: 2. Ударение четко слышно на первом слоге: sùbito.
kokoro,it_context__capitano_happen,it_context,it,plain,0.0,paolo,choice,"Вариант 1: capitàno — ударная гласная «capitÀno», «капитан» | Вариант 2: càpitano — ударная гласная «cÀpitano», «случаются»",2,,,[ошибка: received 1007 (invalid frame payload data) Precondition check failed.; then sent 1007 (invalid frame payload data) Precondition check failed.]
moss_v10,it_context__capitano_captain,it_context,it,ipa_word,0.097,paolo,choice,"Вариант 1: capitàno — ударная гласная «capitÀno», «капитан» | Вариант 2: càpitano — ударная гласная «cÀpitano», «случаются»",1,1,1,"Ответ: 1. Ударение падает на второй слог — «capitàno», как в слове «капитан»."
moss_v10,it_context__subito_suffered,it_context,it,accent,0.0,paolo,choice,"Вариант 1: subìto — ударная гласная «subÌto», «пострадал от» | Вариант 2: sùbito — ударная гласная «sÙbito», «сразу»",1,1,1,"Ответ: 1. В аудиозаписи чётко слышно ударение на второй слог, как в форме глагола «подвергся»."
moss_v15,it_context__subito_suffered,it_context,it,ipa_word,0.0,paolo,choice,"Вариант 1: sùbito — ударная гласная «sÙbito», «сразу» | Вариант 2: subìto — ударная гласная «subÌto», «пострадал от»",2,2,1,"Ответ: 2. Ударная гласная «и» во втором слоге, что соответствует форме «subìto» — пострадал от."
qwen3_voice,it_context__subito_soon,it_context,it,accent,0.0,paolo,choice,"Вариант 1: sùbito — ударная гласная «sÙbito», «сразу» | Вариант 2: subìto — ударная гласная «subÌto», «пострадал от»",1,1,1,"Ответ: 1. Четко слышно, что ударение падает на первый слог, как и должно быть в слове «subito»."
qwen3_voice,it_context__ancora_ancora,it_context,it,accent,0.0,paolo,choice,"Вариант 1: ancóra — ударная гласная «ancÓra», «ещё» | Вариант 2: àncora — ударная гласная «Àncora», «якорь»",1,1,1,"Ответ: 1. Ударение падает на второй слог, как в слове «ещё»."
moss_v10,it_context__ancora_ancora2,it_context,it,accent,0.29,paolo,choice,"Вариант 1: àncora — ударная гласная «Àncora», «якорь» | Вариант 2: ancóra — ударная гласная «ancÓra», «ещё»",1,1,1,"Ответ: 1. Я четко слышу ударение на первом слоге, как в слове «àncora» — «якорь»."
moss_v15,it_context__subito_suffered,it_context,it,accent,0.0,paolo,choice,"Вариант 1: sùbito — ударная гласная «sÙbito», «сразу» | Вариант 2: subìto — ударная гласная «subÌto», «пострадал от»",2,2,1,Ответ: 2. Ударрение падает на вторую гласную «и».
qwen3_voice,it_context__ancora_ancora,it_context,it,plain,0.0,paolo,choice,"Вариант 1: ancóra — ударная гласная «ancÓra», «ещё» | Вариант 2: àncora — ударная гласная «Àncora», «якорь»",1,1,1,"Ответ: 1. Ударение падает на второй слог, как в слове ""ancóra"" со значением ""ещё""."
qwen3_voice,it_context__subito_suffered,it_context,it,plain,0.0,paolo,choice,"Вариант 1: sùbito — ударная гласная «sÙbito», «сразу» | Вариант 2: subìto — ударная гласная «subÌto», «пострадал от»",2,2,1,"Ответ: 2. Ударение падает на второй слог, так как в этом контексте слово означает «пострадал»."
moss_v10,it_context__capitano_happen,it_context,it,accent,0.0,paolo,choice,"Вариант 1: capitàno — ударная гласная «capitÀno», «капитан» | Вариант 2: càpitano — ударная гласная «cÀpitano», «случаются»",2,,,[ошибка: received 1007 (invalid frame payload data) Precondition check failed.; then sent 1007 (invalid frame payload data) Precondition check failed.]
kokoro,it_context__ancora_ancora2,it_context,it,plain,0.0,paolo,choice,"Вариант 1: àncora — ударная гласная «Àncora», «якорь» | Вариант 2: ancóra — ударная гласная «ancÓra», «ещё»",1,1,1,"Ответ: 1. Ударение поставлено на первый слог, как в слове «якорь»."
kokoro,it_context__principi_princes,it_context,it,plain,0.0,paolo,choice,"Вариант 1: princìpi — ударная гласная «princÌpi», «принципы» | Вариант 2: prìncipi — ударная гласная «prÌncipi», «принцы»",2,2,1,"Ответ: 2. В слове слышно ударение на первом слоге, как в слове «prìncipi» (принцы)."
piper,it_context__capitano_captain,it_context,it,plain,0.0,paolo,choice,"Вариант 1: capitàno — ударная гласная «capitÀno», «капитан» | Вариант 2: càpitano — ударная гласная «cÀpitano», «случаются»",1,1,1,"Ответ: 1. Ударение падает на второй слог, как в слове ""капитан""."
moss_v15,it_context__capitano_captain,it_context,it,accent,0.0,paolo,choice,"Вариант 1: càpitano — ударная гласная «cÀpitano», «случаются» | Вариант 2: capitàno — ударная гласная «capitÀno», «капитан»",2,2,1,Ответ: 2. Ударение падает на гласный «а» в слоге «та».
qwen3_clone,it_context__subito_soon,it_context,it,accent,0.0,paolo,choice,"Вариант 1: subìto — ударная гласная «subÌto», «пострадал от» | Вариант 2: sùbito — ударная гласная «sÙbito», «сразу»",2,2,1,"Ответ: 2. В слове «subito» ударный первый слоги, как и должно быть в итальянском языке."
piper,it_context__capitano_happen,it_context,it,ipa,0.0,paolo,choice,"Вариант 1: capitàno — ударная гласная «capitÀno», «капитан» | Вариант 2: càpitano — ударная гласная «cÀpitano», «случаются»",2,2,1,"Ответ: 2. Ударный первый слог, как в слове «случаются»."
kokoro,it_context__capitano_captain,it_context,it,plain,0.0,paolo,choice,"Вариант 1: càpitano — ударная гласная «cÀpitano», «случаются» | Вариант 2: capitàno — ударная гласная «capitÀno», «капитан»",2,2,1,"Ответ: 2. Ударение падает на второй слог «та», как в слове «капитан»."
kokoro,it_context__subito_suffered,it_context,it,accent,0.0,paolo,choice,"Вариант 1: subìto — ударная гласная «subÌto», «пострадал от» | Вариант 2: sùbito — ударная гласная «sÙbito», «сразу»",1,2,0,Ответ: 2. Я слышу ударение на первом слоге: sùbito.
kokoro,it_context__capitano_happen,it_context,it,ipa,0.0,paolo,choice,"Вариант 1: capitàno — ударная гласная «capitÀno», «капитан» | Вариант 2: càpitano — ударная гласная «cÀpitano», «случаются»",2,2,1,"Ответ: 2. Ударение падает на первый слог, как в слове «càpitano» (случаются)."
magpie,it_context__capitano_happen,it_context,it,plain,0.0,paolo,choice,"Вариант 1: capitàno — ударная гласная «capitÀno», «капитан» | Вариант 2: càpitano — ударная гласная «cÀpitano», «случаются»",2,2,1,"Ответ: 2. Ударение падает на первый слог, как в слове «случаются»."
moss_v10,it_context__capitano_captain,it_context,it,plain,0.0,paolo,choice,"Вариант 1: càpitano — ударная гласная «cÀpitano», «случаются» | Вариант 2: capitàno — ударная гласная «capitÀno», «капитан»",2,2,1,"Ответ: 2. Ударение падает на предпоследний слог, слышится «capitÀno»."
piper,it_context__subito_suffered,it_context,it,plain,0.036,paolo,choice,"Вариант 1: subìto — ударная гласная «subÌto», «пострадал от» | Вариант 2: sùbito — ударная гласная «sÙbito», «сразу»",1,1,1,Ответ: 1. В прослушанной фразе чётко слышно ударение на второй слог: «subÌto».
moss_v15,it_context__ancora_ancora2,it_context,it,ipa_word,0.161,paolo,choice,"Вариант 1: àncora — ударная гласная «Àncora», «якорь» | Вариант 2: ancóra — ударная гласная «ancÓra», «ещё»",1,1,1,"Ответ: 1. Ударение падает на первый слог, как в слове «якорь»."
moss_v10,it_context__ancora_ancora,it_context,it,accent,0.0,paolo,choice,"Вариант 1: àncora — ударная гласная «Àncora», «якорь» | Вариант 2: ancóra — ударная гласная «ancÓra», «ещё»",2,,,[ошибка: received 1007 (invalid frame payload data) Precondition check failed.; then sent 1007 (invalid frame payload data) Precondition check failed.]
piper,it_context__subito_suffered,it_context,it,ipa,0.0,paolo,choice,"Вариант 1: subìto — ударная гласная «subÌto», «пострадал от» | Вариант 2: sùbito — ударная гласная «sÙbito», «сразу»",1,1,1,Ответ: 1. В записи отчетливо слышно ударение на втором слоге: subìto.
moss_v10,it_context__principi_princes,it_context,it,ipa_word,0.255,paolo,choice,"Вариант 1: prìncipi — ударная гласная «prÌncipi», «принцы» | Вариант 2: princìpi — ударная гласная «princÌpi», «принципы»",1,2,0,Ответ: 2. Ударение падает на второй слог: princìpi.
qwen3_clone,it_context__subito_suffered,it_context,it,plain,0.0,paolo,choice,"Вариант 1: sùbito — ударная гласная «sÙbito», «сразу» | Вариант 2: subìto — ударная гласная «subÌto», «пострадал от»",2,2,1,"Ответ: 2. В записи чётко слышно ударение на букве «и», так как это форма глагола subire."
piper,it_gem__capello_cappello__capello,it_gem,it,ipa_len,0.053,paolo,choice,"Вариант 1: cappello — двойная, долгая согласная | Вариант 2: capello — одна согласная",2,2,1,"Ответ: 2. Согласный звук «п» прозвучал коротко, как одна согласная."
piper,it_gem__sete_sette__sete,it_gem,it,plain,0.375,paolo,choice,"Вариант 1: sette — двойная, долгая согласная | Вариант 2: sete — одна согласная",2,2,1,"Ответ: 2. Согласный «т» в слове «sete» произносится коротко, без долготы, характерной для двойной согласной."
moss_v10,it_gem__fato_fatto__fato,it_gem,it,ipa_word,0.562,paolo,choice,"Вариант 1: fatto — двойная, долгая согласная | Вариант 2: fato — одна согласная",2,1,0,"Ответ: 1. Согласная «т» прозвучала долго и отчетливо, как и должно быть в слове fatto."
kokoro,it_gem__nono_nonno__nonno,it_gem,it,plain,0.0,paolo,choice,"Вариант 1: nonno — двойная, долгая согласная | Вариант 2: nono — одна согласная",1,1,1,"Ответ: 1
Я чётко слышу долгую, двойную согласную «nn» в слове «nonno»."
piper,it_gem__fato_fatto__fatto,it_gem,it,plain,0.0,paolo,choice,"Вариант 1: fatto — двойная, долгая согласная | Вариант 2: fato — одна согласная",1,1,1,"Ответ: 1. В слове чётко слышна долгая, двойная согласная «t»."
kokoro,it_gem__sete_sette__sete,it_gem,it,ipa_len,0.0,paolo,choice,"Вариант 1: sete — одна согласная | Вариант 2: sette — двойная, долгая согласная",1,1,1,"Ответ: 1. Согласный звук «т» произнесён коротко, без удвоения."
piper,it_context__ancora_ancora,it_context,it,ipa,0.0,paolo,choice,"Вариант 1: ancóra — ударная гласная «ancÓra», «ещё» | Вариант 2: àncora — ударная гласная «Àncora», «якорь»",1,,,[ошибка: received 1011 (internal error) Quota exceeded for quota metric 'API requests' and limit 'Request limit per minute for a region' of service 'generativelang; then sent 1011 (internal error) Quota exceeded for quota metric 'API requests' and limit 'Request limit per minute for a region' of service 'gen]
moss_v10,it_gem__capello_cappello__cappello,it_gem,it,ipa_word,0.35,paolo,choice,"Вариант 1: capello — одна согласная | Вариант 2: cappello — двойная, долгая согласная",2,0,0,"Ответ: ноль. В записи звучит фраза «Dico che arrivo adesso», слова «capello» или «cappello» отсутствуют."
kokoro,it_gem__papa_pappa__pappa,it_gem,it,accent,0.059,paolo,choice,"Вариант 1: pappa — двойная, долгая согласная | Вариант 2: papa — одна согласная",1,2,0,Ответ: 2. Согласный «p» в слове «papa» звучит коротко и одинарно.
qwen3_voice,it_gem__caro_carro__carro,it_gem,it,plain,0.0,paolo,choice,"Вариант 1: caro — одна согласная | Вариант 2: carro — двойная, долгая согласная",2,2,1,"Ответ: 2. Чётко слышна длинная, двойная согласная «р» в слове «carro»."
piper,it_gem__nono_nonno__nonno,it_gem,it,ipa,0.0,paolo,choice,"Вариант 1: nono — одна согласная | Вариант 2: nonno — двойная, долгая согласная",2,2,1,"Ответ: 2. В слове чётко слышна долгая, удвоенная согласная «н»."
qwen3_voice,it_gem__nono_nonno__nonno,it_gem,it,accent,0.0,paolo,choice,"Вариант 1: nonno — двойная, долгая согласная | Вариант 2: nono — одна согласная",1,1,1,"Ответ: 1. В записи отчетливо слышно удвоенный, долгий согласный звук в слове «nonno»."
magpie,it_gem__caro_carro__caro,it_gem,it,plain,0.0,paolo,choice,"Вариант 1: caro — одна согласная | Вариант 2: carro — двойная, долгая согласная",1,1,1,"Ответ: 1. Звук «р» произнесен коротко, как одна согласная."
moss_v10,it_gem__capello_cappello__capello,it_gem,it,plain,0.0,paolo,choice,"Вариант 1: capello — одна согласная | Вариант 2: cappello — двойная, долгая согласная",1,1,1,"Ответ: 1. Согласный звук «п» прозвучал коротко, как одна согласная."
kokoro,it_gem__capello_cappello__capello,it_gem,it,ipa_len,0.0,paolo,choice,"Вариант 1: cappello — двойная, долгая согласная | Вариант 2: capello — одна согласная",2,2,1,"Ответ: 2. Потому что звук «п» прозвучал коротко, как одна согласная."
qwen3_voice,it_gem__sete_sette__sete,it_gem,it,accent,0.0,paolo,choice,"Вариант 1: sete — одна согласная | Вариант 2: sette — двойная, долгая согласная",1,1,1,"Ответ: 1. Согласный «т» в слове «sete» звучит коротко, а не как двойной."
moss_v15,it_gem__caro_carro__caro,it_gem,it,accent,0.0,paolo,choice,"Вариант 1: carro — двойная, долгая согласная | Вариант 2: caro — одна согласная",2,2,1,Ответ: 2. В слове чётко слышен один короткий звук «р».
magpie,it_gem__caro_carro__carro,it_gem,it,accent,0.0,paolo,choice,"Вариант 1: carro — двойная, долгая согласная | Вариант 2: caro — одна согласная",1,1,1,"Ответ: 1. Я четко слышу долгий, двойной звук «р» в слове «carro»."
magpie,it_gem__sete_sette__sette,it_gem,it,accent,0.0,paolo,choice,"Вариант 1: sete — одна согласная | Вариант 2: sette — двойная, долгая согласная",2,2,1,"Ответ: 2. Согласная «т» произносится четко и долго, как и положено в слове «sette»."
moss_v10,it_gem__papa_pappa__papa,it_gem,it,ipa_word,0.562,paolo,choice,"Вариант 1: pappa — двойная, долгая согласная | Вариант 2: papa — одна согласная",2,2,1,"Ответ: 2. Согласный звук «п» прозвучал коротко, как одна согласная."
kokoro,it_gem__capello_cappello__capello,it_gem,it,plain,0.0,paolo,choice,"Вариант 1: cappello — двойная, долгая согласная | Вариант 2: capello — одна согласная",2,2,1,"Ответ: 2. Согласный «p» звучит коротко, как одинарный."
kokoro,it_gem__pala_palla__palla,it_gem,it,ipa_len,0.0,paolo,choice,"Вариант 1: palla — двойная, долгая согласная | Вариант 2: pala — одна согласная",1,1,1,"Ответ: 1. Я четко слышу долгий, двойной согласный звук «л» в слове «palla»."
moss_v10,it_gem__fato_fatto__fatto,it_gem,it,ipa_len_word,0.353,paolo,choice,"Вариант 1: fatto — двойная, долгая согласная | Вариант 2: fato — одна согласная",1,1,1,Ответ: 1. Согласная «t» в слове «fatto» прозвучала отчётливо долго и двойной.
kokoro,it_gem__sete_sette__sete,it_gem,it,ipa,0.0,paolo,choice,"Вариант 1: sette — двойная, долгая согласная | Вариант 2: sete — одна согласная",2,2,1,"Ответ: 2. В звуке чётко слышна одна короткая согласная, а не долгая."
kokoro,it_gem__sete_sette__sette,it_gem,it,accent,0.294,paolo,choice,"Вариант 1: sette — двойная, долгая согласная | Вариант 2: sete — одна согласная",1,2,0,"Ответ: 2. Потому что согласный «t» прозвучал коротко, как в слове «sete»."
magpie,it_gem__caro_carro__carro,it_gem,it,plain,0.0,paolo,choice,"Вариант 1: caro — одна согласная | Вариант 2: carro — двойная, долгая согласная",2,2,1,Ответ: 2. Я услышал отчетливое долгое произношение согласного звука «р».
moss_v15,it_gem__papa_pappa__pappa,it_gem,it,plain,0.0,paolo,choice,"Вариант 1: pappa — двойная, долгая согласная | Вариант 2: papa — одна согласная",1,2,0,"Ответ: 2. В слове прозвучал один, короткий звук «п», а для «pappa» нужна длинная, двойная согласная."
moss_v10,it_gem__capello_cappello__cappello,it_gem,it,accent,0.1,paolo,choice,"Вариант 1: capello — одна согласная | Вариант 2: cappello — двойная, долгая согласная",2,1,0,Ответ: 1. В записи отчетливо слышна одна короткая согласная «p».
piper,it_gem__capello_cappello__cappello,it_gem,it,plain,0.1,paolo,choice,"Вариант 1: cappello — двойная, долгая согласная | Вариант 2: capello — одна согласная",1,1,1,"Ответ: 1. Согласная «p» звучит долго и напряженно, как в слове «cappello»."
kokoro,it_gem__caro_carro__carro,it_gem,it,accent,0.059,paolo,choice,"Вариант 1: caro — одна согласная | Вариант 2: carro — двойная, долгая согласная",2,1,0,"Ответ: 1. Звук [r] в середине слова произнесён коротко, как одна согласная."
piper,it_gem__capello_cappello__cappello,it_gem,it,ipa_len,0.15,paolo,choice,"Вариант 1: cappello — двойная, долгая согласная | Вариант 2: capello — одна согласная",1,1,1,Ответ: 1. Согласный «p» в слове «cappello» прозвучал четко и долго.
piper,it_gem__nono_nonno__nono,it_gem,it,plain,0.062,paolo,choice,"Вариант 1: nono — одна согласная | Вариант 2: nonno — двойная, долгая согласная",1,1,1,"Ответ: 1. Звук «n» в середине произносится коротко, как одна согласная."
kokoro,it_gem__pala_palla__pala,it_gem,it,plain,0.0,paolo,choice,"Вариант 1: palla — двойная, долгая согласная | Вариант 2: pala — одна согласная",2,2,1,Ответ: 2. В записи отчетливо слышен один короткий согласный звук «л».
moss_v15,it_gem__sete_sette__sete,it_gem,it,ipa_word,0.0,paolo,choice,"Вариант 1: sette — двойная, долгая согласная | Вариант 2: sete — одна согласная",2,2,1,"Ответ: 2. Согласный «т» звучит коротко, как одна буква."
kokoro,it_gem__sete_sette__sete,it_gem,it,accent,0.0,paolo,choice,"Вариант 1: sete — одна согласная | Вариант 2: sette — двойная, долгая согласная",1,1,1,"Ответ: 1. Согласный звук «т» звучит коротко, без удлинения."
kokoro,it_gem__pala_palla__pala,it_gem,it,ipa_len,0.0,paolo,choice,"Вариант 1: palla — двойная, долгая согласная | Вариант 2: pala — одна согласная",2,1,0,Ответ: 1. Согласный звук «л» произносится отчетливо и долго.
moss_v15,it_gem__capello_cappello__cappello,it_gem,it,plain,0.0,paolo,choice,"Вариант 1: cappello — двойная, долгая согласная | Вариант 2: capello — одна согласная",1,1,1,"Ответ: 1. Звук ""п"" был четко долгим, что характерно для двойной согласной в слове ""cappello""."
kokoro,it_gem__fato_fatto__fatto,it_gem,it,accent,0.0,paolo,choice,"Вариант 1: fato — одна согласная | Вариант 2: fatto — двойная, долгая согласная",2,2,1,Ответ: 2. Чётко слышна долгая и напряженная согласная «t».
moss_v10,it_gem__capello_cappello__cappello,it_gem,it,ipa_len_word,0.2,paolo,choice,"Вариант 1: cappello — двойная, долгая согласная | Вариант 2: capello — одна согласная",1,2,0,"Ответ: 2. В слове прозвучала одна согласная, так как звук «п» был коротким."
piper,it_gem__papa_pappa__pappa,it_gem,it,ipa_len,0.176,paolo,choice,"Вариант 1: pappa — двойная, долгая согласная | Вариант 2: papa — одна согласная",1,2,0,"Ответ: 2. Согласный «p» звучит коротко, без характерной для «pappa» долготы."
kokoro,it_gem__papa_pappa__pappa,it_gem,it,ipa,0.059,paolo,choice,"Вариант 1: papa — одна согласная | Вариант 2: pappa — двойная, долгая согласная",2,1,0,"Ответ: 1. Звук «п» прозвучал коротко, без удвоения, как в слове «papa»."
magpie,it_gem__sete_sette__sete,it_gem,it,plain,0.062,paolo,choice,"Вариант 1: sette — двойная, долгая согласная | Вариант 2: sete — одна согласная",2,2,1,"Ответ: 2. Согласный звук «т» прозвучал коротко, как одна согласная."
moss_v10,it_gem__pala_palla__palla,it_gem,it,accent,0.0,paolo,choice,"Вариант 1: pala — одна согласная | Вариант 2: palla — двойная, долгая согласная",2,2,1,"Ответ: 2. Я чётко услышал долгий, двойной согласный звук в слове «palla»."
kokoro,it_gem__capello_cappello__cappello,it_gem,it,accent,0.0,paolo,choice,"Вариант 1: cappello — двойная, долгая согласная | Вариант 2: capello — одна согласная",1,1,1,Ответ: 1. Согласный звук «п» отчётливо произнесён как долгий и двойной.
qwen3_voice,it_gem__pala_palla__palla,it_gem,it,accent,0.176,paolo,choice,"Вариант 1: palla — двойная, долгая согласная | Вариант 2: pala — одна согласная",1,1,1,"Ответ: 1
Слышна отчетливая долгая согласная «ll» в слове «palla»."
piper,it_gem__nono_nonno__nono,it_gem,it,ipa_len,0.062,paolo,choice,"Вариант 1: nono — одна согласная | Вариант 2: nonno — двойная, долгая согласная",1,1,1,"Ответ: 1. Звук [n] произнесён коротко, как в слове nono."
moss_v10,it_gem__fato_fatto__fatto,it_gem,it,ipa_word,0.176,paolo,choice,"Вариант 1: fatto — двойная, долгая согласная | Вариант 2: fato — одна согласная",1,2,0,"Ответ: 2. В слове ""conforto"" согласная «т» звучит коротко, как одна."
piper,it_gem__fato_fatto__fato,it_gem,it,plain,0.062,paolo,choice,"Вариант 1: fato — одна согласная | Вариант 2: fatto — двойная, долгая согласная",1,2,0,"Ответ: 2. Согласная «т» звучит долго и отчётливо, как в слове «fatto»."
magpie,it_gem__pala_palla__palla,it_gem,it,plain,0.0,paolo,choice,"Вариант 1: palla — двойная, долгая согласная | Вариант 2: pala — одна согласная",1,1,1,"Ответ: 1. Согласный «л» прозвучал долго и отчетливо, как в слове «palla»."
moss_v15,it_gem__pala_palla__palla,it_gem,it,plain,0.059,paolo,choice,"Вариант 1: palla — двойная, долгая согласная | Вариант 2: pala — одна согласная",1,1,1,"Ответ: 1. Звук «л» произнесен отчетливо долго, как в слове palla."
moss_v15,it_gem__capello_cappello__capello,it_gem,it,plain,0.0,paolo,choice,"Вариант 1: capello — одна согласная | Вариант 2: cappello — двойная, долгая согласная",1,1,1,"Ответ: 1. Согласный «p» звучит отчетливо коротко, как в слове «capello»."
kokoro,it_gem__caro_carro__carro,it_gem,it,ipa_len,0.059,paolo,choice,"Вариант 1: carro — двойная, долгая согласная | Вариант 2: caro — одна согласная",1,,,[ошибка: received 1011 (internal error) Quota exceeded for quota metric 'API requests' and limit 'Request limit per minute for a region' of service 'generativelang; then sent 1011 (internal error) Quota exceeded for quota metric 'API requests' and limit 'Request limit per minute for a region' of service 'gen]
moss_v10,it_gem__nono_nonno__nono,it_gem,it,plain,0.062,paolo,choice,"Вариант 1: nono — одна согласная | Вариант 2: nonno — двойная, долгая согласная",1,1,1,"Ответ: 1. Согласный звук «n» звучит коротко, без характерной для «nonno» длительности."
magpie,it_gem__capello_cappello__cappello,it_gem,it,plain,0.0,paolo,choice,"Вариант 1: cappello — двойная, долгая согласная | Вариант 2: capello — одна согласная",1,1,1,Ответ: 1. В записи отчетливо слышна долгая двойная согласная «p».
magpie,it_gem__capello_cappello__capello,it_gem,it,plain,0.0,paolo,choice,"Вариант 1: capello — одна согласная | Вариант 2: cappello — двойная, долгая согласная",1,1,1,"Ответ: 1. В записи отчетливо слышна одна короткая согласная, а не долгая двойная."
moss_v15,it_gem__caro_carro__carro,it_gem,it,plain,0.0,paolo,choice,"Вариант 1: carro — двойная, долгая согласная | Вариант 2: caro — одна согласная",1,1,1,"Ответ: 1. Я четко слышу долгую, двойную согласную в слове «carro»."
moss_v15,it_gem__capello_cappello__capello,it_gem,it,accent,0.0,paolo,choice,"Вариант 1: capello — одна согласная | Вариант 2: cappello — двойная, долгая согласная",1,1,1,"Ответ: 1. Согласный «п» звучит коротко, как в слове «capello»."
kokoro,it_gem__papa_pappa__papa,it_gem,it,ipa_len,0.0,paolo,choice,"Вариант 1: pappa — двойная, долгая согласная | Вариант 2: papa — одна согласная",2,2,1,"Ответ: 2. Согласный звук «п» прозвучал коротко, как один звук."
kokoro,it_gem__caro_carro__caro,it_gem,it,ipa_len,0.0,paolo,choice,"Вариант 1: caro — одна согласная | Вариант 2: carro — двойная, долгая согласная",1,1,1,"Ответ: 1. Звук «р» прозвучал коротко, как одна согласная."
moss_v15,it_gem__sete_sette__sette,it_gem,it,ipa_len_word,0.588,paolo,choice,"Вариант 1: sete — одна согласная | Вариант 2: sette — двойная, долгая согласная",2,2,1,"Ответ: 2. В записи чётко слышна долгая, двойная согласная в слове «sette»."
magpie,it_gem__fato_fatto__fatto,it_gem,it,plain,0.0,paolo,choice,"Вариант 1: fatto — двойная, долгая согласная | Вариант 2: fato — одна согласная",1,2,0,"Ответ: 2. Потому что звук «т» произносится коротко, как одна согласная, без характерного удлинения."
qwen3_voice,it_gem__pala_palla__pala,it_gem,it,plain,0.0,paolo,choice,"Вариант 1: pala — одна согласная | Вариант 2: palla — двойная, долгая согласная",1,1,1,"Ответ: 1. Согласный «l» звучит коротко, как одна согласная."
magpie,it_gem__nono_nonno__nono,it_gem,it,plain,0.125,paolo,choice,"Вариант 1: nono — одна согласная | Вариант 2: nonno — двойная, долгая согласная",1,1,1,"Ответ: 1. Согласный звук «н» произнесён коротко, без долготы, характерной для слова «nonno»."
moss_v15,it_gem__nono_nonno__nonno,it_gem,it,accent,0.647,paolo,choice,"Вариант 1: nonno — двойная, долгая согласная | Вариант 2: nono — одна согласная",1,1,1,"Ответ: 1. Я четко слышу долгий, двойной согласный звук «n» в слове «nonno»."
moss_v10,it_gem__papa_pappa__papa,it_gem,it,plain,0.062,paolo,choice,"Вариант 1: pappa — двойная, долгая согласная | Вариант 2: papa — одна согласная",2,2,1,"Ответ: 2. Согласный звук «p» произнесён коротко, как одна согласная."
magpie,it_gem__papa_pappa__pappa,it_gem,it,plain,0.0,paolo,choice,"Вариант 1: papa — одна согласная | Вариант 2: pappa — двойная, долгая согласная",2,1,0,"Ответ: 1. Согласный «п» произнесен кратко, без удвоения."
moss_v10,it_gem__sete_sette__sette,it_gem,it,accent,0.118,paolo,choice,"Вариант 1: sete — одна согласная | Вариант 2: sette — двойная, долгая согласная",2,2,1,"Ответ: 2. Согласный звук [t] произнесен долго и отчетливо, что указывает на удвоенную букву 't' в слове «sette»."
moss_v10,it_gem__pala_palla__palla,it_gem,it,ipa_len_word,0.529,paolo,choice,"Вариант 1: palla — двойная, долгая согласная | Вариант 2: pala — одна согласная",1,2,0,"Ответ: 2. Согласный звук «л» был произнесен коротко, как одна буква."
qwen3_voice,it_gem__capello_cappello__cappello,it_gem,it,accent,0.0,paolo,choice,"Вариант 1: cappello — двойная, долгая согласная | Вариант 2: capello — одна согласная",1,1,1,"Ответ: 1. Я четко услышал долгий звук «п», характерный для слова «cappello»."
moss_v10,it_gem__fato_fatto__fatto,it_gem,it,plain,0.0,paolo,choice,"Вариант 1: fato — одна согласная | Вариант 2: fatto — двойная, долгая согласная",2,2,1,"Ответ: 2. В слове «fatto» отчетливо слышна долгая, двойная согласная «t»."
moss_v15,it_gem__pala_palla__palla,it_gem,it,accent,0.353,paolo,choice,"Вариант 1: pala — одна согласная | Вариант 2: palla — двойная, долгая согласная",2,2,1,"Ответ: 2. В слове «palla» отчетливо слышна долгая, двойная согласная «ll»."
moss_v10,it_gem__papa_pappa__pappa,it_gem,it,ipa_word,0.294,paolo,choice,"Вариант 1: pappa — двойная, долгая согласная | Вариант 2: papa — одна согласная",1,0,0,"Ответ: ноль. В записи произнесено ""gufarti"", а не ""papa"" или ""pappa""."
piper,it_gem__papa_pappa__papa,it_gem,it,ipa_len,0.0,paolo,choice,"Вариант 1: papa — одна согласная | Вариант 2: pappa — двойная, долгая согласная",1,1,1,"Ответ: 1. Звук «п» прозвучал коротко, как одна согласная."
kokoro,it_gem__pala_palla__pala,it_gem,it,accent,0.0,paolo,choice,"Вариант 1: palla — двойная, долгая согласная | Вариант 2: pala — одна согласная",2,1,0,Ответ: 1. Согласная «l» в слове «palla» звучит отчетливо долго и напряженно.
moss_v15,it_gem__fato_fatto__fato,it_gem,it,accent,0.0,paolo,choice,"Вариант 1: fatto — двойная, долгая согласная | Вариант 2: fato — одна согласная",2,1,0,"Ответ: 1. В записи чётко слышна долгая, удвоенная согласная «т»."
kokoro,it_gem__pala_palla__palla,it_gem,it,accent,0.0,paolo,choice,"Вариант 1: palla — двойная, долгая согласная | Вариант 2: pala — одна согласная",1,1,1,"Ответ: 1. В слове «palla» отчетливо слышна долгая, двойная согласная «л»."
moss_v15,it_gem__fato_fatto__fato,it_gem,it,ipa_len_word,0.0,paolo,choice,"Вариант 1: fatto — двойная, долгая согласная | Вариант 2: fato — одна согласная",2,1,0,"Ответ: 1. Звук 'т' в слове был отчетливо длинным, что указывает на удвоенную согласную."
magpie,it_gem__capello_cappello__capello,it_gem,it,accent,0.0,paolo,choice,"Вариант 1: cappello — двойная, долгая согласная | Вариант 2: capello — одна согласная",2,2,1,"Ответ: 2. Согласная «п» звучит в записи как короткая, одинарная."
piper,it_gem__caro_carro__caro,it_gem,it,plain,0.0,paolo,choice,"Вариант 1: caro — одна согласная | Вариант 2: carro — двойная, долгая согласная",1,1,1,"Ответ: 1. Звук «р» отчетливо короткий, одна согласная."
kokoro,it_gem__nono_nonno__nonno,it_gem,it,accent,0.0,paolo,choice,"Вариант 1: nonno — двойная, долгая согласная | Вариант 2: nono — одна согласная",1,1,1,"Ответ: 1. Согласный звук «n» прозвучал длинно и отчётливо, как в слове «nonno»."
moss_v15,it_gem__papa_pappa__pappa,it_gem,it,accent,0.882,paolo,choice,"Вариант 1: pappa — двойная, долгая согласная | Вариант 2: papa — одна согласная",1,2,0,"Ответ: 2. Согласный «п» произнесен кратко, как одна согласная, а не как долгая двойная."
moss_v10,it_gem__papa_pappa__pappa,it_gem,it,plain,0.0,paolo,choice,"Вариант 1: pappa — двойная, долгая согласная | Вариант 2: papa — одна согласная",1,2,0,"Ответ: 2. Согласный звук «п» произнесен коротко, как одна согласная."
moss_v15,it_gem__sete_sette__sette,it_gem,it,accent,0.941,paolo,choice,"Вариант 1: sete — одна согласная | Вариант 2: sette — двойная, долгая согласная",2,0,0,"Ответ: ноль. Звук настолько искажён, что невозможно различить длительность согласной."
magpie,it_gem__fato_fatto__fato,it_gem,it,plain,0.0,paolo,choice,"Вариант 1: fato — одна согласная | Вариант 2: fatto — двойная, долгая согласная",1,2,0,"Ответ: 2. Чётко слышна долгая, удвоенная согласная «тт»."
qwen3_voice,it_gem__nono_nonno__nono,it_gem,it,plain,0.062,paolo,choice,"Вариант 1: nono — одна согласная | Вариант 2: nonno — двойная, долгая согласная",1,1,1,"Ответ: 1. Согласный звук «н» прозвучал коротко, как одна согласная."
kokoro,it_gem__caro_carro__carro,it_gem,it,plain,0.059,paolo,choice,"Вариант 1: carro — двойная, долгая согласная | Вариант 2: caro — одна согласная",1,2,0,"Ответ: 2. В слове «caro» слышится четкая одна согласная, а не долгая, как в «carro»."
moss_v15,it_gem__nono_nonno__nonno,it_gem,it,ipa_word,0.0,paolo,choice,"Вариант 1: nono — одна согласная | Вариант 2: nonno — двойная, долгая согласная",2,2,1,"Ответ: 2. В слове «nonno» отчетливо слышна долгая, удвоенная согласная «н»."
moss_v10,it_gem__fato_fatto__fato,it_gem,it,plain,0.062,paolo,choice,"Вариант 1: fatto — двойная, долгая согласная | Вариант 2: fato — одна согласная",2,1,0,Ответ: 1. Я четко услышал долгую двойную согласную в слове «fatto».
piper,it_gem__papa_pappa__pappa,it_gem,it,ipa,0.0,paolo,choice,"Вариант 1: papa — одна согласная | Вариант 2: pappa — двойная, долгая согласная",2,1,0,"Ответ: 1.
Потому что согласный звук произносится коротко."
kokoro,it_gem__caro_carro__carro,it_gem,it,ipa,0.059,paolo,choice,"Вариант 1: caro — одна согласная | Вариант 2: carro — двойная, долгая согласная",2,2,1,"Ответ: 2. В слове четко слышна долгая, двойная согласная «р»."
magpie,it_gem__sete_sette__sette,it_gem,it,plain,0.294,paolo,choice,"Вариант 1: sette — двойная, долгая согласная | Вариант 2: sete — одна согласная",1,,,[ошибка: received 1011 (internal error) Quota exceeded for quota metric 'API requests' and limit 'Request limit per minute for a region' of service 'generativelang; then sent 1011 (internal error) Quota exceeded for quota metric 'API requests' and limit 'Request limit per minute for a region' of service 'gen]
moss_v10,it_gem__caro_carro__caro,it_gem,it,ipa_word,0.375,paolo,choice,"Вариант 1: carro — двойная, долгая согласная | Вариант 2: caro — одна согласная",2,2,1,"Ответ: 2. Согласный «р» звучит коротко, как одна буква, а не долго, как в слове «carro»."
piper,it_gem__sete_sette__sette,it_gem,it,plain,0.294,paolo,choice,"Вариант 1: sette — двойная, долгая согласная | Вариант 2: sete — одна согласная",1,1,1,"Ответ: 1. Согласный «т» четко произнесен как долгий и двойной, как в слове «sette»."
magpie,it_gem__sete_sette__sete,it_gem,it,accent,0.0,paolo,choice,"Вариант 1: sette — двойная, долгая согласная | Вариант 2: sete — одна согласная",2,2,1,"Ответ: 2. Согласный «т» произнесён коротко, как в слове «sete»."
magpie,it_gem__papa_pappa__pappa,it_gem,it,accent,0.0,paolo,choice,"Вариант 1: pappa — двойная, долгая согласная | Вариант 2: papa — одна согласная",1,2,0,"Ответ: 2. Согласный звук «п» прозвучал коротко, как в слове «papa»."
moss_v10,it_gem__fato_fatto__fato,it_gem,it,accent,0.125,paolo,choice,"Вариант 1: fato — одна согласная | Вариант 2: fatto — двойная, долгая согласная",1,,,[ошибка: received 1007 (invalid frame payload data) Precondition check failed.; then sent 1007 (invalid frame payload data) Precondition check failed.]
moss_v10,it_gem__fato_fatto__fato,it_gem,it,ipa_len_word,0.188,paolo,choice,"Вариант 1: fato — одна согласная | Вариант 2: fatto — двойная, долгая согласная",1,2,0,Ответ: 2. В слове отчетливо слышна долгая двойная согласная «т».
kokoro,it_gem__pala_palla__palla,it_gem,it,ipa,0.0,paolo,choice,"Вариант 1: palla — двойная, долгая согласная | Вариант 2: pala — одна согласная",1,1,1,"Ответ: 1. Согласная ""l"" в слове «palla» звучит чётко и долго."
kokoro,it_gem__papa_pappa__papa,it_gem,it,plain,0.0,paolo,choice,"Вариант 1: pappa — двойная, долгая согласная | Вариант 2: papa — одна согласная",2,2,1,"Ответ: 2. В середине фразы согласный звук «п» произнесён коротко, как одна буква."
piper,it_gem__capello_cappello__capello,it_gem,it,ipa,0.053,paolo,choice,"Вариант 1: capello — одна согласная | Вариант 2: cappello — двойная, долгая согласная",1,2,0,Ответ: 2. В слове чётко слышна долгая двойная согласная «п».
kokoro,it_gem__capello_cappello__cappello,it_gem,it,ipa,0.0,paolo,choice,"Вариант 1: capello — одна согласная | Вариант 2: cappello — двойная, долгая согласная",2,2,1,Ответ: 2. Я четко слышу долгую согласную в слове «cappello».
kokoro,it_gem__capello_cappello__capello,it_gem,it,ipa,0.0,paolo,choice,"Вариант 1: capello — одна согласная | Вариант 2: cappello — двойная, долгая согласная",1,1,1,"Ответ: 1. Согласный звук «п» был произнесён кратко, как в слове «capello» со значением «волос»."
magpie,it_gem__caro_carro__caro,it_gem,it,accent,0.0,paolo,choice,"Вариант 1: caro — одна согласная | Вариант 2: carro — двойная, долгая согласная",1,1,1,"Ответ: 1. Звук «р» был короткий, как одна согласная."
moss_v15,it_gem__fato_fatto__fatto,it_gem,it,plain,0.0,paolo,choice,"Вариант 1: fato — одна согласная | Вариант 2: fatto — двойная, долгая согласная",2,2,1,"Ответ: 2. Четко слышна долгая двойная согласная в слове ""fatto""."
qwen3_voice,it_gem__fato_fatto__fatto,it_gem,it,accent,0.0,paolo,choice,"Вариант 1: fatto — двойная, долгая согласная | Вариант 2: fato — одна согласная",1,,,[ошибка: received 1007 (invalid frame payload data) Precondition check failed.; then sent 1007 (invalid frame payload data) Precondition check failed.]
moss_v15,it_gem__sete_sette__sete,it_gem,it,ipa_len_word,0.125,paolo,choice,"Вариант 1: sette — двойная, долгая согласная | Вариант 2: sete — одна согласная",2,1,0,"Ответ: 1. Согласный звук 't' в слове «sette» звучит долго и напряженно, как и положено для двойной согласной."
moss_v10,it_gem__capello_cappello__cappello,it_gem,it,plain,0.05,paolo,choice,"Вариант 1: capello — одна согласная | Вариант 2: cappello — двойная, долгая согласная",2,1,0,"Ответ: 1. Звук 'п' был произнесен как одна короткая согласная, без удвоения."
piper,it_gem__nono_nonno__nonno,it_gem,it,ipa_len,0.059,paolo,choice,"Вариант 1: nono — одна согласная | Вариант 2: nonno — двойная, долгая согласная",2,1,0,"Ответ: 1. Вторая согласная «н» звучит коротко, и между словами есть пауза."
kokoro,it_gem__papa_pappa__papa,it_gem,it,accent,0.0,paolo,choice,"Вариант 1: papa — одна согласная | Вариант 2: pappa — двойная, долгая согласная",1,1,1,"Ответ: 1. Согласный звук прозвучал коротко, как одна согласная."
kokoro,it_gem__pala_palla__pala,it_gem,it,ipa,0.0,paolo,choice,"Вариант 1: palla — двойная, долгая согласная | Вариант 2: pala — одна согласная",2,2,1,"Ответ: 2. Согласный звук ""л"" произнесен коротко, без долготы, характерной для двойной согласной."
moss_v10,it_gem__papa_pappa__pappa,it_gem,it,accent,0.0,paolo,choice,"Вариант 1: papa — одна согласная | Вариант 2: pappa — двойная, долгая согласная",2,2,1,Ответ: 2. В звуке четко слышна долгая и напряженная двойная согласная «п».
qwen3_voice,it_gem__capello_cappello__cappello,it_gem,it,plain,0.0,paolo,choice,"Вариант 1: cappello — двойная, долгая согласная | Вариант 2: capello — одна согласная",1,1,1,"Ответ: 1. Я четко слышу долгий, двойной согласный звук в слове «cappello»."
magpie,it_gem__papa_pappa__papa,it_gem,it,plain,0.0,paolo,choice,"Вариант 1: papa — одна согласная | Вариант 2: pappa — двойная, долгая согласная",1,1,1,"Ответ: 1. Согласный «п» звучит коротко, без долгой паузы, характерной для двойного согласного."
magpie,it_gem__fato_fatto__fatto,it_gem,it,accent,0.0,paolo,choice,"Вариант 1: fato — одна согласная | Вариант 2: fatto — двойная, долгая согласная",2,2,1,"Ответ: 2. В слове отчетливо слышна долгая, двойная согласная."
piper,it_gem__papa_pappa__papa,it_gem,it,plain,0.0,paolo,choice,"Вариант 1: pappa — двойная, долгая согласная | Вариант 2: papa — одна согласная",2,2,1,"Ответ: 2. Согласный звук «п» прозвучал кратко, без удвоения."
qwen3_voice,it_gem__papa_pappa__papa,it_gem,it,plain,0.0,paolo,choice,"Вариант 1: pappa — двойная, долгая согласная | Вариант 2: papa — одна согласная",2,2,1,"Ответ: 2. Согласный «п» звучит коротко, как в слове «papa»."
moss_v10,it_gem__pala_palla__palla,it_gem,it,ipa_word,0.353,paolo,choice,"Вариант 1: pala — одна согласная | Вариант 2: palla — двойная, долгая согласная",2,2,1,Ответ: 2. В звуке отчетливо слышна долгая двойная согласная.
piper,it_gem__sete_sette__sete,it_gem,it,ipa_len,0.375,paolo,choice,"Вариант 1: sette — двойная, долгая согласная | Вариант 2: sete — одна согласная",2,2,1,"Ответ: 2. В слове «sete» согласная «t» звучит коротко, одинарно."
qwen3_voice,it_gem__capello_cappello__capello,it_gem,it,accent,0.053,paolo,choice,"Вариант 1: cappello — двойная, долгая согласная | Вариант 2: capello — одна согласная",2,1,0,Ответ: 1. Согласная 'p' прозвучала отчетливо долго.
piper,it_gem__nono_nonno__nonno,it_gem,it,plain,0.0,paolo,choice,"Вариант 1: nono — одна согласная | Вариант 2: nonno — двойная, долгая согласная",2,1,0,"Ответ: 1. Согласный «н» звучит коротко, без долготы, характерной для двойных согласных."
magpie,it_gem__pala_palla__pala,it_gem,it,plain,0.188,paolo,choice,"Вариант 1: palla — двойная, долгая согласная | Вариант 2: pala — одна согласная",2,2,1,Ответ: 2. На записи четко слышен короткий согласный звук.
piper,it_gem__fato_fatto__fato,it_gem,it,accent,0.062,paolo,choice,"Вариант 1: fatto — двойная, долгая согласная | Вариант 2: fato — одна согласная",2,1,0,"Ответ: 1. В записи отчетливо слышна долгая, удвоенная согласная ""т"" в слове ""fatto""."
kokoro,it_gem__sete_sette__sette,it_gem,it,plain,0.294,paolo,choice,"Вариант 1: sette — двойная, долгая согласная | Вариант 2: sete — одна согласная",1,1,1,"Ответ: 1. Согласный звук «т» в слове прозвучал отчетливо долго, как и должно быть в «sette»."
kokoro,it_gem__fato_fatto__fatto,it_gem,it,plain,0.0,paolo,choice,"Вариант 1: fato — одна согласная | Вариант 2: fatto — двойная, долгая согласная",2,2,1,"Ответ: 2. Согласный «т» произносится отчетливо и долго, как и положено для двойной буквы в «fatto»."
magpie,it_gem__pala_palla__palla,it_gem,it,accent,0.0,paolo,choice,"Вариант 1: palla — двойная, долгая согласная | Вариант 2: pala — одна согласная",1,1,1,"Ответ: 1. Четко слышно долгое, двойное «л» в слове «palla»."
piper,it_gem__papa_pappa__pappa,it_gem,it,accent,0.0,paolo,choice,"Вариант 1: papa — одна согласная | Вариант 2: pappa — двойная, долгая согласная",2,1,0,"Ответ: 1. Согласный «п» звучит коротко, как в слове «papa», а не долго, как в «pappa»."
moss_v10,it_gem__caro_carro__caro,it_gem,it,plain,0.062,paolo,choice,"Вариант 1: caro — одна согласная | Вариант 2: carro — двойная, долгая согласная",1,1,1,"Ответ: 1. Звук «r» произнесен кратко, что соответствует одной согласной в слове «caro»."
piper,it_gem__caro_carro__caro,it_gem,it,ipa,0.0,paolo,choice,"Вариант 1: carro — двойная, долгая согласная | Вариант 2: caro — одна согласная",2,2,1,"Ответ: 2. Я услышал короткое, одинарное произношение согласного звука «р»."
moss_v10,it_gem__nono_nonno__nonno,it_gem,it,accent,0.176,paolo,choice,"Вариант 1: nono — одна согласная | Вариант 2: nonno — двойная, долгая согласная",2,1,0,"Ответ: 1. Звук «н» был произнесен кратко, как одна согласная."
kokoro,it_gem__papa_pappa__papa,it_gem,it,ipa,0.0,paolo,choice,"Вариант 1: pappa — двойная, долгая согласная | Вариант 2: papa — одна согласная",2,,,[ошибка: received 1011 (internal error) Quota exceeded for quota metric 'API requests' and limit 'Request limit per minute for a region' of service 'generativelang; then sent 1011 (internal error) Quota exceeded for quota metric 'API requests' and limit 'Request limit per minute for a region' of service 'gen]
moss_v15,it_gem__caro_carro__caro,it_gem,it,plain,0.188,paolo,choice,"Вариант 1: carro — двойная, долгая согласная | Вариант 2: caro — одна согласная",2,2,1,"Ответ: 2. В слове «caro» согласная «r» произносится отчётливо как один короткий звук, без удвоения."
moss_v10,it_gem__sete_sette__sette,it_gem,it,ipa_len_word,0.176,paolo,choice,"Вариант 1: sete — одна согласная | Вариант 2: sette — двойная, долгая согласная",2,0,0,"Ответ: ноль. На записи произнесено слово «sciocchezze», а не «sete» или «sette»."
piper,it_gem__pala_palla__pala,it_gem,it,accent,0.0,paolo,choice,"Вариант 1: pala — одна согласная | Вариант 2: palla — двойная, долгая согласная",1,1,1,Ответ: 1. В слове отчетливо слышен один краткий согласный «l».
qwen3_voice,it_gem__fato_fatto__fato,it_gem,it,plain,0.062,paolo,choice,"Вариант 1: fatto — двойная, долгая согласная | Вариант 2: fato — одна согласная",2,2,1,"Ответ: 2. В слове прозвучала одна согласная «t», без характерного удвоения."
piper,it_gem__nono_nonno__nonno,it_gem,it,accent,0.0,paolo,choice,"Вариант 1: nonno — двойная, долгая согласная | Вариант 2: nono — одна согласная",1,2,0,"Ответ: 2. В записи четко слышна одна короткая согласная «n», а не долгая двойная."
piper,it_gem__pala_palla__palla,it_gem,it,plain,0.0,paolo,choice,"Вариант 1: pala — одна согласная | Вариант 2: palla — двойная, долгая согласная",2,,,"[ошибка: received 1011 (internal error) You exceeded your current quota, please check your plan and billing details. For more information on this error, head to: h; then sent 1011 (internal error) You exceeded your current quota, please check your plan and billing details. For more information on this error,]"
moss_v10,it_gem__nono_nonno__nono,it_gem,it,ipa_word,0.188,paolo,choice,"Вариант 1: nonno — двойная, долгая согласная | Вариант 2: nono — одна согласная",2,2,1,"Ответ: 2
В слове ""nono"" согласный ""n"" произносится как один короткий звук, без удлинения."
moss_v15,it_gem__caro_carro__caro,it_gem,it,ipa_word,0.0,paolo,choice,"Вариант 1: carro — двойная, долгая согласная | Вариант 2: caro — одна согласная",2,2,1,Ответ: 2. В записи четко слышен один короткий звук «р».
magpie,it_gem__papa_pappa__papa,it_gem,it,accent,0.0,paolo,choice,"Вариант 1: pappa — двойная, долгая согласная | Вариант 2: papa — одна согласная",2,2,1,"Ответ: 2. В середине прозвучал короткий согласный звук, как в слове «papa»."
kokoro,it_gem__fato_fatto__fato,it_gem,it,accent,0.062,paolo,choice,"Вариант 1: fatto — двойная, долгая согласная | Вариант 2: fato — одна согласная",2,1,0,"Ответ: 1. В записи отчетливо слышна долгая, удвоенная согласная «t» в слове «fatto»."
kokoro,it_gem__capello_cappello__capello,it_gem,it,accent,0.0,paolo,choice,"Вариант 1: cappello — двойная, долгая согласная | Вариант 2: capello — одна согласная",2,2,1,"Ответ: 2. В записи отчетливо слышна одна короткая согласная «p», без долгого произношения, характерного для двойной согласной."
moss_v10,it_gem__caro_carro__caro,it_gem,it,ipa_len_word,0.25,paolo,choice,"Вариант 1: caro — одна согласная | Вариант 2: carro — двойная, долгая согласная",1,0,0,"Ответ: ноль. В записи прозвучало слово ""chiaro""."
moss_v15,it_gem__pala_palla__pala,it_gem,it,ipa_len_word,0.0,paolo,choice,"Вариант 1: palla — двойная, долгая согласная | Вариант 2: pala — одна согласная",2,2,1,"Ответ: 2. Согласный звук «l» в слове «pala» произнесен коротко, без характерного удвоения для «palla»."
qwen3_voice,it_gem__nono_nonno__nonno,it_gem,it,plain,0.0,paolo,choice,"Вариант 1: nono — одна согласная | Вариант 2: nonno — двойная, долгая согласная",2,2,1,"Ответ: 2. Слышна характерная долгая, двойная согласная «n»."
qwen3_voice,it_gem__caro_carro__carro,it_gem,it,accent,0.0,paolo,choice,"Вариант 1: caro — одна согласная | Вариант 2: carro — двойная, долгая согласная",2,2,1,Ответ: 2. В слове четко слышна долгая согласная «р».
kokoro,it_gem__fato_fatto__fato,it_gem,it,ipa,0.062,paolo,choice,"Вариант 1: fatto — двойная, долгая согласная | Вариант 2: fato — одна согласная",2,1,0,Ответ: 1. В записи отчетливо слышно долгую согласную «т» в слове «fatto».
piper,it_gem__fato_fatto__fatto,it_gem,it,ipa_len,0.176,paolo,choice,"Вариант 1: fatto — двойная, долгая согласная | Вариант 2: fato — одна согласная",1,1,1,"Ответ: 1. Звук «тт» прозвучал отчетливо и долго, как в слове «fatto»."
piper,it_gem__caro_carro__carro,it_gem,it,accent,0.0,paolo,choice,"Вариант 1: carro — двойная, долгая согласная | Вариант 2: caro — одна согласная",1,1,1,"Ответ: 1. В слове «carro» согласная «r» звучит долго и чётко артикулируется, как двойная."
piper,it_gem__caro_carro__carro,it_gem,it,ipa,0.059,paolo,choice,"Вариант 1: caro — одна согласная | Вариант 2: carro — двойная, долгая согласная",2,,,[ошибка: received 1011 (internal error) Quota exceeded for quota metric 'API requests' and limit 'Request limit per minute for a region' of service 'generativelang; then sent 1011 (internal error) Quota exceeded for quota metric 'API requests' and limit 'Request limit per minute for a region' of service 'gen]
moss_v15,it_gem__pala_palla__palla,it_gem,it,ipa_len_word,0.059,paolo,choice,"Вариант 1: pala — одна согласная | Вариант 2: palla — двойная, долгая согласная",2,1,0,"Ответ: 1. Согласный звук «л» произнесён отчётливо коротко, без удлинения."
qwen3_voice,it_gem__fato_fatto__fato,it_gem,it,accent,0.062,paolo,choice,"Вариант 1: fatto — двойная, долгая согласная | Вариант 2: fato — одна согласная",2,1,0,"Ответ: 1. Звук «т» явно долгий, поэтому мы слышим именно двойную согласную."
moss_v15,it_gem__sete_sette__sette,it_gem,it,ipa_word,0.0,paolo,choice,"Вариант 1: sete — одна согласная | Вариант 2: sette — двойная, долгая согласная",2,,,[ошибка: received 1007 (invalid frame payload data) Precondition check failed.; then sent 1007 (invalid frame payload data) Precondition check failed.]
kokoro,it_gem__papa_pappa__pappa,it_gem,it,plain,0.059,paolo,choice,"Вариант 1: papa — одна согласная | Вариант 2: pappa — двойная, долгая согласная",2,1,0,"Ответ: 1. Звук 'п' был произнесен как одна согласная, без долгой паузы и характерного удвоения."
piper,it_gem__pala_palla__palla,it_gem,it,ipa,0.0,paolo,choice,"Вариант 1: palla — двойная, долгая согласная | Вариант 2: pala — одна согласная",1,1,1,"Ответ: 1. Четко слышна долгая согласная «л», хотя в слове была допущена ошибка и произнесена буква «б» вместо «п»."
piper,it_gem__capello_cappello__cappello,it_gem,it,ipa,0.0,paolo,choice,"Вариант 1: cappello — двойная, долгая согласная | Вариант 2: capello — одна согласная",1,1,1,"Ответ: 1. В записи отчетливо слышна долгая, двойная согласная «п» в слове «cappello»."
qwen3_voice,it_gem__caro_carro__caro,it_gem,it,plain,0.0,paolo,choice,"Вариант 1: caro — одна согласная | Вариант 2: carro — двойная, долгая согласная",1,1,1,"Ответ: 1. Звук 'r' произнесён коротко, как одна согласная."
moss_v15,it_gem__papa_pappa__pappa,it_gem,it,ipa_len_word,0.059,paolo,choice,"Вариант 1: pappa — двойная, долгая согласная | Вариант 2: papa — одна согласная",1,2,0,"Ответ: 2. Согласный «п» звучит коротко, без долготы, характерной для двойных звуков."
kokoro,it_gem__caro_carro__caro,it_gem,it,plain,0.0,paolo,choice,"Вариант 1: caro — одна согласная | Вариант 2: carro — двойная, долгая согласная",1,1,1,"Ответ: 1. Звук 'р' короткий, слышна одна согласная, как в слове «caro»."
moss_v15,it_gem__nono_nonno__nonno,it_gem,it,ipa_len_word,0.118,paolo,choice,"Вариант 1: nono — одна согласная | Вариант 2: nonno — двойная, долгая согласная",2,1,0,Ответ: 1. Согласный звук произнесен коротко и чётко слышна пауза между двумя «no».
qwen3_voice,it_gem__caro_carro__caro,it_gem,it,accent,0.0,paolo,choice,"Вариант 1: carro — двойная, долгая согласная | Вариант 2: caro — одна согласная",2,2,1,"Ответ: 2. Я услышал короткий звук [r], что соответствует одной согласной, как в слове ""caro""."
moss_v15,it_gem__capello_cappello__cappello,it_gem,it,ipa_word,0.2,paolo,choice,"Вариант 1: capello — одна согласная | Вариант 2: cappello — двойная, долгая согласная",2,1,0,"Ответ: 1. Согласный «п» звучит коротко, как в слове с одной буквой «p»."
piper,it_gem__sete_sette__sette,it_gem,it,accent,0.0,paolo,choice,"Вариант 1: sete — одна согласная | Вариант 2: sette — двойная, долгая согласная",2,2,1,"Ответ: 2. Согласный 't' в середине звучит долго, как двойной."
moss_v10,it_gem__fato_fatto__fatto,it_gem,it,accent,0.0,paolo,choice,"Вариант 1: fato — одна согласная | Вариант 2: fatto — двойная, долгая согласная",2,2,1,"Ответ: 2. Я чётко услышал долгий, двойной согласный звук «тт»."
kokoro,it_gem__capello_cappello__cappello,it_gem,it,ipa_len,0.0,paolo,choice,"Вариант 1: cappello — двойная, долгая согласная | Вариант 2: capello — одна согласная",1,1,1,Ответ: 1. Долгая согласная «п» отчетливо слышна при произношении.
moss_v15,it_gem__fato_fatto__fato,it_gem,it,ipa_word,0.062,paolo,choice,"Вариант 1: fatto — двойная, долгая согласная | Вариант 2: fato — одна согласная",2,1,0,"Ответ: 1. Согласная «т» звучит отчетливо долго и напряженно, как в слове «fatto»."
moss_v10,it_gem__papa_pappa__papa,it_gem,it,ipa_len_word,0.312,paolo,choice,"Вариант 1: pappa — двойная, долгая согласная | Вариант 2: papa — одна согласная",2,2,1,Ответ: 2. В слове прозвучала одна согласная без долгой паузы.
moss_v15,it_gem__nono_nonno__nonno,it_gem,it,plain,0.0,paolo,choice,"Вариант 1: nono — одна согласная | Вариант 2: nonno — двойная, долгая согласная",2,1,0,"Ответ: 1. Согласный «н» звучит коротко, без удвоения."
moss_v10,it_gem__sete_sette__sete,it_gem,it,plain,0.0,paolo,choice,"Вариант 1: sette — двойная, долгая согласная | Вариант 2: sete — одна согласная",2,2,1,"Ответ: 2. Согласный «т» звучит коротко, как в слове «sete», а не как долгий двойной звук."
piper,it_gem__capello_cappello__capello,it_gem,it,plain,0.0,paolo,choice,"Вариант 1: capello — одна согласная | Вариант 2: cappello — двойная, долгая согласная",1,1,1,"Ответ: 1. В слове «capello» согласный «п» звучит коротко, без удлинения."
moss_v15,it_gem__fato_fatto__fatto,it_gem,it,accent,0.0,paolo,choice,"Вариант 1: fatto — двойная, долгая согласная | Вариант 2: fato — одна согласная",1,1,1,"Ответ: 1. В записи отчетливо слышно удвоенный, долгий согласный звук «t» в слове «fatto»."
piper,it_gem__sete_sette__sete,it_gem,it,accent,0.375,paolo,choice,"Вариант 1: sete — одна согласная | Вариант 2: sette — двойная, долгая согласная",1,1,1,"Ответ: 1. В слове чётко слышен один короткий согласный звук [t], что соответствует варианту «sete»."
moss_v10,it_gem__nono_nonno__nonno,it_gem,it,plain,0.118,paolo,choice,"Вариант 1: nono — одна согласная | Вариант 2: nonno — двойная, долгая согласная",2,1,0,"Ответ: 1. Согласный звук «н» прозвучал коротко, как одна буква, а не двойная."
moss_v15,it_gem__fato_fatto__fato,it_gem,it,plain,0.188,paolo,choice,"Вариант 1: fato — одна согласная | Вариант 2: fatto — двойная, долгая согласная",1,1,1,"Ответ: 1
Звук 't' произнесен коротко, без характерного для двойной согласной удлинения."
kokoro,it_gem__papa_pappa__pappa,it_gem,it,ipa_len,0.059,paolo,choice,"Вариант 1: papa — одна согласная | Вариант 2: pappa — двойная, долгая согласная",2,1,0,"Ответ: 1. Согласный звук 'п' произнесён кратко, как одна буква в слове 'papa'."
piper,it_gem__capello_cappello__capello,it_gem,it,accent,0.0,paolo,choice,"Вариант 1: capello — одна согласная | Вариант 2: cappello — двойная, долгая согласная",1,2,0,"Ответ: 2. Слышна долгая, удвоенная согласная «п»."
piper,it_gem__pala_palla__pala,it_gem,it,ipa,0.062,paolo,choice,"Вариант 1: palla — двойная, долгая согласная | Вариант 2: pala — одна согласная",2,0,0,"Ответ: ноль. На записи чётко слышна двойная «л», но само слово начинается на «б», а не на «п»."
qwen3_voice,it_gem__pala_palla__palla,it_gem,it,plain,0.0,paolo,choice,"Вариант 1: palla — двойная, долгая согласная | Вариант 2: pala — одна согласная",1,1,1,"Ответ: 1. Согласная «l» в слове «palla» звучит долго и напряженно, как и должно быть в итальянском."
moss_v15,it_gem__sete_sette__sete,it_gem,it,accent,0.25,paolo,choice,"Вариант 1: sete — одна согласная | Вариант 2: sette — двойная, долгая согласная",1,2,0,"Ответ: 2. Чётко слышна долгая, двойная согласная 't'."
moss_v10,it_gem__pala_palla__pala,it_gem,it,ipa_len_word,0.312,paolo,choice,"Вариант 1: palla — двойная, долгая согласная | Вариант 2: pala — одна согласная",2,2,1,"Ответ: 2. Согласный звук «l» произнесён кратко, без удвоения."
kokoro,it_gem__sete_sette__sette,it_gem,it,ipa_len,0.294,paolo,choice,"Вариант 1: sette — двойная, долгая согласная | Вариант 2: sete — одна согласная",1,1,1,"Ответ: 1. Согласный звук «т» в слове «sette» звучит долго и акцентированно, как и положено для двойной буквы."
piper,it_gem__fato_fatto__fato,it_gem,it,ipa,0.25,paolo,choice,"Вариант 1: fatto — двойная, долгая согласная | Вариант 2: fato — одна согласная",2,1,0,"Ответ: 1. Согласный звук «т» звучит долго и отчетливо, как и должно быть в слове «fatto»."
kokoro,it_gem__nono_nonno__nono,it_gem,it,plain,0.0,paolo,choice,"Вариант 1: nono — одна согласная | Вариант 2: nonno — двойная, долгая согласная",1,1,1,"Ответ: 1. Согласный «н» в слове «nono» звучит коротко, нет долгого произношения двойной согласной."
moss_v15,it_gem__papa_pappa__papa,it_gem,it,accent,0.062,paolo,choice,"Вариант 1: papa — одна согласная | Вариант 2: pappa — двойная, долгая согласная",1,1,1,"Ответ: 1. Согласный звук «p» произнесен коротко, без долготы, характерной для двойной согласной."
kokoro,it_gem__fato_fatto__fatto,it_gem,it,ipa_len,0.0,paolo,choice,"Вариант 1: fatto — двойная, долгая согласная | Вариант 2: fato — одна согласная",1,1,1,"Ответ: 1. Я четко услышал длинную, удвоенную согласную «т» в слове «fatto»."
piper,it_gem__caro_carro__carro,it_gem,it,plain,0.0,paolo,choice,"Вариант 1: carro — двойная, долгая согласная | Вариант 2: caro — одна согласная",1,1,1,"Ответ: 1. В слове чётко слышна долгая, удвоенная согласная «r»."
moss_v10,it_gem__sete_sette__sete,it_gem,it,ipa_len_word,0.688,paolo,choice,"Вариант 1: sete — одна согласная | Вариант 2: sette — двойная, долгая согласная",1,1,1,"Ответ: 1. Согласный «т» звучит коротко, без удвоения, как в слове «sete»."
moss_v10,it_gem__nono_nonno__nonno,it_gem,it,ipa_word,0.235,paolo,choice,"Вариант 1: nonno — двойная, долгая согласная | Вариант 2: nono — одна согласная",1,2,0,Ответ: 2. В слове отчетливо слышна одна краткая согласная «н».
piper,it_gem__papa_pappa__papa,it_gem,it,ipa,0.0,paolo,choice,"Вариант 1: pappa — двойная, долгая согласная | Вариант 2: papa — одна согласная",2,2,1,"Ответ: 2. В слове прозвучала одна, короткая согласная «p», а не долгая."
moss_v10,it_gem__pala_palla__palla,it_gem,it,plain,0.0,paolo,choice,"Вариант 1: pala — одна согласная | Вариант 2: palla — двойная, долгая согласная",2,,,[ошибка: received 1011 (internal error) Quota exceeded for quota metric 'API requests' and limit 'Request limit per minute for a region' of service 'generativelang; then sent 1011 (internal error) Quota exceeded for quota metric 'API requests' and limit 'Request limit per minute for a region' of service 'gen]
piper,it_gem__fato_fatto__fatto,it_gem,it,accent,0.176,paolo,choice,"Вариант 1: fato — одна согласная | Вариант 2: fatto — двойная, долгая согласная",2,2,1,"Ответ: 2. Чётко слышна долгая, двойная согласная «т»."
kokoro,it_gem__caro_carro__caro,it_gem,it,ipa,0.0,paolo,choice,"Вариант 1: carro — двойная, долгая согласная | Вариант 2: caro — одна согласная",2,2,1,"Ответ: 2. Согласная «р» звучит коротко, как одинарная."
magpie,it_gem__nono_nonno__nonno,it_gem,it,plain,0.0,paolo,choice,"Вариант 1: nonno — двойная, долгая согласная | Вариант 2: nono — одна согласная",1,1,1,Ответ: 1. Я четко слышу долгую двойную согласную в слове «nonno».
moss_v15,it_gem__nono_nonno__nono,it_gem,it,ipa_word,0.062,paolo,choice,"Вариант 1: nono — одна согласная | Вариант 2: nonno — двойная, долгая согласная",1,1,1,"Ответ: 1. Согласный «n» звучит коротко, как одна буква."
qwen3_voice,it_gem__pala_palla__pala,it_gem,it,accent,0.0,paolo,choice,"Вариант 1: palla — двойная, долгая согласная | Вариант 2: pala — одна согласная",2,2,1,"Ответ: 2. Согласный звук «l» прозвучал коротко, как одна буква."
moss_v15,it_gem__nono_nonno__nono,it_gem,it,accent,0.0,paolo,choice,"Вариант 1: nonno — двойная, долгая согласная | Вариант 2: nono — одна согласная",2,0,0,"Ответ: ноль. В записи чётко слышно два отдельных слова «no, no»."
qwen3_voice,it_gem__sete_sette__sete,it_gem,it,plain,0.0,paolo,choice,"Вариант 1: sete — одна согласная | Вариант 2: sette — двойная, долгая согласная",1,1,1,"Ответ: 1. Согласный звук «т» звучит коротко, без долготы, характерной для удвоенных согласных."
moss_v10,it_gem__sete_sette__sete,it_gem,it,ipa_word,0.375,paolo,choice,"Вариант 1: sette — двойная, долгая согласная | Вариант 2: sete — одна согласная",2,2,1,"Ответ: 2. Согласный «т» произнесен коротко, как в слове «sete»."
piper,it_gem__papa_pappa__papa,it_gem,it,accent,0.0,paolo,choice,"Вариант 1: papa — одна согласная | Вариант 2: pappa — двойная, долгая согласная",1,1,1,"Ответ: 1. Согласный звук «п» произнесен коротко, как один согласный."
moss_v10,it_gem__capello_cappello__capello,it_gem,it,ipa_word,0.316,paolo,choice,"Вариант 1: cappello — двойная, долгая согласная | Вариант 2: capello — одна согласная",2,2,1,"Ответ: 2. В слове прозвучала одна согласная, так как звук «п» был короткий."
magpie,it_gem__fato_fatto__fato,it_gem,it,accent,0.062,paolo,choice,"Вариант 1: fatto — двойная, долгая согласная | Вариант 2: fato — одна согласная",2,2,1,"Ответ: 2. Согласная «т» звучит коротко, без удвоения, поэтому это «fato»."
moss_v15,it_gem__fato_fatto__fatto,it_gem,it,ipa_len_word,0.353,paolo,choice,"Вариант 1: fatto — двойная, долгая согласная | Вариант 2: fato — одна согласная",1,2,0,"Ответ: 2. В слове чётко слышен короткий, одиночный согласный звук «т», а не сдвоенный."
moss_v10,it_gem__capello_cappello__capello,it_gem,it,accent,0.0,paolo,choice,"Вариант 1: cappello — двойная, долгая согласная | Вариант 2: capello — одна согласная",2,1,0,Ответ: 1. Согласный звук «п» в слове «cappello» прозвучал отчётливо долго.
moss_v10,it_gem__caro_carro__carro,it_gem,it,ipa_word,0.235,paolo,choice,"Вариант 1: carro — двойная, долгая согласная | Вариант 2: caro — одна согласная",1,,,[ошибка: received 1007 (invalid frame payload data) Precondition check failed.; then sent 1007 (invalid frame payload data) Precondition check failed.]
moss_v15,it_gem__papa_pappa__papa,it_gem,it,plain,0.312,paolo,choice,"Вариант 1: papa — одна согласная | Вариант 2: pappa — двойная, долгая согласная",1,1,1,"Ответ: 1. Согласный «p» произносится кратко, без удвоения."
moss_v15,it_gem__capello_cappello__cappello,it_gem,it,ipa_len_word,0.55,paolo,choice,"Вариант 1: cappello — двойная, долгая согласная | Вариант 2: capello — одна согласная",1,,,[ошибка: received 1007 (invalid frame payload data) Precondition check failed.; then sent 1007 (invalid frame payload data) Precondition check failed.]
moss_v15,it_gem__caro_carro__caro,it_gem,it,ipa_len_word,0.0,paolo,choice,"Вариант 1: carro — двойная, долгая согласная | Вариант 2: caro — одна согласная",2,2,1,"Ответ: 2. В слове «caro» согласный «r» произносится как один короткий звук, без удлинения."
moss_v15,it_gem__pala_palla__palla,it_gem,it,ipa_word,0.0,paolo,choice,"Вариант 1: palla — двойная, долгая согласная | Вариант 2: pala — одна согласная",1,1,1,"Ответ: 1. Согласная 'l' в слове 'palla' звучит четко и долго, как и положено для двойного звука."
moss_v15,it_gem__sete_sette__sette,it_gem,it,plain,0.294,paolo,choice,"Вариант 1: sette — двойная, долгая согласная | Вариант 2: sete — одна согласная",1,1,1,"Ответ: 1. Согласный «т» в слове прозвучал отчетливо долго и двойственно, как в «sette»."
kokoro,it_gem__sete_sette__sette,it_gem,it,ipa,0.294,paolo,choice,"Вариант 1: sette — двойная, долгая согласная | Вариант 2: sete — одна согласная",1,1,1,"Ответ: 1. Там отчетливо слышна долгая согласная ""t""."
moss_v15,it_gem__capello_cappello__capello,it_gem,it,ipa_word,0.105,paolo,choice,"Вариант 1: capello — одна согласная | Вариант 2: cappello — двойная, долгая согласная",1,,,[ошибка: received 1007 (invalid frame payload data) Precondition check failed.; then sent 1007 (invalid frame payload data) Precondition check failed.]
moss_v15,it_gem__caro_carro__carro,it_gem,it,ipa_word,0.059,paolo,choice,"Вариант 1: carro — двойная, долгая согласная | Вариант 2: caro — одна согласная",1,1,1,Ответ: 1. Согласный звук «р» отчётливо произносится длинным и долгим.
piper,it_gem__sete_sette__sette,it_gem,it,ipa,0.235,paolo,choice,"Вариант 1: sete — одна согласная | Вариант 2: sette — двойная, долгая согласная",2,2,1,"Ответ: 2. Согласный звук «т» произнесён долго и отчётливо, как в слове «sette»."
kokoro,it_gem__fato_fatto__fatto,it_gem,it,ipa,0.0,paolo,choice,"Вариант 1: fato — одна согласная | Вариант 2: fatto — двойная, долгая согласная",2,,,[ошибка: received 1007 (invalid frame payload data) Precondition check failed.; then sent 1007 (invalid frame payload data) Precondition check failed.]
moss_v10,it_gem__caro_carro__carro,it_gem,it,accent,0.176,paolo,choice,"Вариант 1: caro — одна согласная | Вариант 2: carro — двойная, долгая согласная",2,1,0,"Ответ: 1. Один, потому что звук «р» короткий, как один удар, а не длинный."
kokoro,it_gem__nono_nonno__nonno,it_gem,it,ipa,0.0,paolo,choice,"Вариант 1: nono — одна согласная | Вариант 2: nonno — двойная, долгая согласная",2,2,1,"Ответ: 2. Слышна четкая, долгая двойная согласная."
moss_v15,it_gem__papa_pappa__pappa,it_gem,it,ipa_word,0.059,paolo,choice,"Вариант 1: papa — одна согласная | Вариант 2: pappa — двойная, долгая согласная",2,1,0,"Ответ: 1. Согласный «p» звучит коротко, без удвоения, как в слове «pappa»."
moss_v10,it_gem__capello_cappello__capello,it_gem,it,ipa_len_word,0.263,paolo,choice,"Вариант 1: cappello — двойная, долгая согласная | Вариант 2: capello — одна согласная",2,0,0,"Ответ: ноль. Звук невнятный, поэтому различить одинарную или двойную согласную невозможно."
qwen3_voice,it_gem__papa_pappa__pappa,it_gem,it,accent,0.059,paolo,choice,"Вариант 1: papa — одна согласная | Вариант 2: pappa — двойная, долгая согласная",2,2,1,"Ответ: 2. В слове отчетливо слышна долгая, двойная согласная «p»."
qwen3_voice,it_gem__sete_sette__sette,it_gem,it,accent,0.294,paolo,choice,"Вариант 1: sette — двойная, долгая согласная | Вариант 2: sete — одна согласная",1,1,1,"Ответ: 1. Согласная «т» звучит долго и отчетливо, как в слове sette."
piper,it_gem__nono_nonno__nono,it_gem,it,ipa,0.062,paolo,choice,"Вариант 1: nono — одна согласная | Вариант 2: nonno — двойная, долгая согласная",1,1,1,"Ответ: 1. Согласный «н» звучит коротко, без характерной для «nonno» долготы."
moss_v15,it_gem__pala_palla__pala,it_gem,it,accent,0.438,paolo,choice,"Вариант 1: palla — двойная, долгая согласная | Вариант 2: pala — одна согласная",2,2,1,"Ответ: 2. В звуке отчетливо слышна одна короткая согласная ""l"", а не долгая."
moss_v15,it_gem__papa_pappa__papa,it_gem,it,ipa_len_word,0.0,paolo,choice,"Вариант 1: pappa — двойная, долгая согласная | Вариант 2: papa — одна согласная",2,2,1,"Ответ: 2. В записи прозвучал короткий звук «п», а не долгий, как в слове «pappa»."
kokoro,it_gem__capello_cappello__cappello,it_gem,it,plain,0.0,paolo,choice,"Вариант 1: cappello — двойная, долгая согласная | Вариант 2: capello — одна согласная",1,1,1,Ответ: 1. В слове отчетливо слышна долгая согласная «п».
moss_v10,it_gem__nono_nonno__nono,it_gem,it,ipa_len_word,0.25,paolo,choice,"Вариант 1: nono — одна согласная | Вариант 2: nonno — двойная, долгая согласная",1,1,1,Ответ: 1. Согласный «н» в середине произнесён как один краткий звук.
moss_v15,it_gem__caro_carro__carro,it_gem,it,accent,0.0,paolo,choice,"Вариант 1: carro — двойная, долгая согласная | Вариант 2: caro — одна согласная",1,1,1,"Ответ: 1. Согласный «r» произносится отчетливо долго, как двойной звук."
piper,it_gem__papa_pappa__pappa,it_gem,it,plain,0.059,paolo,choice,"Вариант 1: papa — одна согласная | Вариант 2: pappa — двойная, долгая согласная",2,1,0,"Ответ: 1. Согласный звук 'p' звучит коротко, как одна согласная."
piper,it_gem__fato_fatto__fatto,it_gem,it,ipa,0.0,paolo,choice,"Вариант 1: fatto — двойная, долгая согласная | Вариант 2: fato — одна согласная",1,1,1,"Ответ: 1. Согласная ""t"" звучит долго и акцентированно, как в слове ""fatto""."
piper,it_gem__pala_palla__palla,it_gem,it,ipa_len,0.118,paolo,choice,"Вариант 1: pala — одна согласная | Вариант 2: palla — двойная, долгая согласная",2,2,1,"Ответ: 2. В звуке отчетливо слышна долгая, двойная согласная «л»."
kokoro,it_gem__fato_fatto__fato,it_gem,it,plain,0.062,paolo,choice,"Вариант 1: fato — одна согласная | Вариант 2: fatto — двойная, долгая согласная",1,2,0,"Ответ: 2. Я услышал отчетливую долгую согласную в слове ""fatto""."
moss_v10,it_gem__pala_palla__pala,it_gem,it,ipa_word,0.875,paolo,choice,"Вариант 1: palla — двойная, долгая согласная | Вариант 2: pala — одна согласная",2,2,1,"Ответ: 2. Согласный звук [l] в слове «pala» произнесён коротко, без характерной для «palla» долготы."
moss_v15,it_gem__capello_cappello__cappello,it_gem,it,accent,0.0,paolo,choice,"Вариант 1: cappello — двойная, долгая согласная | Вариант 2: capello — одна согласная",1,1,1,"Ответ: 1. Согласный звук «п» отчетливо произнесен как долгий, двойной."
moss_v15,it_gem__nono_nonno__nono,it_gem,it,plain,0.0,paolo,choice,"Вариант 1: nonno — двойная, долгая согласная | Вариант 2: nono — одна согласная",2,2,1,"Ответ: 2. В слове прозвучала одна согласная, звук был короткий."
moss_v15,it_gem__capello_cappello__capello,it_gem,it,ipa_len_word,0.053,paolo,choice,"Вариант 1: cappello — двойная, долгая согласная | Вариант 2: capello — одна согласная",2,2,1,"Ответ: 2. В слове прозвучала одна согласная, без долготы и удвоения."
piper,it_gem__nono_nonno__nono,it_gem,it,accent,0.062,paolo,choice,"Вариант 1: nono — одна согласная | Вариант 2: nonno — двойная, долгая согласная",1,1,1,"Ответ: 1. Согласный звук «н» прозвучал коротко, без характерного удвоения, как в слове «nono»."
moss_v15,it_gem__caro_carro__carro,it_gem,it,ipa_len_word,0.118,paolo,choice,"Вариант 1: caro — одна согласная | Вариант 2: carro — двойная, долгая согласная",2,1,0,"Ответ: 1. Звук «р» произнесён коротко, как одна согласная."
moss_v10,it_gem__caro_carro__caro,it_gem,it,accent,0.0,paolo,choice,"Вариант 1: carro — двойная, долгая согласная | Вариант 2: caro — одна согласная",2,2,1,Ответ: 2. В слове прозвучала одна короткая согласная «р».
qwen3_voice,it_gem__papa_pappa__papa,it_gem,it,accent,0.0,paolo,choice,"Вариант 1: pappa — двойная, долгая согласная | Вариант 2: papa — одна согласная",2,2,1,"Ответ: 2. Согласный звук «p» произносится коротко, как одиночный, а не долгий."
piper,it_gem__capello_cappello__cappello,it_gem,it,accent,0.0,paolo,choice,"Вариант 1: capello — одна согласная | Вариант 2: cappello — двойная, долгая согласная",2,2,1,"Ответ: 2. В слове «cappello» отчетливо слышна длинная, двойная согласная «pp»."
kokoro,it_gem__pala_palla__palla,it_gem,it,plain,0.0,paolo,choice,"Вариант 1: palla — двойная, долгая согласная | Вариант 2: pala — одна согласная",1,,,[ошибка: received 1011 (internal error) Quota exceeded for quota metric 'API requests' and limit 'Request limit per minute for a region' of service 'generativelang; then sent 1011 (internal error) Quota exceeded for quota metric 'API requests' and limit 'Request limit per minute for a region' of service 'gen]
qwen3_voice,it_gem__fato_fatto__fatto,it_gem,it,plain,0.0,paolo,choice,"Вариант 1: fato — одна согласная | Вариант 2: fatto — двойная, долгая согласная",2,2,1,"Ответ: 2. Отчётливо слышна долгая, удвоенная согласная в слове «fatto»."
magpie,it_gem__nono_nonno__nono,it_gem,it,accent,0.0,paolo,choice,"Вариант 1: nonno — двойная, долгая согласная | Вариант 2: nono — одна согласная",2,1,0,"Ответ: 1. Согласный «н» звучит долго и отчетливо, что указывает на двойную согласную в слове «nonno»."
qwen3_voice,it_gem__papa_pappa__pappa,it_gem,it,plain,0.0,paolo,choice,"Вариант 1: pappa — двойная, долгая согласная | Вариант 2: papa — одна согласная",1,2,0,"Ответ: 2. Согласный звук ""p"" звучит коротко и четко, как одна согласная."
kokoro,it_gem__caro_carro__caro,it_gem,it,accent,0.0,paolo,choice,"Вариант 1: carro — двойная, долгая согласная | Вариант 2: caro — одна согласная",2,2,1,"Ответ: 2. В слове прозвучала одна короткая согласная «r», как в слове «caro»."
moss_v10,it_gem__papa_pappa__papa,it_gem,it,accent,0.0,paolo,choice,"Вариант 1: pappa — двойная, долгая согласная | Вариант 2: papa — одна согласная",2,2,1,"Ответ: 2. Согласный «п» звучит коротко, как один звук."
piper,it_gem__pala_palla__palla,it_gem,it,accent,0.0,paolo,choice,"Вариант 1: pala — одна согласная | Вариант 2: palla — двойная, долгая согласная",2,2,1,"Ответ: 2. Слышна долгая, двойная согласная в слове «palla»."
moss_v10,it_gem__caro_carro__carro,it_gem,it,plain,0.176,paolo,choice,"Вариант 1: caro — одна согласная | Вариант 2: carro — двойная, долгая согласная",2,1,0,"Ответ: 1. Звук «r» в слове «caro» произнесен коротко, без удвоения."
kokoro,it_gem__sete_sette__sete,it_gem,it,plain,0.0,paolo,choice,"Вариант 1: sette — двойная, долгая согласная | Вариант 2: sete — одна согласная",2,2,1,Ответ: 2. В слове прозвучала одна короткая согласная «т».
moss_v15,it_gem__fato_fatto__fatto,it_gem,it,ipa_word,0.118,paolo,choice,"Вариант 1: fatto — двойная, долгая согласная | Вариант 2: fato — одна согласная",1,0,0,Ответ: ноль. На записи четко слышно другое слово — «fratta».
piper,it_gem__sete_sette__sete,it_gem,it,ipa,0.5,paolo,choice,"Вариант 1: sette — двойная, долгая согласная | Вариант 2: sete — одна согласная",2,2,1,"Ответ: 2. Согласный «т» звучит коротко, как одна буква."
magpie,it_gem__nono_nonno__nonno,it_gem,it,accent,0.0,paolo,choice,"Вариант 1: nono — одна согласная | Вариант 2: nonno — двойная, долгая согласная",2,2,1,"Ответ: 2. В слове отчетливо слышна долгая, удвоенная согласная ""n""."
qwen3_voice,it_gem__sete_sette__sette,it_gem,it,plain,0.0,paolo,choice,"Вариант 1: sette — двойная, долгая согласная | Вариант 2: sete — одна согласная",1,2,0,"Ответ: 2. В записи согласный звук ""t"" звучит коротко, как одна согласная."
piper,it_gem__pala_palla__pala,it_gem,it,plain,0.0,paolo,choice,"Вариант 1: pala — одна согласная | Вариант 2: palla — двойная, долгая согласная",1,1,1,"Ответ: 1. Звук «л» произносится коротко, как одна согласная."
kokoro,it_gem__nono_nonno__nono,it_gem,it,ipa_len,0.0,paolo,choice,"Вариант 1: nonno — двойная, долгая согласная | Вариант 2: nono — одна согласная",2,1,0,"Ответ: 1. Я четко услышал долгую, двойную согласную в слове «nonno»."
moss_v10,it_gem__nono_nonno__nonno,it_gem,it,ipa_len_word,0.059,paolo,choice,"Вариант 1: nonno — двойная, долгая согласная | Вариант 2: nono — одна согласная",1,2,0,"Ответ: 2. Согласный звук [n] произнесён коротко, без характерной для двойной согласной долготы."
kokoro,it_gem__fato_fatto__fato,it_gem,it,ipa_len,0.062,paolo,choice,"Вариант 1: fatto — двойная, долгая согласная | Вариант 2: fato — одна согласная",2,2,1,"Ответ: 2
Согласный звук 't' прозвучал коротко, без характерной долготы для двойной согласной."
moss_v15,it_gem__papa_pappa__papa,it_gem,it,ipa_word,0.062,paolo,choice,"Вариант 1: papa — одна согласная | Вариант 2: pappa — двойная, долгая согласная",1,2,0,"Ответ: 2. Отчётливо слышна долгая, двойная согласная [p]."
piper,it_gem__fato_fatto__fato,it_gem,it,ipa_len,0.062,paolo,choice,"Вариант 1: fatto — двойная, долгая согласная | Вариант 2: fato — одна согласная",2,1,0,"Ответ: 1. В слове «fatto» отчетливо слышна долгая, удвоенная согласная."
piper,it_gem__pala_palla__pala,it_gem,it,ipa_len,0.0,paolo,choice,"Вариант 1: pala — одна согласная | Вариант 2: palla — двойная, долгая согласная",1,1,1,"Ответ: 1. Согласный «l» звучит коротко, как в слове «pala»."
moss_v15,it_gem__pala_palla__pala,it_gem,it,plain,0.562,paolo,choice,"Вариант 1: pala — одна согласная | Вариант 2: palla — двойная, долгая согласная",1,1,1,"Ответ: 1. Согласный «l» звучит коротко, без удвоения."
moss_v10,it_gem__papa_pappa__pappa,it_gem,it,ipa_len_word,0.353,paolo,choice,"Вариант 1: papa — одна согласная | Вариант 2: pappa — двойная, долгая согласная",2,1,0,"Ответ: 1. Согласная 'p' звучит как одинарная, краткая."
moss_v15,it_gem__pala_palla__pala,it_gem,it,ipa_word,0.0,paolo,choice,"Вариант 1: palla — двойная, долгая согласная | Вариант 2: pala — одна согласная",2,2,1,"Ответ: 2. Звук «l» короткий, без удержания, поэтому это слово «pala» с одной согласной."
piper,it_gem__caro_carro__caro,it_gem,it,ipa_len,0.0,paolo,choice,"Вариант 1: caro — одна согласная | Вариант 2: carro — двойная, долгая согласная",1,1,1,"Ответ: 1. Звук «р» произнесен чётко и коротко, без долгого двойного звучания."
moss_v10,it_gem__sete_sette__sette,it_gem,it,ipa_word,0.471,paolo,choice,"Вариант 1: sete — одна согласная | Вариант 2: sette — двойная, долгая согласная",2,2,1,Ответ: 2. В слове чётко слышна долгая двойная согласная «t».
magpie,it_gem__pala_palla__pala,it_gem,it,accent,0.0,paolo,choice,"Вариант 1: palla — двойная, долгая согласная | Вариант 2: pala — одна согласная",2,2,1,"Ответ: 2. Согласный «l» произнесён кратко, без удлинения, как в слове «pala»."
kokoro,it_gem__nono_nonno__nonno,it_gem,it,ipa_len,0.059,paolo,choice,"Вариант 1: nono — одна согласная | Вариант 2: nonno — двойная, долгая согласная",2,2,1,"Ответ: 2. Чётко слышна долгая пауза перед «н», что указывает на двойную согласную."
moss_v10,it_gem__pala_palla__pala,it_gem,it,accent,0.062,paolo,choice,"Вариант 1: palla — двойная, долгая согласная | Вариант 2: pala — одна согласная",2,2,1,"Ответ: 2. Согласный звук «л» произнесен коротко, без характерного удвоения для слова «palla»."
kokoro,it_gem__nono_nonno__nono,it_gem,it,accent,0.0,paolo,choice,"Вариант 1: nonno — двойная, долгая согласная | Вариант 2: nono — одна согласная",2,1,0,"Ответ: 1. Я четко услышал долгую согласную ""н"", что характерно для слова ""nonno""."
qwen3_voice,it_gem__nono_nonno__nono,it_gem,it,accent,0.0,paolo,choice,"Вариант 1: nonno — двойная, долгая согласная | Вариант 2: nono — одна согласная",2,2,1,"Ответ: 2. В записи чётко слышна одна короткая согласная, а не долгая двойная."
moss_v10,it_gem__sete_sette__sete,it_gem,it,accent,0.0,paolo,choice,"Вариант 1: sete — одна согласная | Вариант 2: sette — двойная, долгая согласная",1,2,0,Ответ: 2. В слове «sette» согласный «t» звучит долго и отчетливо.
piper,it_gem__caro_carro__carro,it_gem,it,ipa_len,0.059,paolo,choice,"Вариант 1: caro — одна согласная | Вариант 2: carro — двойная, долгая согласная",2,1,0,"Ответ: 1. Согласный «р» в слове «caro» звучит коротко, как одна согласная."
moss_v15,it_gem__sete_sette__sete,it_gem,it,plain,0.312,paolo,choice,"Вариант 1: sete — одна согласная | Вариант 2: sette — двойная, долгая согласная",1,1,1,"Ответ: 1. Согласный звук «т» в слове «sete» был произнесён коротко, как один согласный."
moss_v15,it_gem__nono_nonno__nono,it_gem,it,ipa_len_word,0.0,paolo,choice,"Вариант 1: nono — одна согласная | Вариант 2: nonno — двойная, долгая согласная",1,1,1,"Ответ: 1. Звук «n» короткий, нет удлинения, характерного для двойной согласной."
moss_v10,it_gem__sete_sette__sette,it_gem,it,plain,0.118,paolo,choice,"Вариант 1: sete — одна согласная | Вариант 2: sette — двойная, долгая согласная",2,1,0,"Ответ: 1. Согласная 't' в слове «sete» прозвучала коротко, как одна буква, без долготы."
moss_v10,it_gem__pala_palla__pala,it_gem,it,plain,0.0,paolo,choice,"Вариант 1: palla — двойная, долгая согласная | Вариант 2: pala — одна согласная",2,2,1,"Ответ: 2. Согласный «l» звучит коротко, как в слове «pala»."
magpie,it_gem__capello_cappello__cappello,it_gem,it,accent,0.0,paolo,choice,"Вариант 1: capello — одна согласная | Вариант 2: cappello — двойная, долгая согласная",2,2,1,"Ответ: 2. Согласный звук [p] был произнесен отчётливо долго, как в слове «cappello»."
moss_v10,it_gem__caro_carro__carro,it_gem,it,ipa_len_word,0.059,paolo,choice,"Вариант 1: carro — двойная, долгая согласная | Вариант 2: caro — одна согласная",1,2,0,"Ответ: 2. В слове «caro» согласный звук «r» произносится коротко, как одна согласная."
piper,it_gem__sete_sette__sette,it_gem,it,ipa_len,0.294,paolo,choice,"Вариант 1: sete — одна согласная | Вариант 2: sette — двойная, долгая согласная",2,2,1,Ответ: 2. Согласный «т» звучит долго и акцентированно.
piper,it_gem__caro_carro__caro,it_gem,it,accent,0.0,paolo,choice,"Вариант 1: carro — двойная, долгая согласная | Вариант 2: caro — одна согласная",2,2,1,"Ответ: 2. Звук «р» короткий, одинарный, как в слове caro."
moss_v10,it_gem__nono_nonno__nono,it_gem,it,accent,0.0,paolo,choice,"Вариант 1: nonno — двойная, долгая согласная | Вариант 2: nono — одна согласная",2,2,1,"Ответ: 2. Согласный звук ""n"" в слове произнесён кратко, как одна согласная."
kokoro,it_gem__nono_nonno__nono,it_gem,it,ipa,0.0,paolo,choice,"Вариант 1: nonno — двойная, долгая согласная | Вариант 2: nono — одна согласная",2,2,1,"Ответ: 2. Согласный звук звучит коротко, как одна согласная."
moss_v15,ru__zamok_castle,ru,ru,ipa_word,0.0,paolo,choice,Вариант 1: замóк — на двери | Вариант 2: зáмок — крепость,2,2,1,"Ответ: 2. Ударение падает на первый слог, как в слове «крепость»."
qwen3_clone,ru__zamok_castle,ru,ru,plain,0.0,paolo,choice,Вариант 1: зáмок — крепость | Вариант 2: замóк — на двери,1,1,1,Ответ: 1. Потому что ударение падает на первый слог.
qwen3_clone,ru__muka_pain,ru,ru,plain,0.0,paolo,choice,Вариант 1: мýка — страдание | Вариант 2: мукá — для теста (муку),1,1,1,"Ответ: 1. Ударение падает на первый слог, что соответствует значению «страдание»."
qwen3_voice,ru__muka_pain,ru,ru,plain,0.0,paolo,choice,Вариант 1: мýка — страдание | Вариант 2: мукá — для теста (муку),1,,,[ошибка: received 1007 (invalid frame payload data) Precondition check failed.; then sent 1007 (invalid frame payload data) Precondition check failed.]
piper,ru__zamok_castle,ru,ru,ipa,0.0,paolo,choice,Вариант 1: замóк — на двери | Вариант 2: зáмок — крепость,2,2,1,Ответ: 2. В слове отчетливо слышно ударение на первом слоге.
piper,ru__muka_pain,ru,ru,ipa,0.0,paolo,choice,Вариант 1: мýка — страдание | Вариант 2: мукá — для теста (муку),1,1,1,"Ответ: 1. Ударение падает на первый слог, как в слове «страдание» по смыслу фразы."
qwen3_voice,it_gem__capello_cappello__capello,it_gem,it,plain,0.158,paolo,choice,"Вариант 1: capello — одна согласная | Вариант 2: cappello — двойная, долгая согласная",1,,,[ошибка: received 1011 (internal error) Quota exceeded for quota metric 'API requests' and limit 'Request limit per minute for a region' of service 'generativelang; then sent 1011 (internal error) Quota exceeded for quota metric 'API requests' and limit 'Request limit per minute for a region' of service 'gen]
qwen3_voice,ru__muka_flour,ru,ru,accent,0.0,paolo,choice,Вариант 1: мукá — для теста (муку) | Вариант 2: мýка — страдание,1,1,1,"Ответ: 1. Ударение падает на второй слог, что означает муку для теста."
moss_v15,ru__muka_pain,ru,ru,clone,0.0,paolo,choice,Вариант 1: мýка — страдание | Вариант 2: мукá — для теста (муку),1,1,1,"Ответ: 1. Ударение падает на первый гласный звук «у», что передает значение «страдание»."
moss_v10,ru__plachu_cry,ru,ru,clone,0.0,paolo,choice,Вариант 1: плáчу — от слёз | Вариант 2: плачý — деньги,1,1,1,"Ответ: 1. Ударение падает на первый слог, что означает процесс плача, а не оплату."
qwen3_voice,ru__muka_flour,ru,ru,plain,0.0,paolo,choice,Вариант 1: мýка — страдание | Вариант 2: мукá — для теста (муку),2,,,[ошибка: received 1007 (invalid frame payload data) Precondition check failed.; then sent 1007 (invalid frame payload data) Precondition check failed.]
qwen3_voice,ru__muka_pain,ru,ru,accent,0.043,paolo,choice,Вариант 1: мýка — страдание | Вариант 2: мукá — для теста (муку),1,1,1,Ответ: 1. Ударение четко падает на первый слог.
piper,ru__plachu_pay,ru,ru,plain,0.0,paolo,choice,Вариант 1: плачý — деньги | Вариант 2: плáчу — от слёз,1,1,1,"Ответ: 1. Ударение падает на последний слог, как в слове «деньги»."
piper,ru__plachu_cry,ru,ru,plain,0.0,paolo,choice,Вариант 1: плáчу — от слёз | Вариант 2: плачý — деньги,1,1,1,"Ответ: 1. Ударение падает на первый слог, как в значении «плакать»."
moss_v10,ru__plachu_pay,ru,ru,accent,0.0,paolo,choice,Вариант 1: плáчу — от слёз | Вариант 2: плачý — деньги,2,2,1,Ответ: 2. Ударение падает на второй слог.
moss_v15,ru__plachu_pay,ru,ru,clone,0.0,paolo,choice,Вариант 1: плáчу — от слёз | Вариант 2: плачý — деньги,2,2,1,"Ответ: 2. Ударение падает на последний слог, так как речь идет об оплате кофе."
piper,ru__plachu_cry,ru,ru,ipa,0.067,paolo,choice,Вариант 1: плачý — деньги | Вариант 2: плáчу — от слёз,2,2,1,"Ответ: 2. Смысловой контекст фразы указывает на действие, связанное со слезами."
piper,ru__zamok_lock,ru,ru,plain,0.0,paolo,choice,Вариант 1: замóк — на двери | Вариант 2: зáмок — крепость,1,2,0,"Ответ: 2. Ударение падает на первый слог, как в слове «крепость»."
moss_v10,ru__plachu_pay,ru,ru,clone,3.067,paolo,choice,Вариант 1: плáчу — от слёз | Вариант 2: плачý — деньги,2,0,0,"Ответ: ноль. На записи произнесено другое слово, а не то, что требовалось проверить."
moss_v10,ru__phrase,ru,ru,plain,0.0,paolo,rate,,,5,,"Оценка: 5. Произношение отличное, интонация естественная, звуки и ударения на месте."
moss_v10,ru__plachu_cry,ru,ru,accent,0.0,paolo,choice,Вариант 1: плачý — деньги | Вариант 2: плáчу — от слёз,2,2,1,"Ответ: 2. Ударение падает на первый слог, так как речь идёт о слезах."
moss_v15,ru__plachu_cry,ru,ru,plain,0.0,paolo,choice,Вариант 1: плачý — деньги | Вариант 2: плáчу — от слёз,2,2,1,"Ответ: 2. Ударение падает на первый слог, так как по смыслу речь идет о слезах."
qwen3_voice,ru__zamok_castle,ru,ru,accent,0.062,paolo,choice,Вариант 1: зáмок — крепость | Вариант 2: замóк — на двери,1,1,1,Ответ: 1. В записи четко слышно ударение на первый слог: «зáмок».
piper,ru__zamok_castle,ru,ru,plain,0.0,paolo,choice,Вариант 1: замóк — на двери | Вариант 2: зáмок — крепость,2,2,1,Ответ: 2. Ударение четко падает на первый слог.
moss_v10,ru__zamok_lock,ru,ru,accent,0.125,paolo,choice,Вариант 1: зáмок — крепость | Вариант 2: замóк — на двери,2,1,0,Ответ: 1. Ударение падает на первый слог.
qwen3_voice,ru__plachu_pay,ru,ru,plain,0.0,paolo,choice,Вариант 1: плачý — деньги | Вариант 2: плáчу — от слёз,1,1,1,"Ответ: 1. Ударение падает на последний слог, к тому же по смыслу речь идет об оплате."
piper,ru__plachu_pay,ru,ru,ipa,0.0,paolo,choice,Вариант 1: плачý — деньги | Вариант 2: плáчу — от слёз,1,1,1,"Ответ: 1. Ударение падает на последний слог, так как речь идет об оплате."
moss_v15,ru__plachu_cry,ru,ru,ipa_word,0.233,paolo,choice,Вариант 1: плáчу — от слёз | Вариант 2: плачý — деньги,1,1,1,Ответ: 1. Ударение падает на первый слог.
moss_v10,ru__zamok_lock,ru,ru,ipa_word,0.375,paolo,choice,Вариант 1: зáмок — крепость | Вариант 2: замóк — на двери,2,1,0,"Ответ: 1. Ударение падает на первый слог, как в слове «крепость»."
moss_v15,ru__phrase,ru,ru,clone,0.017,paolo,rate,,,5,,"Оценка: 5. Произношение звучит очень естественно, ударения и интонации на месте, акцент отсутствует. Идеально!"
moss_v10,ru__muka_flour,ru,ru,plain,0.0,paolo,choice,Вариант 1: мýка — страдание | Вариант 2: мукá — для теста (муку),2,2,1,"Ответ: 2. Ударение падает на последний слог, обозначая муку для выпечки."
moss_v15,ru__muka_flour,ru,ru,accent,0.0,paolo,choice,Вариант 1: мукá — для теста (муку) | Вариант 2: мýка — страдание,1,1,1,"Ответ: 1. Ударение падает на последний слог, как в слове «мука» для выпечки пиццы."
moss_v10,ru__zamok_castle,ru,ru,plain,0.312,paolo,choice,Вариант 1: замóк — на двери | Вариант 2: зáмок — крепость,2,1,0,Ответ: 1. Ударение падает на второй слог.
moss_v10,ru__zamok_lock,ru,ru,plain,0.0,paolo,choice,Вариант 1: зáмок — крепость | Вариант 2: замóк — на двери,2,1,0,Ответ: 1. Ударение падает на первый слог.
piper,ru__plachu_cry,ru,ru,accent,0.0,paolo,choice,Вариант 1: плачý — деньги | Вариант 2: плáчу — от слёз,2,2,1,"Ответ: 2. Ударение падает на первый слог, значит, речь идет о слезах."
piper,ru__muka_flour,ru,ru,accent,0.105,paolo,choice,Вариант 1: мýка — страдание | Вариант 2: мукá — для теста (муку),2,2,1,"Ответ: 2. Ударение падает на второй слог, значит, речь идёт о муке для теста."
moss_v10,ru__zamok_lock,ru,ru,clone,0.0,paolo,choice,Вариант 1: замóк — на двери | Вариант 2: зáмок — крепость,1,2,0,"Ответ: 2 — ударение падает на первый слог, то есть «крепость»."
piper,ru__phrase,ru,ru,plain,0.0,paolo,rate,,,5,,"Оценка: 5. Произношение практически идеальное, звучит очень естественно, без выраженного акцента и ошибок в ударениях."
moss_v10,ru__muka_flour,ru,ru,clone,0.158,paolo,choice,Вариант 1: мукá — для теста (муку) | Вариант 2: мýка — страдание,1,1,1,"Ответ: 1. Потому что ударение падает на второй слог, как в слове мукá."
moss_v15,ru__plachu_cry,ru,ru,clone,0.0,paolo,choice,Вариант 1: плáчу — от слёз | Вариант 2: плачý — деньги,1,1,1,"Ответ: 1. Ударение падает на первый слог, и по смыслу понятно, что речь идет об эмоциях и слезах."
qwen3_clone,ru__muka_flour,ru,ru,plain,0.0,paolo,choice,Вариант 1: мукá — для теста (муку) | Вариант 2: мýка — страдание,1,1,1,"Ответ: 1. Ударение падает на второй слог, что соответствует значению «мука» для теста."
moss_v10,ru__muka_pain,ru,ru,clone,0.0,paolo,choice,Вариант 1: мýка — страдание | Вариант 2: мукá — для теста (муку),1,1,1,"Ответ: 1. Ударение падает на первый слог, как в слове «страдание»."
moss_v15,ru__muka_flour,ru,ru,ipa_word,0.0,paolo,choice,Вариант 1: мýка — страдание | Вариант 2: мукá — для теста (муку),2,,,[ошибка: received 1011 (internal error) Quota exceeded for quota metric 'API requests' and limit 'Request limit per minute for a region' of service 'generativelang; then sent 1011 (internal error) Quota exceeded for quota metric 'API requests' and limit 'Request limit per minute for a region' of service 'gen]
moss_v10,ru__plachu_cry,ru,ru,plain,0.0,paolo,choice,Вариант 1: плачý — деньги | Вариант 2: плáчу — от слёз,2,2,1,"Ответ: 2. Ударение падает на первый слог, что соответствует значению «от слёз»."
moss_v10,ru__zamok_castle,ru,ru,ipa_word,0.125,paolo,choice,Вариант 1: замóк — на двери | Вариант 2: зáмок — крепость,2,1,0,Ответ: 1. Ударение падает на последний слог.
qwen3_clone,ru__zamok_castle,ru,ru,accent,0.062,paolo,choice,Вариант 1: зáмок — крепость | Вариант 2: замóк — на двери,1,1,1,"Ответ: 1. Ударение падает на первый гласный звук, как в слове «крепость»."
moss_v10,ru__zamok_castle,ru,ru,clone,0.0,paolo,choice,Вариант 1: зáмок — крепость | Вариант 2: замóк — на двери,1,1,1,"Ответ: 1. Ударение падает на первый слог, как в слове «крепость»."
piper,ru__zamok_lock,ru,ru,accent,0.0,paolo,choice,Вариант 1: зáмок — крепость | Вариант 2: замóк — на двери,2,1,0,Ответ: 1. В записи отчетливо слышно ударение на первый слог.
qwen3_voice,ru__plachu_cry,ru,ru,accent,0.0,paolo,choice,Вариант 1: плачý — деньги | Вариант 2: плáчу — от слёз,2,2,1,"Ответ: 2. Ударение падает на первый слог, значит, речь идет о слезах."
qwen3_clone,ru__plachu_cry,ru,ru,plain,0.0,paolo,choice,Вариант 1: плáчу — от слёз | Вариант 2: плачý — деньги,1,1,1,"Ответ: 1. Ударение падает на первый слог, так как речь идёт об эмоциях."
qwen3_clone,ru__zamok_lock,ru,ru,plain,0.0,paolo,choice,Вариант 1: зáмок — крепость | Вариант 2: замóк — на двери,2,1,0,"Ответ: 1. Ударение падает на первый слог, что означает крепость."
moss_v15,ru__plachu_pay,ru,ru,accent,0.0,paolo,choice,Вариант 1: плáчу — от слёз | Вариант 2: плачý — деньги,2,,,[ошибка: received 1007 (invalid frame payload data) Precondition check failed.; then sent 1007 (invalid frame payload data) Precondition check failed.]
qwen3_clone,ru__plachu_pay,ru,ru,plain,0.0,paolo,choice,Вариант 1: плачý — деньги | Вариант 2: плáчу — от слёз,1,1,1,"Ответ: 1. Ударение падает на последний слог, так как речь идет об оплате, а не о слезах."
moss_v15,ru__muka_flour,ru,ru,plain,0.0,paolo,choice,Вариант 1: мукá — для теста (муку) | Вариант 2: мýка — страдание,1,1,1,"Ответ: 1. В слове слышно отчетливое ударение на второй слог, что соответствует значению ""мука"" для теста."
piper,ru__zamok_castle,ru,ru,accent,0.0,paolo,choice,Вариант 1: замóк — на двери | Вариант 2: зáмок — крепость,2,2,1,"Ответ: 2. Ударение падает на первый слог, что означает крепость."
qwen3_voice,ru__phrase,ru,ru,plain,0.0,paolo,rate,,,5,,"Оценка: 5. Произношение очень естественное, ударения во всех словах расставлены правильно, интонация звучит живо и понятно. Ошибок нет."
moss_v15,ru__muka_pain,ru,ru,ipa_word,0.043,paolo,choice,Вариант 1: мукá — для теста (муку) | Вариант 2: мýка — страдание,2,1,0,Ответ: 1. Ударение падает на последний слог.
moss_v15,ru__zamok_castle,ru,ru,accent,0.0,paolo,choice,Вариант 1: замóк — на двери | Вариант 2: зáмок — крепость,2,1,0,"Ответ: 1. Ударение падает на второй слог, как в слове ""на двери""."
qwen3_clone,ru__muka_pain,ru,ru,accent,0.043,paolo,choice,Вариант 1: мукá — для теста (муку) | Вариант 2: мýка — страдание,2,2,1,"Ответ: 2. Ударение в слове «мука» падает на первый слог, как в слове «страдание»."
piper,ru__muka_pain,ru,ru,plain,0.0,paolo,choice,Вариант 1: мýка — страдание | Вариант 2: мукá — для теста (муку),1,1,1,Ответ: 1. Ударение падает на первый слог.
qwen3_clone,ru__zamok_lock,ru,ru,accent,0.125,paolo,choice,Вариант 1: зáмок — крепость | Вариант 2: замóк — на двери,2,2,1,"Ответ: 2. Чётко слышно ударение на второй слог, как в слове «замок» для двери."
moss_v15,ru__plachu_cry,ru,ru,accent,0.0,paolo,choice,Вариант 1: плáчу — от слёз | Вариант 2: плачý — деньги,1,,,"[ошибка: received 1011 (internal error) You exceeded your current quota, please check your plan and billing details. For more information on this error, head to: h; then sent 1011 (internal error) You exceeded your current quota, please check your plan and billing details. For more information on this error,]"
qwen3_voice,ru__plachu_pay,ru,ru,accent,0.0,paolo,choice,Вариант 1: плачý — деньги | Вариант 2: плáчу — от слёз,1,1,1,"Ответ: 1
Потому что ударение падает на второй слог, что означает процесс оплаты."
qwen3_clone,ru__muka_flour,ru,ru,accent,0.053,paolo,choice,Вариант 1: мýка — страдание | Вариант 2: мукá — для теста (муку),2,2,1,"Ответ: 2. Ударение в записи падает на последний слог, как в слове для выпечки."
piper,ru__muka_pain,ru,ru,accent,0.0,paolo,choice,Вариант 1: мукá — для теста (муку) | Вариант 2: мýка — страдание,2,2,1,"Ответ: 2. Ударение падает на первый слог, так как по смыслу речь идёт о мучении, а не о тесте."
moss_v15,ru__plachu_pay,ru,ru,plain,0.0,paolo,choice,Вариант 1: плачý — деньги | Вариант 2: плáчу — от слёз,1,1,1,"Ответ: 1. Ударение падает на последний слог, что означает «платить деньги»."
moss_v10,ru__muka_pain,ru,ru,plain,0.0,paolo,choice,Вариант 1: мýка — страдание | Вариант 2: мукá — для теста (муку),1,1,1,"Ответ: 1. Ударение падает на первый слог, что соответствует значению «страдание»."
moss_v10,ru__plachu_cry,ru,ru,ipa_word,0.267,paolo,choice,Вариант 1: плачý — деньги | Вариант 2: плáчу — от слёз,2,2,1,"Ответ: 2. В контексте песни человек испытывает эмоции, и ударение падает на первый слог."
moss_v15,ru__muka_pain,ru,ru,plain,0.0,paolo,choice,Вариант 1: мукá — для теста (муку) | Вариант 2: мýка — страдание,2,2,1,"Ответ: 2. Ударение падает на первый слог, что означает «страдание»."
moss_v10,ru__zamok_castle,ru,ru,accent,0.0,paolo,choice,Вариант 1: зáмок — крепость | Вариант 2: замóк — на двери,1,1,1,"Ответ: 1. Ударение падает на первый слог, как в слове «крепость»."
moss_v10,ru__muka_flour,ru,ru,ipa_word,0.105,paolo,choice,Вариант 1: мукá — для теста (муку) | Вариант 2: мýка — страдание,1,1,1,Ответ: 1. Ударение падает на последний слог.
qwen3_clone,ru__phrase,ru,ru,plain,0.0,paolo,rate,,,5,,"Оценка: 5. Звучит очень естественно, ударения и звуки правильные, акцент практически отсутствует."
moss_v10,ru__muka_pain,ru,ru,ipa_word,0.087,paolo,choice,Вариант 1: мýка — страдание | Вариант 2: мукá — для теста (муку),1,1,1,Ответ: 1. Ударение падает на первый слог.
piper,ru__plachu_pay,ru,ru,accent,0.0,paolo,choice,Вариант 1: плáчу — от слёз | Вариант 2: плачý — деньги,2,2,1,"Ответ: 2. Ударение падает на последний слог, как в слове ""плачу́"" за кофе."
moss_v15,ru__zamok_lock,ru,ru,accent,0.0,paolo,choice,Вариант 1: замóк — на двери | Вариант 2: зáмок — крепость,1,,,[ошибка: received 1011 (internal error) Quota exceeded for quota metric 'API requests' and limit 'Request limit per minute for a region' of service 'generativelang; then sent 1011 (internal error) Quota exceeded for quota metric 'API requests' and limit 'Request limit per minute for a region' of service 'gen]
qwen3_voice,ru__zamok_lock,ru,ru,plain,0.125,paolo,choice,Вариант 1: зáмок — крепость | Вариант 2: замóк — на двери,2,1,0,Ответ: 1. Ударение падает на первый слог.
moss_v15,ru__zamok_lock,ru,ru,clone,0.0,paolo,choice,Вариант 1: зáмок — крепость | Вариант 2: замóк — на двери,2,2,1,"Ответ: 2. Ударение падает на второй слог, то есть на букву ""о""."
moss_v15,ru__plachu_pay,ru,ru,ipa_word,1.0,paolo,choice,Вариант 1: плáчу — от слёз | Вариант 2: плачý — деньги,2,2,1,"Ответ: 2. В слове чётко слышно ударение на последний слог, что означает оплату, а не слёзы."
moss_v10,ru__muka_flour,ru,ru,accent,0.053,paolo,choice,Вариант 1: мукá — для теста (муку) | Вариант 2: мýка — страдание,1,1,1,"Ответ: 1. Ударение падает на второй слог, как в слове для теста."
moss_v15,ru__zamok_castle,ru,ru,clone,0.0,paolo,choice,Вариант 1: зáмок — крепость | Вариант 2: замóк — на двери,1,1,1,"Ответ: 1. Ударение падает на первый слог, как в слове «крепость»."
qwen3_voice,ru__zamok_lock,ru,ru,accent,0.125,paolo,choice,Вариант 1: зáмок — крепость | Вариант 2: замóк — на двери,2,2,1,Ответ: 2. В слове слышно ударение на последний слог.
qwen3_voice,ru__zamok_castle,ru,ru,plain,0.0,paolo,choice,Вариант 1: замóк — на двери | Вариант 2: зáмок — крепость,2,2,1,"Ответ: 2. Ударение падает на первый слог, как в слове «крепость»."
piper,ru__zamok_lock,ru,ru,ipa,0.0,paolo,choice,Вариант 1: замóк — на двери | Вариант 2: зáмок — крепость,1,2,0,"Ответ: 2. Ударение падает на первый слог, как в слове ""крепость""."
moss_v15,ru__zamok_lock,ru,ru,plain,0.0,paolo,choice,Вариант 1: зáмок — крепость | Вариант 2: замóк — на двери,2,1,0,Ответ: 1. Ударение в слове падает на первый слог.
moss_v15,ru__muka_pain,ru,ru,accent,0.0,paolo,choice,Вариант 1: мукá — для теста (муку) | Вариант 2: мýка — страдание,2,2,1,"Ответ: 2. Ударение падает на первый слог, как в слове ""страдание""."
moss_v15,ru__zamok_castle,ru,ru,plain,0.0,paolo,choice,Вариант 1: зáмок — крепость | Вариант 2: замóк — на двери,1,1,1,Ответ: 1. Ударение падает на первый слог.
moss_v15,ru__muka_flour,ru,ru,clone,0.0,paolo,choice,Вариант 1: мýка — страдание | Вариант 2: мукá — для теста (муку),2,2,1,"Ответ: 2. Ударение падает на второй слог, как в слове ""мука"" для теста."
moss_v10,ru__muka_pain,ru,ru,accent,0.0,paolo,choice,Вариант 1: мýка — страдание | Вариант 2: мукá — для теста (муку),1,1,1,Ответ: 1. Ударение падает на первый слог.
qwen3_clone,ru__plachu_cry,ru,ru,accent,0.067,paolo,choice,Вариант 1: плáчу — от слёз | Вариант 2: плачý — деньги,1,1,1,"Ответ: 1. Ударение падает на первый слог, как в слове ""слёзы""."
piper,ru__muka_flour,ru,ru,ipa,0.0,paolo,choice,Вариант 1: мукá — для теста (муку) | Вариант 2: мýка — страдание,1,1,1,"Ответ: 1. Ударение падает на второй слог, как в слове для теста."
qwen3_clone,ru__plachu_pay,ru,ru,accent,0.133,paolo,choice,Вариант 1: плачý — деньги | Вариант 2: плáчу — от слёз,1,1,1,"Ответ: 1. Ударение падает на последний слог, как в слове «плачу́» (деньги)."
moss_v15,ru__phrase,ru,ru,plain,0.017,paolo,rate,,,5,,"Оценка: 5. Произношение звучит очень естественно, акцент отсутствует, интонации правильные."
piper,ru__muka_flour,ru,ru,plain,0.053,paolo,choice,Вариант 1: мукá — для теста (муку) | Вариант 2: мýка — страдание,1,1,1,"Ответ: 1. Ударение падает на последний слог, как и должно быть в слове «муку» для теста."
qwen3_voice,ru__plachu_cry,ru,ru,plain,0.0,paolo,choice,Вариант 1: плáчу — от слёз | Вариант 2: плачý — деньги,1,1,1,"Ответ: 1. Ударение падает на первый слог, что соответствует значению «от слёз»."""
moss_v10,ru__phrase,ru,ru,clone,0.0,paolo,rate,,,5,,"Оценка: 5. Произношение звучит очень естественно, ударения и интонации правильные, акцента нет."
moss_v10,ru__plachu_pay,ru,ru,plain,0.0,paolo,choice,Вариант 1: плáчу — от слёз | Вариант 2: плачý — деньги,2,2,1,"Ответ: 2. Ударение падает на последний слог, а по смыслу речь идёт об оплате кофе."
moss_v15,ru__zamok_lock,ru,ru,ipa_word,0.312,paolo,choice,Вариант 1: зáмок — крепость | Вариант 2: замóк — на двери,2,1,0,Ответ: 1. Ударение падает на первый слог.
moss_v15,he__boker_cowboy,he,he,niqqud,0.312,hava,choice,"Вариант 1: בּוֹקֵר, бокéр — ковбой | Вариант 2: בֹּקֶר, бóкер — утро",1,2,0,"Ответ: 2. Ударение падает на первый слог, как в слове ""утро""."
moss_v15,he__okhel_eats,he,he,plain,0.333,hava,choice,"Вариант 1: אֹכֶל, óхель — еда | Вариант 2: אוֹכֵל, охéль — ест",2,,,[ошибка: received 1007 (invalid frame payload data) Precondition check failed.; then sent 1007 (invalid frame payload data) Precondition check failed.]
moss_v15,he__sapar_barber,he,he,plain,0.05,hava,choice,"Вариант 1: סַפָּר, сапáр — парикмахер | Вариант 2: סֵפֶר, сэ́фер — книга",1,2,0,"Ответ: 2. Четко слышен гласный звук «э», а не «а»."
moss_v15,he__boker_morning,he,he,plain,0.0,hava,choice,"Вариант 1: בּוֹקֵר, бокéр — ковбой | Вариант 2: בֹּקֶר, бóкер — утро",2,2,1,"Ответ: 2. Ударение падает на первый слог, как и должно быть в слове «бокер» — утро."
moss_v15,he__boker_morning,he,he,niqqud,0.0,hava,choice,"Вариант 1: בֹּקֶר, бóкер — утро | Вариант 2: בּוֹקֵר, бокéр — ковбой",1,1,1,"Ответ: 1. Ударение падает на первый слог, как в слове «бокер» — утро."
moss_v15,he__shalom,he,he,plain,0.0,hava,choice,Вариант 1: шломхá — обращение к мужчине | Вариант 2: шломéх — обращение к женщине,2,1,0,"Ответ: 1. На записи слово оканчивается на звук «ха», что соответствует мужской форме «шломхá»."
moss_v15,he__sapar_barber,he,he,niqqud,0.35,hava,choice,"Вариант 1: סֵפֶר, сэ́фер — книга | Вариант 2: סַפָּר, сапáр — парикмахер",2,2,1,Ответ: 2. Ударение падает на второй слог и гласный «а» указывает на слово «сапар» — парикмахер.
moss_v15,he__sefer_book,he,he,plain,0.333,hava,choice,"Вариант 1: סֵפֶר, сэ́фер — книга | Вариант 2: סַפָּר, сапáр — парикмахер",1,0,0,"Ответ: ноль. К сожалению, я не могу различить слово по этой аудиозаписи."
moss_v15,he__shalom,he,he,niqqud,0.077,hava,choice,Вариант 1: шломéх — обращение к женщине | Вариант 2: шломхá — обращение к мужчине,1,2,0,"Ответ: 2. В конце слова четко слышен звук «ха», характерный для обращения к мужчине."
moss_v15,he__boker_cowboy,he,he,plain,0.062,hava,choice,"Вариант 1: בֹּקֶר, бóкер — утро | Вариант 2: בּוֹקֵר, бокéр — ковбой",2,1,0,Ответ: 1. Ударение четко слышно на первом слоге.
moss_v15,he__sefer_book,he,he,niqqud,0.0,hava,choice,"Вариант 1: סֵפֶר, сэ́фер — книга | Вариант 2: סַפָּר, сапáр — парикмахер",1,1,1,Ответ: 1. Четко слышен звук «э» в первом слоге и характерное ударение для слова סֵפֶר.
moss_v15,he__okhel_food,he,he,niqqud,0.2,hava,choice,"Вариант 1: אֹכֶל, óхель — еда | Вариант 2: אוֹכֵל, охéль — ест",1,0,0,"Ответ: ноль. Я не уверена в произношении и ударении, так как не могу прослушать запись."
moss_v15,he__okhel_food,he,he,plain,0.133,hava,choice,"Вариант 1: אוֹכֵל, охéль — ест | Вариант 2: אֹכֶל, óхель — еда",2,2,1,"Ответ: 2. Ударение в слове падает на первый слог, как в слове «охель» — еда."
moss_v15,he__okhel_eats,he,he,niqqud,0.583,hava,choice,"Вариант 1: אוֹכֵל, охéль — ест | Вариант 2: אֹכֶל, óхель — еда",1,2,0,"Ответ: 2. Ударение падает на первый слог, как в слове о́хель (еда)."
moss_v15,it_a1__09,it_a1,it,plain,0.0,paolo,rate,,,5,,"Оценка: 5. Произношение отличное, все ударения и звуки на местах, звучит очень естественно."
moss_v10,it_a1__04,it_a1,it,clone,0.0,paolo,rate,,,5,,"Оценка: 5. Произношение безупречное, интонация естественная, звуки и ударения на своих местах. Звучит как речь носителя."
qwen3_clone,it_a1__07,it_a1,it,plain,0.0,paolo,rate,,,5,,"Оценка: 5. Произношение отличное, звучит очень естественно и практически неотличимо от речи носителя языка."
magpie,it_a1__01,it_a1,it,plain,0.0,paolo,rate,,,5,,"Оценка: 5. Произношение отличное, естественная интонация и правильные ударения, звучит очень похоже на речь носителя."
magpie,it_a1__05,it_a1,it,plain,0.0,paolo,rate,,,5,,"Оценка: 5. Ошибок нет, произношение звучит очень естественно и грамотно."
kokoro,it_a1__02,it_a1,it,plain,0.0,paolo,rate,,,5,,"Оценка: 5. Произношение отличное, звучит очень естественно, ритм и ударения на месте."
qwen3_clone,it_a1__00,it_a1,it,plain,0.0,paolo,rate,,,5,,"Оценка: 5. Произношение идеальное, все звуки и ударения на месте, звучит как голос настоящего итальянца."
moss_v15,it_a1__04,it_a1,it,clone,0.0,paolo,rate,,,5,,"Оценка: 5. Произношение звучит очень естественно, интонация и ударения правильные, как у носителя языка."
moss_v15,it_a1__07,it_a1,it,clone,0.0,paolo,rate,,,5,,"Оценка: 5. Произношение очень естественное, ударения и звуки правильные. Ошибок нет."
moss_v10,it_a1__08,it_a1,it,clone,0.0,paolo,rate,,,,,[ошибка: received 1007 (invalid frame payload data) Precondition check failed.; then sent 1007 (invalid frame payload data) Precondition check failed.]
piper,it_a1__01,it_a1,it,plain,0.074,paolo,rate,,,,,[ошибка: received 1007 (invalid frame payload data) Precondition check failed.; then sent 1007 (invalid frame payload data) Precondition check failed.]
moss_v10,ru__plachu_pay,ru,ru,ipa_word,0.6,paolo,choice,Вариант 1: плачý — деньги | Вариант 2: плáчу — от слёз,1,,,[ошибка: received 1011 (internal error) Quota exceeded for quota metric 'API requests' and limit 'Request limit per minute for a region' of service 'generativelang; then sent 1011 (internal error) Quota exceeded for quota metric 'API requests' and limit 'Request limit per minute for a region' of service 'gen]
piper,it_a1__02,it_a1,it,plain,0.075,paolo,rate,,,5,,"Оценка: 5. Произношение отличное, все звуки и ударения на месте, звучит очень естественно."
piper,it_a1__09,it_a1,it,plain,0.0,paolo,rate,,,,,[ошибка: received 1007 (invalid frame payload data) Precondition check failed.; then sent 1007 (invalid frame payload data) Precondition check failed.]
qwen3_voice,it_a1__03,it_a1,it,plain,0.0,paolo,rate,,,5,,"Оценка: 5. Произношение отличное, звучит очень естественно, как у носителя. Ошибок нет."
kokoro,it_a1__04,it_a1,it,plain,0.0,paolo,rate,,,5,,"Оценка: 5. Произношение отличное, ударения и интонация звучат очень естественно, как у носителя. Браво!"
kokoro,it_a1__09,it_a1,it,plain,0.0,paolo,rate,,,5,,"Оценка: 5. Произношение отличное, интонация естественная, звуки на месте. Очень похоже на речь носителя."
magpie,it_a1__06,it_a1,it,plain,0.25,paolo,rate,,,5,,"Оценка: 5. Произношение звучит очень естественно, все ударения и звуки на своих местах. Отличная работа!"
moss_v10,it_a1__01,it_a1,it,clone,0.0,paolo,rate,,,5,,"Оценка: 5. Произношение отличное, звучит очень естественно и правильно, как у носителя языка. Ошибок нет."
qwen3_clone,it_a1__08,it_a1,it,plain,0.0,paolo,rate,,,5,,"Оценка: 5. Звучит очень естественно и правильно, интонация и произношение звуков близки к речи носителя."
moss_v10,it_a1__07,it_a1,it,clone,0.0,paolo,rate,,,5,,"Оценка: 5. Произношение звучит очень естественно, ударения и интонация правильные. Ошибок нет."
moss_v10,it_a1__03,it_a1,it,plain,0.0,paolo,rate,,,5,,"Оценка: 5. Произношение отличное, все звуки и ударения на своих местах, звучит очень естественно."
moss_v10,it_a1__04,it_a1,it,plain,0.059,paolo,rate,,,5,,"Оценка: 5. Произношение очень хорошее, ритм и интонация звучат естественно, как у носителя языка."
kokoro,it_a1__06,it_a1,it,plain,0.25,paolo,rate,,,5,,"Оценка: 5. Произношение отличное, все ударения и звуки на своих местах, звучит очень естественно."
moss_v15,it_a1__09,it_a1,it,clone,0.0,paolo,rate,,,5,,"Оценка: 5. Произношение отличное, интонация и ритм звучат очень естественно, как у носителя языка. Ошибок нет."
magpie,it_a1__07,it_a1,it,plain,0.0,paolo,rate,,,5,,"Оценка: 5. Звучит очень естественно, ритм и интонации правильные, все звуки произнесены четко."
moss_v15,it_a1__05,it_a1,it,clone,0.0,paolo,rate,,,5,,"Оценка: 5. Произношение очень естественное, ударения и интонация правильные, звучит как речь носителя языка. Ошибок нет."
kokoro,it_a1__01,it_a1,it,plain,0.0,paolo,rate,,,5,,"Оценка: 5. Ошибок нет, звучит очень естественно и правильно. Отличное произношение!"
moss_v15,it_a1__02,it_a1,it,clone,0.0,paolo,rate,,,5,,"Оценка: 5. Произношение очень естественное, ритм и интонация правильные, а звуки звучат как у настоящего носителя. Браво!"
kokoro,it_a1__03,it_a1,it,plain,0.0,paolo,rate,,,5,,"Оценка: 5. Произношение отличное, звучит очень естественно, как у носителя. Ошибок нет."
moss_v15,it_a1__06,it_a1,it,plain,0.25,paolo,rate,,,5,,"Оценка: 5. Произношение отличное, звучит очень естественно, как у носителя языка. Ошибок нет."
moss_v15,it_a1__03,it_a1,it,clone,0.0,paolo,rate,,,5,,"Оценка: 5. Звучит очень естественно, интонация и ударения правильные, прямо как у носителя."
moss_v15,it_a1__07,it_a1,it,plain,0.0,paolo,rate,,,5,,"Оценка: 5. Ошибок нет, звучит очень естественно и как у носителя."
qwen3_clone,it_a1__09,it_a1,it,plain,0.0,paolo,rate,,,5,,"Оценка: 5. Произношение идеальное, все звуки и ударения на своих местах, звучит как речь носителя."
moss_v10,it_a1__00,it_a1,it,plain,0.0,paolo,rate,,,5,,"Оценка: 5. Ошибок нет, произношение звучит абсолютно естественно, как у носителя языка. Отличная работа синтезатора."
moss_v15,it_a1__06,it_a1,it,clone,0.25,paolo,rate,,,5,,"Оценка: 5. Ошибок нет, произношение звучит очень естественно, ударения и интонация правильные."
moss_v15,it_a1__08,it_a1,it,clone,0.0,paolo,rate,,,5,,"Оценка: 5. Ошибок нет, произношение звучит очень естественно, интонация правильная."
magpie,it_a1__02,it_a1,it,plain,0.0,paolo,rate,,,5,,"Оценка: 5. Произношение отличное и звучит очень естественно, почти как живая речь."
piper,it_a1__04,it_a1,it,plain,0.0,paolo,rate,,,5,,"Оценка: 5. Произношение отличное, звучит естественно и как у носителя языка, ошибок нет."
moss_v10,it_a1__02,it_a1,it,clone,0.05,paolo,rate,,,,,[ошибка: received 1007 (invalid frame payload data) Precondition check failed.; then sent 1007 (invalid frame payload data) Precondition check failed.]
piper,it_a1__07,it_a1,it,plain,0.0,paolo,rate,,,5,,"Оценка: 5. Произношение звучит очень естественно, все звуки и ударения на своих местах, как у носителя."
qwen3_clone,it_a1__06,it_a1,it,plain,0.25,paolo,rate,,,5,,"Оценка: 5. Произношение отличное, звучит очень естественно, как у носителя языка. Ошибок нет."
moss_v15,it_a1__05,it_a1,it,plain,0.0,paolo,rate,,,5,,"Оценка: 5. Произношение звучит очень естественно, все ударения и звуки на своих местах, акцент практически незаметен."
moss_v10,it_a1__05,it_a1,it,plain,0.0,paolo,rate,,,5,,"Оценка: 5. Произношение очень естественное, ударения и звуки правильные, акцент почти незаметен. Отличная работа."
kokoro,it_a1__00,it_a1,it,plain,0.0,paolo,rate,,,5,,"Оценка: 5. Произношение очень естественное, ударения и звуки поставлены правильно, акцент практически незаметен. Отличная работа синтезатора!"
moss_v15,it_a1__01,it_a1,it,plain,0.0,paolo,rate,,,5,,"Оценка: 5. Ошибок в произношении нет, звучит очень естественно и аутентично. Ударения и интонация правильные."
moss_v10,it_a1__06,it_a1,it,plain,0.25,paolo,rate,,,4,,"Оценка: 4. Произношение хорошее, ударения правильные. Однако чувствуется лёгкая синтетическая интонация и неестественные паузы между словами, характерные для машинной речи."
moss_v10,it_a1__00,it_a1,it,clone,0.0,paolo,rate,,,5,,"Оценка: 5. Ошибок нет, звучит очень естественно и как у носителя языка."
qwen3_clone,it_a1__04,it_a1,it,plain,0.0,paolo,rate,,,5,,"Оценка: 5. Произношение отличное, звучит очень естественно и близко к речи носителя. Ошибок нет."
magpie,it_a1__09,it_a1,it,plain,0.0,paolo,rate,,,5,,"Оценка: 5. Интонация и ритм звучат очень естественно, как у настоящего носителя языка. Прекрасная работа."
moss_v15,it_a1__00,it_a1,it,plain,0.0,paolo,rate,,,,,[ошибка: received 1011 (internal error) Quota exceeded for quota metric 'API requests' and limit 'Request limit per minute for a region' of service 'generativelang; then sent 1011 (internal error) Quota exceeded for quota metric 'API requests' and limit 'Request limit per minute for a region' of service 'gen]
qwen3_voice,it_a1__01,it_a1,it,plain,0.0,paolo,rate,,,5,,"Оценка: 5. Произношение замечательное, ударения правильные, звуки естественные, хотя интонация слегка механическая."
moss_v15,it_a1__08,it_a1,it,plain,0.0,paolo,rate,,,,,[ошибка: received 1007 (invalid frame payload data) Precondition check failed.; then sent 1007 (invalid frame payload data) Precondition check failed.]
qwen3_voice,it_a1__04,it_a1,it,plain,0.0,paolo,rate,,,5,,"Оценка: 5. Произношение отличное, интонация естественная, все ударения и звуки на местах. Отличная работа синтезатора."
moss_v10,it_a1__08,it_a1,it,plain,0.0,paolo,rate,,,5,,"Оценка: 5. Произношение звучит очень естественно, ударения и интонация правильные, как у носителя языка."
qwen3_voice,it_a1__00,it_a1,it,plain,0.086,paolo,rate,,,5,,"Оценка: 5. Произношение звучит очень естественно, ударения на своих местах, интонация правильная. Придраться не к чему."
qwen3_voice,it_a1__08,it_a1,it,plain,0.0,paolo,rate,,,5,,"Оценка: 5. Произношение звучит отлично, интонация естественная, акцент почти незаметен, всё очень чисто и красиво!"
qwen3_clone,it_a1__01,it_a1,it,plain,0.0,paolo,rate,,,5,,"Оценка: 5. Произношение и интонация отличные, звучит как голос настоящего итальянца. Ошибок нет."
moss_v15,it_a1__02,it_a1,it,plain,0.0,paolo,rate,,,5,,"Оценка: 5. Произношение отличное, всё звучит естественно и с правильными ударениями."
moss_v10,it_a1__03,it_a1,it,clone,0.0,paolo,rate,,,5,,"Оценка: 5. Произношение и интонация очень естественные, звучит как голос носителя языка."
qwen3_clone,it_a1__03,it_a1,it,plain,0.0,paolo,rate,,,5,,Оценка: 5. Произношение звучит очень естественно и аутентично. Ошибок нет.
qwen3_voice,it_a1__02,it_a1,it,plain,0.0,paolo,rate,,,5,,"Оценка: 5. Звучит очень естественно, все ударения и звуки правильные, как у носителя языка."
qwen3_voice,it_a1__05,it_a1,it,plain,0.0,paolo,rate,,,5,,"Оценка: 5. Произношение отличное, всё звучит очень естественно, ударения и интонация на месте, как у носителя."
moss_v15,it_a1__00,it_a1,it,clone,0.0,paolo,rate,,,5,,"Оценка: 5. Произношение отличное, звучит очень естественно и как у настоящего носителя языка. Ошибок нет."
piper,it_a1__05,it_a1,it,plain,0.057,paolo,rate,,,5,,"Оценка: 5. Произношение отличное, интонация естественная, звуки произносятся очень чисто, как у носителя языка."
piper,it_a1__03,it_a1,it,plain,0.0,paolo,rate,,,5,,"Оценка: 5. Произношение отличное, все ударения и звуки на местах. Звучит естественно."
piper,it_a1__00,it_a1,it,plain,0.0,paolo,rate,,,5,,"Оценка: 5. Ошибок в произношении нет, интонация и звуки звучат очень естественно и практически неотличимо от носителя языка."
moss_v15,it_a1__03,it_a1,it,plain,0.0,paolo,rate,,,5,,"Оценка: 5. Произношение отличное, интонация и звуки очень естественные, звучит как голос носителя языка."
moss_v15,it_a1__04,it_a1,it,plain,0.029,paolo,rate,,,5,,"Оценка: 5. Произношение отличное, звучит очень естественно, как у носителя языка."
magpie,it_a1__04,it_a1,it,plain,0.0,paolo,rate,,,5,,"Оценка: 5. Ошибок нет, произношение звучит очень естественно и близко к речи носителя."
qwen3_clone,it_a1__02,it_a1,it,plain,0.0,paolo,rate,,,5,,"Оценка: 5. Произношение очень естественное, все звуки артикулированы правильно, ударения на местах. Звучит как речь носителя."
moss_v15,it_a1__01,it_a1,it,clone,0.0,paolo,rate,,,5,,"Оценка: 5. Произношение очень естественное, ритм правильный, и все звуки и ударения на своих местах. Отличная работа!"
moss_v10,it_a1__06,it_a1,it,clone,0.25,paolo,rate,,,5,,"Оценка: 5. Произношение отличное, звучит очень естественно, как у носителя языка."
moss_v10,it_a1__02,it_a1,it,plain,0.0,paolo,rate,,,5,,"Оценка: 5. Произношение отличное, звучит очень естественно, как у носителя, ошибок нет."
qwen3_voice,it_a1__09,it_a1,it,plain,0.0,paolo,rate,,,5,,"Оценка: 5. Произношение практически безупречное, звучит очень естественно и ритмично, как у носителя. Ошибок нет."
moss_v10,it_a1__07,it_a1,it,plain,0.0,paolo,rate,,,,,[ошибка: received 1007 (invalid frame payload data) Precondition check failed.; then sent 1007 (invalid frame payload data) Precondition check failed.]
moss_v10,it_a1__01,it_a1,it,plain,0.0,paolo,rate,,,5,,"Оценка: 5. Произношение отличное, звучит очень естественно, как у носителя языка. Ошибок в ударениях или звуках нет."
kokoro,it_a1__07,it_a1,it,plain,0.0,paolo,rate,,,5,,"Оценка: 5. Ошибок нет, произношение звучит очень естественно и как у носителя языка. Браво!"
piper,it_a1__08,it_a1,it,plain,0.071,paolo,rate,,,5,,"Оценка: 5. Звучит очень естественно, интонация и произношение как у носителя языка."
magpie,it_a1__08,it_a1,it,plain,0.0,paolo,rate,,,5,,"Оценка: 5. Произношение отличное, звучит очень естественно, ритм и интонация как у носителя. Ошибок нет."
qwen3_clone,it_a1__05,it_a1,it,plain,0.0,paolo,rate,,,5,,"Оценка: 5. Произношение очень естественное, интонация правильная, ударения во всех словах расставлены безупречно. Отличная работа синтезатора!"
kokoro,it_a1__05,it_a1,it,plain,0.0,paolo,rate,,,5,,"Оценка: 5. Произношение очень естественное, звуки и ударения на своих местах, звучит как речь носителя."
moss_v10,it_a1__09,it_a1,it,clone,0.0,paolo,rate,,,5,,"Оценка: 5. Ошибки отсутствуют, произношение звучит очень естественно и близко к речи носителя."
moss_v10,it_a1__09,it_a1,it,plain,0.0,paolo,rate,,,5,,"Оценка: 5. Произношение звучит естественно, все ударения и интонация правильные, как у настоящего носителя."
qwen3_voice,it_a1__06,it_a1,it,plain,0.312,paolo,rate,,,4,,"Оценка: 4. Синтез звучит довольно естественно, но есть небольшая неестественность в ритме и интонации на слове ""Smirne""."
magpie,it_a1__03,it_a1,it,plain,0.0,paolo,rate,,,5,,"Оценка: 5. Произношение отличное, звучит очень естественно, как у носителя. Ошибок нет."
kokoro,it_a1__08,it_a1,it,plain,0.0,paolo,rate,,,5,,"Оценка: 5. Произношение идеальное, звучит абсолютно естественно, как речь носителя языка."
qwen3_voice,it_a1__07,it_a1,it,plain,0.048,paolo,rate,,,5,,"Оценка: 5. Произношение отличное, интонация и звуки звучат очень естественно, как у носителя языка. Браво!"
piper,it_a1__06,it_a1,it,plain,0.25,paolo,rate,,,4,,"Оценка: 4. Произношение хорошее, но интонация местами звучит немного неестественно, механически."
magpie,it_a1__00,it_a1,it,plain,0.0,paolo,rate,,,,,[ошибка: received 1011 (internal error) Quota exceeded for quota metric 'API requests' and limit 'Request limit per minute for a region' of service 'generativelang; then sent 1011 (internal error) Quota exceeded for quota metric 'API requests' and limit 'Request limit per minute for a region' of service 'gen]
moss_v10,it_a1__05,it_a1,it,clone,0.0,paolo,rate,,,5,,"Оценка: 5. Произношение отличное, звучит очень естественно, ошибок нет. Bravissimi!"
