model,id,section,lang,variant,cer,expert,kind,choices,expected,answer,correct,transcript
magpie,it_solo__indice_указатель,it_solo,it,plain,0.0,paolo,choice,слог,1,1,1,"Ответ: 1. Я услышал слово «quindici», где ударение падает на первый слог."
piper,it_solo__capitano_капитан,it_solo,it,accent,0.05,paolo,choice,слог,3,3,1,"Ответ: 3. Я услышал, что ударение в середине слова «capitano» падает на третий слог."
qwen3_voice,it_solo__ancora_ещё,it_solo,it,plain,0.0,paolo,choice,слог,2,2,1,"Ответ: 2. Я услышал, что во втором слоге слова ""ancora"" ударение падает на гласный звук «о»."
moss_v10,it_solo__ancora_ещё,it_solo,it,plain,0.0,paolo,choice,слог,2,2,1,"Ответ: 2. Я услышал, что ударение падает на второй слог в слове «ancora»."
piper,it_solo__principi_принцы,it_solo,it,plain,0.0,paolo,choice,слог,1,1,1,Ответ: 1. Во втором слове отчетливо слышно ударение на первый слог.
moss_v15,it_solo__capitano_капитан,it_solo,it,plain,0.25,paolo,choice,слог,3,3,1,"Ответ: 3. Я услышал, что ударение в слове падает на третий слог."
moss_v10,it_solo__capitano_случаются,it_solo,it,ipa_word,0.3,paolo,choice,слог,1,3,0,"Ответ: 3. Я услышал, что ударение падает на третий слог в слове «capitano»."
qwen3_voice,it_solo__indice_указатель,it_solo,it,plain,0.0,paolo,choice,слог,1,,,[ошибка: received 1007 (invalid frame payload data) Precondition check failed.; then sent 1007 (invalid frame payload data) Precondition check failed.]
moss_v10,it_solo__principi_принципы,it_solo,it,plain,0.0,paolo,choice,слог,2,2,1,"Ответ: 2. Я услышал, что ударение падает на второй слог слова."
piper,it_solo__capitano_случаются,it_solo,it,ipa,0.0,paolo,choice,слог,1,3,0,Ответ: 3. В услышанном слове «capitano» ударение падает на третий слог с начала.
piper,it_solo__subito_пострадал,it_solo,it,accent,0.0,paolo,choice,слог,2,1,0,"Ответ: 1. Я услышал, что ударение в слове «subito» падает на первый слог."
piper,it_solo__ancora_ещё,it_solo,it,accent,0.0,paolo,choice,слог,2,2,1,Ответ: 2. Я услышал ударный второй слог в слове «ancora».
qwen3_voice,it_solo__principi_принцы,it_solo,it,plain,0.0,paolo,choice,слог,1,1,1,"Ответ: 1. Я услышал, что ударение падает на самый первый слог в этом слове."
moss_v15,it_solo__capitano_случаются,it_solo,it,plain,0.25,paolo,choice,слог,1,3,0,"Ответ: 3. Я услышал, что в слове ""capitano"" ударение падает на третий слог."
magpie,it_solo__principi_принципы,it_solo,it,plain,0.0,paolo,choice,слог,2,1,0,"Ответ: 1. Я услышал, что ударение падает на первый слог в этом слове."
moss_v15,it_solo__ancora_ещё,it_solo,it,ipa_word,0.0,paolo,choice,слог,2,2,1,"Ответ: 2. Я услышал, что в слове «ancora» ударение падает на второй слог."
piper,it_solo__capitano_случаются,it_solo,it,plain,0.0,paolo,choice,слог,1,3,0,"Ответ: 3
Я услышал, как ударение падает на третий слог в слове «capitan»."
moss_v15,it_solo__ancora_якорь,it_solo,it,plain,0.0,paolo,choice,слог,1,2,0,"Ответ: 2. Я услышал, что во втором слоге слова «ancora» четко выделено ударение."
qwen3_voice,it_solo__principi_принципы,it_solo,it,accent,0.0,paolo,choice,слог,2,1,0,"Ответ: 1. Я услышал, что в среднем слове ударным является первый слог."
moss_v15,it_solo__capitano_случаются,it_solo,it,ipa_word,0.0,paolo,choice,слог,1,3,0,"Ответ: 3. Я услышал, что в слове ""capitano"" ударение падает на третий слог, как это и должно быть в итальянском языке."
moss_v10,it_solo__indice_указатель,it_solo,it,ipa,0.667,paolo,choice,слог,1,1,1,Ответ: 1. Я услышал слово «scinde» с ударением на первый слог.
moss_v15,it_solo__ancora_ещё,it_solo,it,accent,0.0,paolo,choice,слог,2,2,1,"Ответ: 2. Я услышал, что ударение в слове «ancora» падает на второй слог."
moss_v15,it_solo__capitano_капитан,it_solo,it,accent,0.0,paolo,choice,слог,3,3,1,Ответ: 3. Я услышал очевидное ударение на третьем слоге.
moss_v15,it_solo__ancora_ещё,it_solo,it,plain,0.0,paolo,choice,слог,2,2,1,Ответ: 2. Я услышал ударение на второй слог в слове «ancora».
kokoro,it_solo__principi_принципы,it_solo,it,ipa,0.0,paolo,choice,слог,2,1,0,Ответ: 1. В среднем слове фразы ударение падает на самый первый слог: «prìncipi».
qwen3_voice,it_solo__capitano_капитан,it_solo,it,accent,0.0,paolo,choice,слог,3,3,1,"Ответ: 3. Я услышал, что в слове «capitano» ударение падает на третий слог."
moss_v10,it_solo__capitano_капитан,it_solo,it,accent,0.0,paolo,choice,слог,3,3,1,"Ответ: 3. Я услышал, что в слове «capitano» ударение падает на третий слог от начала."
magpie,it_solo__principi_принцы,it_solo,it,accent,0.0,paolo,choice,слог,1,1,1,"Ответ: 1. Я услышал, что ударение падает на первый слог слова."
piper,it_solo__arbitro_судья,it_solo,it,ipa,0.0,paolo,choice,слог,1,1,1,"Ответ: 1. Я услышал, что ударение в слове падает на первый слог."
piper,it_solo__principi_принцы,it_solo,it,accent,0.0,paolo,choice,слог,1,2,0,"Ответ: 2. Я услышал, что ударение падает на второй слог в слове «principi»."
kokoro,it_solo__indice_указатель,it_solo,it,ipa,0.0,paolo,choice,слог,1,1,1,"Ответ: 1. В слове ""indice"" я четко слышу ударение на первом слоге."
moss_v10,it_solo__principi_принцы,it_solo,it,ipa_word,0.05,paolo,choice,слог,1,1,1,"Ответ: 1. Я услышал, что ударным является первый слог в слове «principi»."
qwen3_voice,it_solo__indice_указатель,it_solo,it,accent,0.222,paolo,choice,слог,1,1,1,"Ответ: 1. Я услышал, что ударение падает на первый слог в слове «undici»."
moss_v15,it_solo__principi_принцы,it_solo,it,accent,0.0,paolo,choice,слог,1,,,[ошибка: received 1007 (invalid frame payload data) Precondition check failed.; then sent 1007 (invalid frame payload data) Precondition check failed.]
kokoro,it_solo__ancora_якорь,it_solo,it,plain,0.0,paolo,choice,слог,1,,,[ошибка: received 1011 (internal error) Quota exceeded for quota metric 'API requests' and limit 'Request limit per minute for a region' of service 'generativelang; then sent 1011 (internal error) Quota exceeded for quota metric 'API requests' and limit 'Request limit per minute for a region' of service 'gen]
moss_v15,it_solo__capitano_капитан,it_solo,it,ipa_word,0.0,paolo,choice,слог,3,3,1,Ответ: 3. В услышанном слове «capitano» ударение падает на третий слог.
moss_v15,it_solo__indice_указатель,it_solo,it,accent,0.056,paolo,choice,слог,1,1,1,"Ответ: 1. Я услышал, что в слове ударение падает на самый первый слог."
kokoro,it_solo__ancora_якорь,it_solo,it,ipa,0.0,paolo,choice,слог,1,2,0,Ответ: 2. В слове «ancora» ударным является второй слог.
qwen3_voice,it_solo__capitano_случаются,it_solo,it,accent,0.0,paolo,choice,слог,1,3,0,"Ответ: 3. Я услышал, что в среднем слове ударным является третий слог: «ка-пи-ТА-но»."
magpie,it_solo__subito_сразу,it_solo,it,accent,0.0,paolo,choice,слог,1,1,1,"Ответ: 1
Я услышал, что в слове «subito» ударение падает на первый слог."
piper,it_solo__principi_принцы,it_solo,it,ipa,0.05,paolo,choice,слог,1,1,1,Ответ: 1. Я услышал слово с ударением на первый слог.
moss_v10,it_solo__capitano_случаются,it_solo,it,ipa,0.35,paolo,choice,слог,1,3,0,Ответ: 3. Я услышал слово «trapelato» с ударением на третий слог.
kokoro,it_solo__arbitro_судья,it_solo,it,ipa,0.0,paolo,choice,слог,1,1,1,Ответ: 1. Я услышал ударение на первом слоге слова «arbitro».
moss_v10,it_solo__ancora_ещё,it_solo,it,accent,0.222,paolo,choice,слог,2,2,1,"Ответ: 2. Я услышал, что ударным является второй слог в слове «ancora»."
moss_v15,it_solo__arbitro_судья,it_solo,it,accent,0.737,paolo,choice,слог,1,1,1,"Ответ: 1. Я услышал, что ударение падает на первый слог в слове «arbitro»."
moss_v15,it_solo__subito_пострадал,it_solo,it,accent,0.0,paolo,choice,слог,2,1,0,"Ответ: 1. Я услышал, что в слове «subito» ударение падает на самый первый слог."
moss_v15,it_solo__subito_сразу,it_solo,it,accent,0.0,paolo,choice,слог,1,1,1,"Ответ: 1. Я услышал, что в слове «subito» ударение падает на первый слог."
moss_v10,it_solo__subito_пострадал,it_solo,it,plain,0.167,paolo,choice,слог,2,1,0,Ответ: 1. В слове «subito» ударным является первый слог.
moss_v15,it_solo__ancora_ещё,it_solo,it,ipa,0.444,paolo,choice,слог,2,2,1,Ответ: 2. Я услышал слово «ancora» с ударением на втором слоге.
moss_v15,it_solo__capitano_случаются,it_solo,it,accent,0.5,paolo,choice,слог,1,3,0,"Ответ: 3. Я услышал, что в слове «capitano» ударным является третий слог, считая с начала слова."
piper,it_solo__indice_указатель,it_solo,it,accent,0.389,paolo,choice,слог,1,2,0,"Ответ: 2. Я услышал, что в среднем слове ударным является второй слог."
moss_v10,it_solo__subito_пострадал,it_solo,it,ipa_word,0.111,paolo,choice,слог,2,1,0,"Ответ: 1. Я услышал, что ударение падает на первый слог в слове «subito»."
moss_v15,it_solo__subito_сразу,it_solo,it,ipa_word,0.0,paolo,choice,слог,1,1,1,"Ответ: 1. Я услышал, что в слове «subito» ударение падает на первый слог."
piper,it_solo__ancora_ещё,it_solo,it,ipa,0.0,paolo,choice,слог,2,2,1,"Ответ: 2. В слове «ancora» ударение падает на второй слог, как это и слышно в записи."
moss_v10,it_solo__ancora_якорь,it_solo,it,plain,0.0,paolo,choice,слог,1,2,0,"Ответ: 2. Я услышал, что во втором слоге слова «ancora» падает ударение."
magpie,it_solo__subito_сразу,it_solo,it,plain,0.0,paolo,choice,слог,1,1,1,"Ответ: 1. Я услышал, что в слове «subito» ударным является первый слог."
piper,it_solo__arbitro_судья,it_solo,it,plain,0.0,paolo,choice,слог,1,1,1,"Ответ: 1. Я услышал, что ударение падает на первый слог в слове «árbitro»."
kokoro,it_solo__ancora_ещё,it_solo,it,ipa,0.0,paolo,choice,слог,2,2,1,"Ответ: 2. Я услышал, что ударение падает на второй слог в слове «ancora»."
moss_v10,it_solo__principi_принцы,it_solo,it,ipa,0.45,paolo,choice,слог,1,1,1,"Ответ: 1. В среднем слове ""principe"" я услышал ударение на первый слог."
piper,it_solo__subito_сразу,it_solo,it,plain,0.0,paolo,choice,слог,1,1,1,"Ответ: 1. Я услышал, что ударение падает на первый слог в слове «subito»."
kokoro,it_solo__capitano_случаются,it_solo,it,accent,0.0,paolo,choice,слог,1,,,[ошибка: received 1007 (invalid frame payload data) Precondition check failed.; then sent 1007 (invalid frame payload data) Precondition check failed.]
piper,it_solo__arbitro_судья,it_solo,it,accent,0.105,paolo,choice,слог,1,1,1,"Ответ: 1. Я услышал, что ударение падает на первый слог в слове «abito»."
magpie,it_solo__capitano_случаются,it_solo,it,accent,0.0,paolo,choice,слог,1,3,0,"Ответ: 3. Я услышал, что ударение в слове падает на третий слог, считая с начала слова."
piper,it_solo__ancora_ещё,it_solo,it,plain,0.0,paolo,choice,слог,2,2,1,"Ответ: 2. Я услышал, что ударение падает на второй слог слова «ancora»."
qwen3_voice,it_solo__subito_сразу,it_solo,it,accent,0.0,paolo,choice,слог,1,1,1,"Ответ: 1. Я услышал, что ударение падает на первый слог в слове «subito»."
moss_v10,it_solo__capitano_капитан,it_solo,it,ipa_word,0.3,paolo,choice,слог,3,3,1,"Ответ: 3. Я услышал отчетливое ударение на третьем слоге в слове ""capitale""."
piper,it_solo__subito_пострадал,it_solo,it,plain,0.0,paolo,choice,слог,2,1,0,"Ответ: 1. Я услышал, что ударение в слове «subito» падает на первый слог, как и должно быть в этом итальянском слове."
qwen3_voice,it_solo__subito_пострадал,it_solo,it,accent,0.0,paolo,choice,слог,2,1,0,"Ответ: 1. Я услышал, что в слове ""subito"" ударным является первый слог."
kokoro,it_solo__arbitro_судья,it_solo,it,accent,0.0,paolo,choice,слог,1,1,1,"Ответ: 1. Я чётко услышал, что ударение падает на самый первый слог."
moss_v15,it_solo__ancora_якорь,it_solo,it,ipa,0.444,paolo,choice,слог,1,2,0,"Ответ: 2. Я услышал, что в слове «ancora» ударение падает на второй слог."
moss_v10,it_solo__arbitro_судья,it_solo,it,plain,0.0,paolo,choice,слог,1,1,1,"Ответ: 1. Я услышал, что ударение падает на первый слог в слове «arbitro»."
kokoro,it_solo__ancora_якорь,it_solo,it,accent,0.0,paolo,choice,слог,1,2,0,"Ответ: 2
Я услышал, что в слове ""ancora"" ударение падает на второй слог."
qwen3_voice,it_solo__principi_принцы,it_solo,it,accent,0.0,paolo,choice,слог,1,1,1,"Ответ: 1. Я услышал, что в слове «principi» ударение падает на первый слог."
moss_v10,it_solo__arbitro_судья,it_solo,it,accent,0.0,paolo,choice,слог,1,,,[ошибка: received 1007 (invalid frame payload data) Precondition check failed.; then sent 1007 (invalid frame payload data) Precondition check failed.]
magpie,it_solo__indice_указатель,it_solo,it,accent,0.0,paolo,choice,слог,1,1,1,"Ответ: 1. Я услышал, что в середине фразы ударение падает на первый слог слова «indice»."
moss_v10,it_solo__capitano_случаются,it_solo,it,plain,0.0,paolo,choice,слог,1,3,0,"Ответ: 3. Я услышал, что в среднем слове ударным является третий слог."
kokoro,it_solo__principi_принцы,it_solo,it,accent,0.0,paolo,choice,слог,1,2,0,"Ответ: 2. Я услышал, что ударение падает на второй слог слова."
kokoro,it_solo__principi_принцы,it_solo,it,plain,0.0,paolo,choice,слог,1,1,1,"Ответ: 1. Я услышал, что ударение падает на первый слог в слове ""principi""."
piper,it_solo__capitano_капитан,it_solo,it,ipa,0.0,paolo,choice,слог,3,3,1,"Ответ: 3. Я услышал, что ударение падает на третий слог в слове «capitano»."
qwen3_voice,it_solo__ancora_якорь,it_solo,it,accent,0.0,paolo,choice,слог,1,2,0,"Ответ: 2. Я услышал, что ударение падает на второй слог в слове «ancora»."
magpie,it_solo__capitano_случаются,it_solo,it,plain,0.0,paolo,choice,слог,1,,,[ошибка: received 1011 (internal error) Quota exceeded for quota metric 'API requests' and limit 'Request limit per minute for a region' of service 'generativelang; then sent 1011 (internal error) Quota exceeded for quota metric 'API requests' and limit 'Request limit per minute for a region' of service 'gen]
magpie,it_solo__ancora_якорь,it_solo,it,accent,0.0,paolo,choice,слог,1,2,0,Ответ: 2. Я услышал слово «ancora» с ударением на втором слоге.
kokoro,it_solo__subito_пострадал,it_solo,it,plain,0.0,paolo,choice,слог,2,1,0,"Ответ: 1. Я услышал, что в слове «subito» ударение падает на самый первый слог, как и положено в итальянском языке."
qwen3_voice,it_solo__capitano_капитан,it_solo,it,plain,0.0,paolo,choice,слог,3,3,1,"Ответ: 3. В слове «capitano» я отчетливо слышу, что ударным является третий слог."
magpie,it_solo__principi_принципы,it_solo,it,accent,0.0,paolo,choice,слог,2,3,0,"Ответ: 3. Я услышал, что в слове «Principia» ударение падает на третий слог."
moss_v10,it_solo__arbitro_судья,it_solo,it,ipa,0.526,paolo,choice,слог,1,2,0,"Ответ: 2. Я услышал слово «riprova», где ударение падает на второй слог."
qwen3_voice,it_solo__ancora_якорь,it_solo,it,plain,0.0,paolo,choice,слог,1,2,0,"Ответ: 2. Я услышал слово «ancora» с ударением на второй слог, как это и должно быть."
moss_v15,it_solo__indice_указатель,it_solo,it,ipa,0.5,paolo,choice,слог,1,,,[ошибка: received 1007 (invalid frame payload data) Precondition check failed.; then sent 1007 (invalid frame payload data) Precondition check failed.]
kokoro,it_solo__indice_указатель,it_solo,it,plain,0.0,paolo,choice,слог,1,1,1,"Ответ: 1. Я услышал, что в среднем слове «indice» ударение падает на первый слог."
moss_v10,it_solo__subito_сразу,it_solo,it,plain,0.056,paolo,choice,слог,1,1,1,"Ответ: 1. Я услышал, что ударение падает на самый первый слог в слове «subito»."
moss_v15,it_solo__principi_принципы,it_solo,it,ipa,0.25,paolo,choice,слог,2,1,0,"Ответ: 1. Я услышал ударение на первом слоге в слове ""principi""."
moss_v15,it_solo__subito_сразу,it_solo,it,ipa,0.389,paolo,choice,слог,1,1,1,"Ответ: 1. Я услышал, что в слове «subito» ударение падает на первый слог."
magpie,it_solo__arbitro_судья,it_solo,it,accent,0.0,paolo,choice,слог,1,1,1,"Ответ: 1. Я услышал, что ударение падает на самый первый слог слова."
moss_v15,it_solo__ancora_якорь,it_solo,it,accent,0.0,paolo,choice,слог,1,,,[ошибка: received 1007 (invalid frame payload data) Precondition check failed.; then sent 1007 (invalid frame payload data) Precondition check failed.]
moss_v15,it_solo__subito_пострадал,it_solo,it,plain,0.278,paolo,choice,слог,2,1,0,"Ответ: 1. Я услышал, что ударение падает на первый слог в слове ""subito""."
qwen3_voice,it_solo__arbitro_судья,it_solo,it,accent,0.0,paolo,choice,слог,1,1,1,"Ответ: 1. Я услышал, что ударение в слове «arbitro» падает на первый слог."
kokoro,it_solo__principi_принципы,it_solo,it,accent,0.0,paolo,choice,слог,2,1,0,"Ответ: 1. Я услышал, что ударным является первый слог в слове прин-чи-пи."
qwen3_voice,it_solo__subito_сразу,it_solo,it,plain,0.0,paolo,choice,слог,1,1,1,"Ответ: 1. Я услышал, что в слове «subito» ударение падает на первый слог."
moss_v10,it_solo__capitano_капитан,it_solo,it,ipa,0.35,paolo,choice,слог,3,3,1,"Ответ: 3. Я услышал, что ударение падает на третий слог в слове «capitartano»."
kokoro,it_solo__capitano_капитан,it_solo,it,accent,0.0,paolo,choice,слог,3,3,1,Ответ: 3. В услышанном слове ударение падает на третий слог.
piper,it_solo__ancora_якорь,it_solo,it,accent,0.0,paolo,choice,слог,1,2,0,Ответ: 2. В слове «ancora» ударение падает на второй слог.
moss_v10,it_solo__principi_принцы,it_solo,it,accent,0.0,paolo,choice,слог,1,2,0,"Ответ: 2. Я услышал, что ударение падает на второй слог в слове ""principio""."
moss_v10,it_solo__principi_принципы,it_solo,it,accent,0.0,paolo,choice,слог,2,1,0,"Ответ: 1. Я услышал, что в среднем слове произносится ударным первый слог."
moss_v10,it_solo__indice_указатель,it_solo,it,plain,0.222,paolo,choice,слог,1,1,1,"Ответ: 1. Я услышал, что ударение падает на первый слог слова."
qwen3_voice,it_solo__ancora_ещё,it_solo,it,accent,0.0,paolo,choice,слог,2,2,1,Ответ: 2. В слове «ancora» ударение падает на второй слог.
moss_v10,it_solo__principi_принципы,it_solo,it,ipa,1.25,paolo,choice,слог,2,0,0,"Ответ: ноль. Я услышал фразу на другом языке, совершенно не связанную с итальянским заданием."
moss_v15,it_solo__subito_сразу,it_solo,it,plain,0.0,paolo,choice,слог,1,,,[ошибка: received 1007 (invalid frame payload data) Precondition check failed.; then sent 1007 (invalid frame payload data) Precondition check failed.]
piper,it_solo__subito_сразу,it_solo,it,ipa,0.0,paolo,choice,слог,1,1,1,"Ответ: 1. Я услышал, что в среднем слове «subito» ударение падает на первый слог."
piper,it_solo__ancora_якорь,it_solo,it,ipa,0.0,paolo,choice,слог,1,2,0,"Ответ: 2. Я услышал, что ударение в слове падает на второй слог."
piper,it_solo__subito_сразу,it_solo,it,accent,0.0,paolo,choice,слог,1,1,1,"Ответ: 1. В среднем слове чётко слышно, что ударение падает на первый слог."
qwen3_voice,it_solo__capitano_случаются,it_solo,it,plain,0.0,paolo,choice,слог,1,3,0,Ответ: 3. В услышанном слове ударение падает на третий слог.
moss_v15,it_solo__principi_принципы,it_solo,it,accent,0.0,paolo,choice,слог,2,1,0,"Ответ: 1. Я услышал, что ударение в слове падает на самый первый слог."
kokoro,it_solo__capitano_случаются,it_solo,it,ipa,0.0,paolo,choice,слог,1,3,0,"Ответ: 3. Я услышал, что в слове «capitano» ударение падает на третий слог."
moss_v10,it_solo__indice_указатель,it_solo,it,ipa_word,0.444,paolo,choice,слог,1,2,0,"Ответ: 2
Я услышал, что ударение падает на второй слог в слове «tirandoci»."
moss_v10,it_solo__capitano_капитан,it_solo,it,plain,0.0,paolo,choice,слог,3,3,1,"Ответ: 3. Я услышал, что в слове ""capitano"" ударным является третий слог."
kokoro,it_solo__indice_указатель,it_solo,it,accent,0.0,paolo,choice,слог,1,1,1,"Ответ: 1. Я услышал, что ударение падает на первый слог слова «indice»."
moss_v15,it_solo__arbitro_судья,it_solo,it,ipa_word,0.158,paolo,choice,слог,1,,,[ошибка: received 1011 (internal error) Quota exceeded for quota metric 'API requests' and limit 'Request limit per minute for a region' of service 'generativelang; then sent 1011 (internal error) Quota exceeded for quota metric 'API requests' and limit 'Request limit per minute for a region' of service 'gen]
piper,it_solo__capitano_капитан,it_solo,it,plain,0.0,paolo,choice,слог,3,3,1,"Ответ: 3. Я услышал, что ударение падает на третий слог в слове «capitano», то есть на «ta»."
kokoro,it_solo__subito_сразу,it_solo,it,plain,0.0,paolo,choice,слог,1,1,1,"Ответ: 1. Я услышал, что в слове «subito» ударение падает на первый слог."
kokoro,it_solo__capitano_случаются,it_solo,it,plain,0.0,paolo,choice,слог,1,3,0,"Ответ: 3. Я услышал, что ударение падает на третий слог в слове ""capitano""."
moss_v10,it_solo__subito_пострадал,it_solo,it,accent,0.111,paolo,choice,слог,2,1,0,"Ответ: 1. Я услышал, что ударение падает на первый слог слова ""subito""."
moss_v10,it_solo__subito_сразу,it_solo,it,accent,0.0,paolo,choice,слог,1,1,1,"Ответ: 1. Я услышал, что ударение в слове «subito» падает на первый слог."
moss_v15,it_solo__principi_принципы,it_solo,it,ipa_word,0.6,paolo,choice,слог,2,2,1,"Ответ: 2. Я услышал, что ударение падает на второй слог."
piper,it_solo__principi_принципы,it_solo,it,ipa,0.0,paolo,choice,слог,2,1,0,"Ответ: 1. Я услышал, что ударение падает на первый слог в слове ""principe""."
moss_v15,it_solo__principi_принципы,it_solo,it,plain,0.85,paolo,choice,слог,2,,,[ошибка: received 1011 (internal error) Resource has been exhausted (e.g. check quota).; then sent 1011 (internal error) Resource has been exhausted (e.g. check quota).]
moss_v10,it_solo__ancora_ещё,it_solo,it,ipa,0.722,paolo,choice,слог,2,2,1,Ответ: 2. В слове «ancora» я отчетливо слышу ударение на втором слоге.
magpie,it_solo__arbitro_судья,it_solo,it,plain,0.0,paolo,choice,слог,1,1,1,"Ответ: 1. Я услышал, что ударение падает на первый слог в слове «arbitro»."
kokoro,it_solo__capitano_капитан,it_solo,it,ipa,0.0,paolo,choice,слог,3,3,1,Ответ: 3. Я услышал слово «capitano» с ударением на третий слог.
kokoro,it_solo__subito_сразу,it_solo,it,accent,0.0,paolo,choice,слог,1,1,1,"Ответ: 1. Я услышал, что ударение в слове «subito» падает на первый слог."
moss_v10,it_solo__arbitro_судья,it_solo,it,ipa_word,0.526,paolo,choice,слог,1,2,0,Ответ: 2. Я услышал слово «vedora» с ударением на втором слоге.
magpie,it_solo__capitano_капитан,it_solo,it,accent,0.0,paolo,choice,слог,3,3,1,"Ответ: 3. Я услышал, что ударение падает на третий слог в слове «capitano»."
moss_v15,it_solo__arbitro_судья,it_solo,it,plain,0.158,paolo,choice,слог,1,1,1,"Ответ: 1. Я услышал, что ударение падает на самый первый слог слова."
magpie,it_solo__ancora_ещё,it_solo,it,accent,0.0,paolo,choice,слог,2,2,1,"Ответ: 2. Я услышал, что в слове «ancora» ударение падает на второй слог."
moss_v10,it_solo__ancora_ещё,it_solo,it,ipa_word,0.667,paolo,choice,слог,2,2,1,"Ответ: 2. Я услышал, что в слове ""detective"" ударение падает на второй слог."
kokoro,it_solo__arbitro_судья,it_solo,it,plain,0.0,paolo,choice,слог,1,1,1,"Ответ: 1. Я услышал, что ударение падает на самый первый слог в этом слове."
moss_v15,it_solo__principi_принцы,it_solo,it,ipa_word,0.0,paolo,choice,слог,1,,,[ошибка: received 1011 (internal error) Quota exceeded for quota metric 'API requests' and limit 'Request limit per minute for a region' of service 'generativelang; then sent 1011 (internal error) Quota exceeded for quota metric 'API requests' and limit 'Request limit per minute for a region' of service 'gen]
moss_v10,it_solo__ancora_якорь,it_solo,it,ipa_word,0.222,paolo,choice,слог,1,1,1,"Ответ: 1. Я услышал, что ударение падает на первый слог в этом странном слове."
kokoro,it_solo__capitano_капитан,it_solo,it,plain,0.0,paolo,choice,слог,3,3,1,"Ответ: 3. Я услышал, что в слове «capitano» ударным является третий слог: «ca-pi-ta-no»."
magpie,it_solo__ancora_якорь,it_solo,it,plain,0.0,paolo,choice,слог,1,2,0,"Ответ: 2. Я услышал, что ударение падает на второй слог в слове «ancora»."
moss_v15,it_solo__indice_указатель,it_solo,it,plain,0.0,paolo,choice,слог,1,1,1,"Ответ: 1. Я услышал, что в слове ""indice"" ударным является первый слог."
kokoro,it_solo__principi_принцы,it_solo,it,ipa,0.0,paolo,choice,слог,1,1,1,"Ответ: 1. Я услышал, что ударение падает на первый слог в слове ""Principi""."
moss_v10,it_solo__subito_сразу,it_solo,it,ipa,1.556,paolo,choice,слог,1,1,1,"Ответ: 1. Я услышал слово ""sempre"" с ударением на первом слоге."
magpie,it_solo__principi_принцы,it_solo,it,plain,0.0,paolo,choice,слог,1,2,0,Ответ: 2. В слове отчётливо слышно ударение на второй слог.
kokoro,it_solo__subito_пострадал,it_solo,it,ipa,0.0,paolo,choice,слог,2,1,0,"Ответ: 1. Я услышал, что в слове «subito» ударным является первый слог."
moss_v15,it_solo__capitano_капитан,it_solo,it,ipa,1.5,paolo,choice,слог,3,3,1,"Ответ: 3. Я услышал, что в слове «capitano» ударение падает на третий слог."
piper,it_solo__ancora_якорь,it_solo,it,plain,0.0,paolo,choice,слог,1,2,0,"Ответ: 2
Во втором слове фразы ударение падает на второй слог, как и должно быть в слове «ancora»."
moss_v10,it_solo__ancora_якорь,it_solo,it,accent,0.0,paolo,choice,слог,1,2,0,Ответ: 2. В слове «ancora» я услышал ударение на втором слоге.
moss_v15,it_solo__capitano_случаются,it_solo,it,ipa,0.55,paolo,choice,слог,1,3,0,"Ответ: 3. Я услышал, что ударение в слове «capitano» падает на третий слог."
piper,it_solo__indice_указатель,it_solo,it,ipa,0.0,paolo,choice,слог,1,2,0,"Ответ: 2. Я услышал, что ударение в среднем слове падает на второй слог."
moss_v15,it_solo__arbitro_судья,it_solo,it,ipa,0.737,paolo,choice,слог,1,2,0,"Ответ: 2. Я услышал слово «decae», где ударение падает на второй слог."
moss_v10,it_solo__subito_сразу,it_solo,it,ipa_word,0.0,paolo,choice,слог,1,1,1,Ответ: 1. Ударение в прослушанном слове падает на первый слог.
piper,it_solo__principi_принципы,it_solo,it,plain,0.35,paolo,choice,слог,2,3,0,"Ответ: 3. Я услышал, что ударение падает на третий слог в слове ""vediamo""."
moss_v10,it_solo__ancora_якорь,it_solo,it,ipa,0.5,paolo,choice,слог,1,1,1,"Ответ: 1
Я услышал, что в слове ""Shankara"" ударение падает на самый первый слог."
qwen3_voice,it_solo__subito_пострадал,it_solo,it,plain,0.0,paolo,choice,слог,2,1,0,"Ответ: 1. В слове ""subito"" я отчетливо слышу ударение на первом слоге, как и положено в итальянском языке."
moss_v10,it_solo__principi_принципы,it_solo,it,ipa_word,0.2,paolo,choice,слог,2,,,[ошибка: received 1007 (invalid frame payload data) Precondition check failed.; then sent 1007 (invalid frame payload data) Precondition check failed.]
kokoro,it_solo__ancora_ещё,it_solo,it,plain,0.0,paolo,choice,слог,2,2,1,"Ответ: 2. Я услышал, что ударение в слове «ancora» падает на второй слог."
moss_v10,it_solo__principi_принцы,it_solo,it,plain,0.0,paolo,choice,слог,1,1,1,"Ответ: 1. Я услышал, что в среднем слове ударение падает на самый первый слог."
moss_v10,it_solo__subito_пострадал,it_solo,it,ipa,0.444,paolo,choice,слог,2,1,0,Ответ: 1. Ударение в прозвучавшем слове падает на первый слог.
moss_v15,it_solo__subito_пострадал,it_solo,it,ipa,0.111,paolo,choice,слог,2,1,0,"Ответ: 1. Я услышал, что в слове ударным является первый слог."
magpie,it_solo__subito_пострадал,it_solo,it,accent,0.0,paolo,choice,слог,2,1,0,"Ответ: 1. Я услышал, что ударение падает на первый слог в слове «subito»."
kokoro,it_solo__subito_пострадал,it_solo,it,accent,0.0,paolo,choice,слог,2,1,0,Ответ: 1. Я услышал ударение на самый первый слог в слове «subito».
piper,it_solo__subito_пострадал,it_solo,it,ipa,0.0,paolo,choice,слог,2,1,0,Ответ: 1. Я услышал ударение на первый слог в слове «subito».
kokoro,it_solo__subito_сразу,it_solo,it,ipa,0.0,paolo,choice,слог,1,1,1,"Ответ: 1. Я услышал, что ударение в слове «subito» падает на первый слог."
qwen3_voice,it_solo__arbitro_судья,it_solo,it,plain,0.0,paolo,choice,слог,1,1,1,"Ответ: 1. Я услышал, что в слове ударение падает на самый первый слог."
moss_v10,it_solo__indice_указатель,it_solo,it,accent,0.333,paolo,choice,слог,1,1,1,Ответ: 1. Ударение падает на первый слог слова «dice».
kokoro,it_solo__principi_принципы,it_solo,it,plain,0.0,paolo,choice,слог,2,2,1,"Ответ: 2. Я услышал, что ударение в слове «Principi» падает на второй слог."
moss_v10,it_solo__capitano_случаются,it_solo,it,accent,0.25,paolo,choice,слог,1,,,[ошибка: received 1011 (internal error) Quota exceeded for quota metric 'API requests' and limit 'Request limit per minute for a region' of service 'generativelang; then sent 1011 (internal error) Quota exceeded for quota metric 'API requests' and limit 'Request limit per minute for a region' of service 'gen]
piper,it_solo__principi_принципы,it_solo,it,accent,0.05,paolo,choice,слог,2,2,1,Ответ: 2. Я услышал слово «principio» с ударением на втором слоге.
moss_v15,it_solo__ancora_якорь,it_solo,it,ipa_word,0.167,paolo,choice,слог,1,2,0,"Ответ: 2. Я услышал, что в слове «ancora» ударным является второй слог."
moss_v15,it_solo__principi_принцы,it_solo,it,ipa,1.05,paolo,choice,слог,1,0,0,"Ответ: ноль. Я услышал искусственный звук, в котором невозможно чётко определить ударный слог."
moss_v15,it_solo__subito_пострадал,it_solo,it,ipa_word,0.278,paolo,choice,слог,2,1,0,Ответ: 1. Я услышал отчетливое ударение на первом слоге в слове «subito».
piper,it_solo__indice_указатель,it_solo,it,plain,0.0,paolo,choice,слог,1,1,1,"Ответ: 1. Я услышал слово «quindici», в котором ударение падает на первый слог."
kokoro,it_solo__ancora_ещё,it_solo,it,accent,0.0,paolo,choice,слог,2,2,1,"Ответ: 2. Я услышал, что ударение падает на второй слог в слове «ancora»."
magpie,it_solo__capitano_капитан,it_solo,it,plain,0.0,paolo,choice,слог,3,3,1,"Ответ: 3 Я услышал слово ""capitano"" с ударением на третий слог."
qwen3_voice,it_solo__principi_принципы,it_solo,it,plain,0.0,paolo,choice,слог,2,2,1,"Ответ: 2. Я услышал, что в слове «Principi» ударение падает на второй слог."
magpie,it_solo__ancora_ещё,it_solo,it,plain,0.0,paolo,choice,слог,2,2,1,"Ответ: 2. Я услышал, что ударение падает на второй слог в слове «ancora»."
moss_v15,it_solo__indice_указатель,it_solo,it,ipa_word,0.111,paolo,choice,слог,1,1,1,"Ответ: 1. Я услышал, что в среднем слове «indice» ударение падает на первый слог."
piper,it_solo__capitano_случаются,it_solo,it,accent,0.0,paolo,choice,слог,1,,,[ошибка: received 1007 (invalid frame payload data) Precondition check failed.; then sent 1007 (invalid frame payload data) Precondition check failed.]
magpie,it_stress__scrivono,it_stress,it,accent,0.0,paolo,choice,слог,1,1,1,"Ответ: 1. Я услышал, что ударение в слове падает на первый слог."
moss_v15,it_stress__tavolo,it_stress,it,plain,0.278,paolo,choice,слог,1,1,1,"Ответ: 1. Я услышал, что ударение падает на первый слог слова «tavolo»."
moss_v15,it_stress__zucchero,it_stress,it,ipa_word,0.2,paolo,choice,слог,1,1,1,"Ответ: 1
Я услышал слово, в котором ударение падает на первый слог."
moss_v10,it_stress__desiderano,it_stress,it,ipa_word,1.364,paolo,choice,слог,2,2,1,"Ответ: 2. Я услышал слово «italiano», где ударным является третий слог «li»."
magpie,it_solo__subito_пострадал,it_solo,it,plain,0.0,paolo,choice,слог,2,1,0,"Ответ: 1. Я услышал, что в слове ""subito"" ударение падает на первый слог."
moss_v15,it_stress__piroscafo,it_stress,it,ipa_word,0.238,paolo,choice,слог,2,2,1,"Ответ: 2. Я услышал слово «periodo», где ударение падает на второй слог."
qwen3_voice,it_stress__leggere_2,it_stress,it,accent,0.0,paolo,choice,слог,1,1,1,"Ответ: 1. Я услышал, что в слове «leggere» ударение падает на первый слог с начала."
piper,it_stress__tavolo,it_stress,it,plain,0.0,paolo,choice,слог,1,1,1,"Ответ: 1. Я услышал, что в слове «таволо» ударение падает на самый первый слог."
moss_v15,it_stress__brindisi,it_stress,it,accent,0.0,paolo,choice,слог,1,1,1,"Ответ: 1. Я услышал, что ударение падает на самый первый слог слова."
magpie,it_stress__farmacia,it_stress,it,plain,0.0,paolo,choice,слог,3,3,1,"Ответ: 3. Я услышал, что в слове «farmacia» ударение падает на третий слог."
kokoro,it_stress__leggere_2,it_stress,it,plain,0.0,paolo,choice,слог,1,,,[ошибка: received 1007 (invalid frame payload data) Precondition check failed.; then sent 1007 (invalid frame payload data) Precondition check failed.]
piper,it_stress__desiderano,it_stress,it,ipa,0.0,paolo,choice,слог,2,2,1,"Ответ: 2. Я услышал слово, в котором ударение падает на второй слог."
moss_v15,it_solo__principi_принцы,it_solo,it,plain,0.0,paolo,choice,слог,1,,,[ошибка: received 1011 (internal error) Quota exceeded for quota metric 'API requests' and limit 'Request limit per minute for a region' of service 'generativelang; then sent 1011 (internal error) Quota exceeded for quota metric 'API requests' and limit 'Request limit per minute for a region' of service 'gen]
kokoro,it_stress__leggere,it_stress,it,plain,0.0,paolo,choice,слог,2,1,0,"Ответ: 1. Я услышал, что в слове «leggere» ударение падает на первый слог."
magpie,it_stress__leggere,it_stress,it,accent,0.053,paolo,choice,слог,2,1,0,"Ответ: 1. Я услышал слово ""leggere"" с ударением на первом слоге."
moss_v10,it_stress__tavolo,it_stress,it,ipa,0.611,paolo,choice,слог,1,2,0,Ответ: 2. Я услышал слово «ricotta» с ударением на второй слог.
moss_v15,it_stress__leggere_2,it_stress,it,plain,0.0,paolo,choice,слог,1,1,1,"Ответ: 1. Я услышал, что ударение падает на первый слог в слове «leggere»."
piper,it_stress__zucchero,it_stress,it,accent,0.0,paolo,choice,слог,1,1,1,"Ответ: 1. Я услышал, что в слове ударным является первый слог."
moss_v15,it_stress__desiderano,it_stress,it,plain,0.0,paolo,choice,слог,2,3,0,"Ответ: 3. Я услышал, что ударение падало на слог «де» в середине слова."
kokoro,it_stress__psicologia,it_stress,it,plain,0.0,paolo,choice,слог,4,4,1,"Ответ: 4. Я услышал, что ударным является четвёртый слог в слове «psicologia»."
piper,it_stress__capiscono,it_stress,it,accent,0.0,paolo,choice,слог,2,2,1,"Ответ: 2. Я услышал, что ударение падает на второй слог в слове «capiscono»."
moss_v10,it_stress__leggere,it_stress,it,ipa_word,0.053,paolo,choice,слог,2,3,0,"Ответ: 3. В услышанном слове ударение падает на третий слог от начала, то есть на звук «е» в середине слова."
moss_v15,it_stress__desiderano,it_stress,it,ipa_word,0.636,paolo,choice,слог,2,3,0,"Ответ: 3. Я услышал слово, в котором ударение падает на третий слог с начала."
moss_v10,it_stress__leggere_2,it_stress,it,plain,0.316,paolo,choice,слог,1,1,1,Ответ: 1. Я услышал слово «leggo» с ударением на первый слог.
piper,it_stress__brindisi,it_stress,it,ipa,0.0,paolo,choice,слог,1,1,1,Ответ: 1. В слове «Brindisi» я услышал ударение на первый слог.
moss_v15,it_stress__leggere,it_stress,it,ipa,0.526,paolo,choice,слог,2,1,0,Ответ: 1. В среднем слове я услышал ударение на первом слоге.
qwen3_voice,it_stress__brindisi,it_stress,it,accent,0.0,paolo,choice,слог,1,1,1,"Ответ: 1. На записи я услышал, что ударение в этом слове падает на первый слог."
kokoro,it_stress__leggere_2,it_stress,it,accent,0.0,paolo,choice,слог,1,1,1,"Ответ: 1. Я услышал, что ударение падает на первый слог в слове «leggere»."
moss_v10,it_stress__scrivono,it_stress,it,plain,0.2,paolo,choice,слог,1,1,1,"Ответ: 1. Я услышал, что в среднем слове ударение падает на первый слог."
kokoro,it_stress__piroscafo,it_stress,it,plain,0.0,paolo,choice,слог,2,3,0,"Ответ: 3. Я услышал, что ударение в слове падает на третий слог."
moss_v10,it_stress__brindisi,it_stress,it,ipa_word,0.45,paolo,choice,слог,1,2,0,"Ответ: 2. Я услышал, что ударение падает на второй слог в этом слове."
moss_v10,it_stress__zucchero,it_stress,it,accent,0.0,paolo,choice,слог,1,1,1,"Ответ: 1. Я услышал, что ударение падает на первый слог в слове «zucchero»."
qwen3_voice,it_stress__brindisi,it_stress,it,plain,0.0,paolo,choice,слог,1,1,1,"Ответ: 1. Я услышал ударение на первом слоге в слове ""Brindisi""."
moss_v15,it_stress__desiderano,it_stress,it,ipa,0.455,paolo,choice,слог,2,5,0,"Ответ: 5. Я услышал, что ударение падает на пятый слог в слове «desidereranno»."
moss_v10,it_stress__capiscono,it_stress,it,ipa,0.381,paolo,choice,слог,2,3,0,"Ответ: 3. Я услышал, что ударение падает на третий слог в слове."
kokoro,it_stress__zucchero,it_stress,it,accent,0.0,paolo,choice,слог,1,1,1,"Ответ: 1. Ударение падает на первый слог, как в слове ""zucchero""."
moss_v10,it_stress__leggere_2,it_stress,it,ipa,1.211,paolo,choice,слог,1,3,0,"Ответ: 3
Я услышал слово ""collegato"" с ударением на третьем слоге."
moss_v10,it_stress__farmacia,it_stress,it,accent,0.05,paolo,choice,слог,3,3,1,Ответ: 3. Слово звучит как «farmacia» с ярко выраженным ударением на третий слог.
magpie,it_stress__piroscafo,it_stress,it,accent,0.0,paolo,choice,слог,2,2,1,"Ответ: 2. Я услышал, что ударение падает на второй слог в слове «piroscafo»."
moss_v15,it_stress__tavolo,it_stress,it,ipa_word,0.278,paolo,choice,слог,1,,,[ошибка: received 1007 (invalid frame payload data) Precondition check failed.; then sent 1007 (invalid frame payload data) Precondition check failed.]
moss_v15,it_stress__scrivono,it_stress,it,ipa,0.1,paolo,choice,слог,1,1,1,Ответ: 1. В слове «scrivono» звучит отчётливое ударение на первый слог.
kokoro,it_stress__desiderano,it_stress,it,ipa,0.0,paolo,choice,слог,2,3,0,"Ответ: 3. Я услышал, что ударение в слове «desiderano» падает на третий слог."
moss_v15,it_stress__farmacia,it_stress,it,ipa,0.7,paolo,choice,слог,3,4,0,"Ответ: 4. Я услышал, что ударным является последний, четвёртый слог в слове «farmacia»."
moss_v10,it_stress__capiscono,it_stress,it,plain,0.238,paolo,choice,слог,2,3,0,"Ответ: 3. Я услышал, что ударение падает на третий слог в слове «capiscono»."
moss_v10,it_stress__desiderano,it_stress,it,ipa,1.5,paolo,choice,слог,2,3,0,"Ответ: 3. Я услышал, что ударение падает на третий слог в слове «allergia»."
moss_v15,it_stress__scrivono,it_stress,it,accent,0.2,paolo,choice,слог,1,1,1,"Ответ: 1
Я услышал, что в слове «scrivono» ударным является первый слог."
kokoro,it_stress__brindisi,it_stress,it,accent,0.0,paolo,choice,слог,1,1,1,"Ответ: 1. Я услышал, что ударение падает на первый слог в слове «Brindisi»."
qwen3_voice,it_stress__zucchero,it_stress,it,plain,0.0,paolo,choice,слог,1,1,1,"Ответ: 1. Я услышал, что в слове «zucchero» ударным является первый слог."
moss_v15,it_stress__piroscafo,it_stress,it,plain,0.0,paolo,choice,слог,2,2,1,"Ответ: 2. Я услышал, что ударение падает на второй слог."
magpie,it_stress__leggere_2,it_stress,it,plain,0.0,paolo,choice,слог,1,,,[ошибка: received 1011 (internal error) Quota exceeded for quota metric 'API requests' and limit 'Request limit per minute for a region' of service 'generativelang; then sent 1011 (internal error) Quota exceeded for quota metric 'API requests' and limit 'Request limit per minute for a region' of service 'gen]
piper,it_stress__capiscono,it_stress,it,ipa,0.143,paolo,choice,слог,2,3,0,"Ответ: 3. Я чётко услышал, что ударение в слове падает на третий слог: ка-ПИС-ко-но."
kokoro,it_stress__psicologia,it_stress,it,ipa,0.0,paolo,choice,слог,4,4,1,"Ответ: 4. Я услышал слово, где ударение падает на последний слог перед окончанием."
moss_v10,it_stress__scrivono,it_stress,it,ipa_word,0.0,paolo,choice,слог,1,3,0,"Ответ: 3. Я услышал, что ударение падает на третий слог в слове «costruiscono»."
moss_v15,it_stress__telefonano,it_stress,it,accent,0.0,paolo,choice,слог,2,2,1,Ответ: 2. Я услышал ударение на втором слоге в слове «telefonano».
piper,it_stress__desiderano,it_stress,it,accent,0.0,paolo,choice,слог,2,2,1,Ответ: 2. Во втором слоге слова «desiderano» отчетливо слышно ударение.
kokoro,it_stress__psicologia,it_stress,it,accent,0.0,paolo,choice,слог,4,0,0,"Ответ: ноль. Ударение падает на пятый слог, а не на первый, второй, третий или четвёртый."
qwen3_voice,it_stress__piroscafo,it_stress,it,plain,0.048,paolo,choice,слог,2,4,0,"Ответ: 4. Я услышал, что в слове «пираскапо» ударение падает на последний, четвёртый слог."
kokoro,it_stress__farmacia,it_stress,it,ipa,0.0,paolo,choice,слог,3,3,1,"Ответ: 3. Я услышал, что ударение падало на третий слог в слове «farmacia»."
qwen3_voice,it_stress__leggere,it_stress,it,plain,0.0,paolo,choice,слог,2,1,0,"Ответ: 1. Я услышал, что в слове ""leggere"" ударение падает на первый слог."
kokoro,it_stress__capiscono,it_stress,it,plain,0.0,paolo,choice,слог,2,2,1,"Ответ: 2. Я услышал, что ударение падает на второй слог слова."
moss_v15,it_stress__piroscafo,it_stress,it,accent,0.048,paolo,choice,слог,2,2,1,"Ответ: 2. Я услышал, что ударение падает на второй слог в слове «piroscafo»."
piper,it_stress__telefonano,it_stress,it,ipa,0.227,paolo,choice,слог,2,2,1,"Ответ: 2. Я услышал, что ударение падает на второй слог в слове, как и должно быть по правилам итальянского языка."
piper,it_stress__scrivono,it_stress,it,accent,0.25,paolo,choice,слог,1,1,1,"Ответ: 1. Я услышал, что ударение падает на первый слог в слове «scrivono»."
moss_v15,it_stress__psicologia,it_stress,it,plain,0.0,paolo,choice,слог,4,4,1,"Ответ: 4. Я услышал, что ударным является четвёртый слог, на слоге «gi»."
moss_v15,it_stress__farmacia,it_stress,it,ipa_word,0.15,paolo,choice,слог,3,4,0,"Ответ: 4. Я услышал, что ударение падает на последний, четвёртый слог слова «farmacia»."
magpie,it_stress__capiscono,it_stress,it,accent,0.0,paolo,choice,слог,2,2,1,"Ответ: 2. В слове отчетливо слышно ударение на втором слоге ""pi""."
qwen3_voice,it_stress__telefonano,it_stress,it,plain,0.0,paolo,choice,слог,2,2,1,"Ответ: 2. Я услышал, что ударение падает на второй слог в слове «telefono»."
kokoro,it_stress__desiderano,it_stress,it,accent,0.0,paolo,choice,слог,2,3,0,"Ответ: 3. В услышанном слове ударение падает на третий слог от начала, то есть на звук «е» в слове «desiderano»."
magpie,it_stress__tavolo,it_stress,it,accent,0.0,paolo,choice,слог,1,1,1,"Ответ: 1. Я услышал, что ударение падает на первый слог в слове «tavolo»."
moss_v10,it_stress__telefonano,it_stress,it,accent,0.0,paolo,choice,слог,2,2,1,"Ответ: 2. Я услышал, что ударение падает на второй слог в слове ""telefonano""."
piper,it_stress__zucchero,it_stress,it,plain,0.0,paolo,choice,слог,1,1,1,"Ответ: 1
Я услышал, что ударение падает на самый первый слог слова «zucchero»."
magpie,it_stress__leggere,it_stress,it,plain,0.0,paolo,choice,слог,2,1,0,"Ответ: 1. Я услышал, что в среднем слове ударение падает на самый первый слог."
moss_v15,it_stress__telefonano,it_stress,it,ipa_word,0.727,paolo,choice,слог,2,3,0,"Ответ: 3. Я услышал, что ударение падает на третий слог в слове, которое звучит как ""телбиферонано""."
kokoro,it_stress__desiderano,it_stress,it,plain,0.0,paolo,choice,слог,2,2,1,"Ответ: 2. Я услышал, что в слове ""desiderano"" ударение падает на второй слог."
kokoro,it_stress__telefonano,it_stress,it,accent,0.0,paolo,choice,слог,2,2,1,"Ответ: 2. Я услышал, что ударение падает на второй слог слова в прослушанной фразе."
moss_v15,it_stress__desiderano,it_stress,it,accent,0.227,paolo,choice,слог,2,3,0,"Ответ: 3. Я услышал, что в слове «desiderano» ударение падает на третий слог от начала."
moss_v10,it_stress__farmacia,it_stress,it,plain,0.25,paolo,choice,слог,3,,,[ошибка: received 1007 (invalid frame payload data) Precondition check failed.; then sent 1007 (invalid frame payload data) Precondition check failed.]
piper,it_stress__tavolo,it_stress,it,ipa,0.111,paolo,choice,слог,1,1,1,"Ответ: 1. Я услышал, что ударение падает на первый слог в слове «tavolo»."
magpie,it_stress__zucchero,it_stress,it,accent,0.0,paolo,choice,слог,1,1,1,"Ответ: 1
Я услышал, что ударение падает на самый первый слог слова «zucchero»."
moss_v15,it_stress__farmacia,it_stress,it,accent,0.0,paolo,choice,слог,3,,,[ошибка: received 1011 (internal error) Quota exceeded for quota metric 'API requests' and limit 'Request limit per minute for a region' of service 'generativelang; then sent 1011 (internal error) Quota exceeded for quota metric 'API requests' and limit 'Request limit per minute for a region' of service 'gen]
qwen3_voice,it_stress__leggere_2,it_stress,it,plain,0.0,paolo,choice,слог,1,1,1,"Ответ: 1. Я услышал, что ударение падает на самый первый слог в слове «leggere»."
moss_v10,it_stress__psicologia,it_stress,it,ipa_word,0.182,paolo,choice,слог,4,0,0,"Ответ: ноль. Я услышал слово, где ударный слог — пятый, а не первый, второй, третий или четвёртый."
magpie,it_stress__telefonano,it_stress,it,accent,0.0,paolo,choice,слог,2,3,0,"Ответ: 3. В слове ""telefonano"" чётко слышно ударение на третьем слоге."
magpie,it_stress__desiderano,it_stress,it,accent,0.0,paolo,choice,слог,2,3,0,"Ответ: 3. Я услышал, что ударение в слове падает на третий слог с начала."
moss_v10,it_stress__telefonano,it_stress,it,ipa_word,0.227,paolo,choice,слог,2,4,0,Ответ: 4. Я услышал слово «telefonino» с ударением на предпоследнем слоге.
moss_v15,it_stress__capiscono,it_stress,it,ipa_word,0.238,paolo,choice,слог,2,1,0,Ответ: 1. Я услышал слово «copro» с ударением на первом слоге «co».
moss_v15,it_stress__capiscono,it_stress,it,plain,0.238,paolo,choice,слог,2,3,0,Ответ: 3. Ударение падает на третий слог в слове «capiscono».
magpie,it_stress__desiderano,it_stress,it,plain,0.0,paolo,choice,слог,2,3,0,"Ответ: 3. Я услышал, что в слове «desiderano» ударение падает на третий слог, как в классическом итальянском произношении."
moss_v15,it_stress__leggere,it_stress,it,accent,0.842,paolo,choice,слог,2,2,1,Ответ: 2. В этом слове я отчётливо слышу ударение на втором слоге.
qwen3_voice,it_stress__psicologia,it_stress,it,accent,0.0,paolo,choice,слог,4,4,1,"Ответ: 4. Я услышал, что ударение падает на четвёртый слог в слове «psicologia»."
moss_v15,it_stress__capiscono,it_stress,it,ipa,0.19,paolo,choice,слог,2,4,0,"Ответ: 4. Я услышал, что ударение падает на четвёртый слог произнесённого слова."
piper,it_stress__piroscafo,it_stress,it,ipa,0.0,paolo,choice,слог,2,2,1,Ответ: 2. Я услышал отчетливое ударение на второй слог в слове «piroscafo».
kokoro,it_stress__zucchero,it_stress,it,plain,0.0,paolo,choice,слог,1,1,1,"Ответ: 1. Я услышал, что ударение падает на первый слог в слове ""zucchero""."
piper,it_stress__psicologia,it_stress,it,accent,0.0,paolo,choice,слог,4,4,1,"Ответ: 4. Я услышал, что ударение в слове «psicologia» падает на четвёртый слог."
moss_v15,it_stress__leggere_2,it_stress,it,ipa,0.842,paolo,choice,слог,1,0,0,"Ответ: ноль. Я не расслышал слово, там только монотонный звук."
piper,it_stress__zucchero,it_stress,it,ipa,0.0,paolo,choice,слог,1,2,0,"Ответ: 2. Я услышал, что ударение падает на второй слог слова."
kokoro,it_stress__farmacia,it_stress,it,plain,0.0,paolo,choice,слог,3,3,1,"Ответ: 3. Я услышал, что ударение падает на третий слог в слове «farmacia»."
piper,it_stress__tavolo,it_stress,it,accent,0.0,paolo,choice,слог,1,1,1,"Ответ: 1. Я услышал, что ударение падает на самый первый слог слова."
moss_v10,it_stress__farmacia,it_stress,it,ipa,1.5,paolo,choice,слог,3,4,0,"Ответ: 4. Я услышал, что ударным является последний, четвёртый слог в этом вымышленном слове."
moss_v10,it_stress__telefonano,it_stress,it,plain,0.0,paolo,choice,слог,2,2,1,"Ответ: 2. Я услышал, что основное ударение в слове ""telefono"" падает на второй слог."
kokoro,it_stress__scrivono,it_stress,it,accent,0.0,paolo,choice,слог,1,1,1,Ответ: 1. Я услышал ударение на первом слоге в слове «scrivono».
piper,it_stress__leggere,it_stress,it,ipa,0.0,paolo,choice,слог,2,1,0,"Ответ: 1. Я услышал, что ударение в слове «leggere» падает на первый слог."
kokoro,it_stress__zucchero,it_stress,it,ipa,0.0,paolo,choice,слог,1,1,1,Ответ: 1. Ударение падает на самый первый слог слова «zucchero».
magpie,it_stress__leggere_2,it_stress,it,accent,0.0,paolo,choice,слог,1,1,1,"Ответ: 1. Я услышал, что в слове «leggere» ударение падает на первый слог."
moss_v10,it_stress__leggere_2,it_stress,it,accent,0.0,paolo,choice,слог,1,1,1,"Ответ: 1. Я услышал, что в слове ""leggere"" ударение падает на первый слог."
moss_v10,it_stress__leggere,it_stress,it,plain,0.684,paolo,choice,слог,2,1,0,"Ответ: 1. Я услышал, что ударение падало на первый слог в слове «togliere»."
moss_v15,it_stress__telefonano,it_stress,it,ipa,0.227,paolo,choice,слог,2,2,1,Ответ: 2. Я услышал слово «telefonano» с ударением на второй слог.
kokoro,it_stress__capiscono,it_stress,it,accent,0.0,paolo,choice,слог,2,3,0,"Ответ: 3. В слове «capiscono» я чётко слышу ударение на третий слог, как и должно звучать в итальянской речи."
piper,it_stress__telefonano,it_stress,it,accent,0.227,paolo,choice,слог,2,3,0,"Ответ: 3. Я услышал, что ударение в слове «telefonano» падает на третий слог: «te-le-FO-na-no»."
moss_v10,it_stress__piroscafo,it_stress,it,ipa_word,0.095,paolo,choice,слог,2,2,1,"Ответ: 2. Я услышал, что в слове «Pirroskafo» ударение падает на второй слог «rros»."
moss_v10,it_stress__desiderano,it_stress,it,accent,0.136,paolo,choice,слог,2,2,1,Ответ: 2. В слове «desiderano» я чётко слышу ударение на втором слоге.
piper,it_stress__telefonano,it_stress,it,plain,0.0,paolo,choice,слог,2,3,0,"Ответ: 3. Я услышал, что в слове «telefonano» ударным является третий слог от начала."
magpie,it_stress__capiscono,it_stress,it,plain,0.0,paolo,choice,слог,2,,,[ошибка: received 1011 (internal error) Quota exceeded for quota metric 'API requests' and limit 'Request limit per minute for a region' of service 'generativelang; then sent 1011 (internal error) Quota exceeded for quota metric 'API requests' and limit 'Request limit per minute for a region' of service 'gen]
kokoro,it_stress__telefonano,it_stress,it,ipa,0.0,paolo,choice,слог,2,3,0,"Ответ: 3. Я услышал, что ударение в слове «telefonano» падает на третий слог от начала."
kokoro,it_stress__scrivono,it_stress,it,plain,0.0,paolo,choice,слог,1,1,1,Ответ: 1. В слове «scrivono» ударение падает на первый слог.
moss_v10,it_stress__piroscafo,it_stress,it,accent,0.238,paolo,choice,слог,2,2,1,"Ответ: 2. Я услышал, что ударение падает на второй слог."
piper,it_stress__capiscono,it_stress,it,plain,0.0,paolo,choice,слог,2,2,1,"Ответ: 2. Я услышал, что ударение в слове на втором слоге."
kokoro,it_stress__tavolo,it_stress,it,plain,0.0,paolo,choice,слог,1,1,1,Ответ: 1. В этом слове я чётко слышу ударение на первом слоге.
moss_v10,it_stress__brindisi,it_stress,it,plain,0.0,paolo,choice,слог,1,1,1,"Ответ: 1. Я услышал, что ударение падает на самый первый слог слова «Brindisi»."
piper,it_stress__leggere,it_stress,it,accent,0.0,paolo,choice,слог,2,,,[ошибка: received 1007 (invalid frame payload data) Precondition check failed.; then sent 1007 (invalid frame payload data) Precondition check failed.]
piper,it_stress__leggere,it_stress,it,plain,0.0,paolo,choice,слог,2,3,0,"Ответ: 3
Я услышал, что в слове «leggerò» ударение падает на третий слог."
magpie,it_stress__piroscafo,it_stress,it,plain,0.0,paolo,choice,слог,2,2,1,"Ответ: 2. В слове ""piroscafo"" ударение падает на второй слог, как это отчетливо слышно в записи."
qwen3_voice,it_stress__capiscono,it_stress,it,accent,0.238,paolo,choice,слог,2,2,1,"Ответ: 2. Я услышал, что ударение падает на второй слог в слове «capiscono»."
moss_v10,it_stress__tavolo,it_stress,it,plain,0.0,paolo,choice,слог,1,1,1,"Ответ: 1
Я услышал, что в слове «таволо» ударение падает на первый слог."
piper,it_stress__desiderano,it_stress,it,plain,0.0,paolo,choice,слог,2,2,1,"Ответ: 2. Я услышал, что в слове «desiderano» ударение падает на второй слог."
moss_v15,it_stress__brindisi,it_stress,it,plain,0.05,paolo,choice,слог,1,1,1,"Ответ: 1. Я услышал, что ударение падает на первый слог."
magpie,it_stress__brindisi,it_stress,it,plain,0.0,paolo,choice,слог,1,1,1,"Ответ: 1. Во фразе я услышал слово ""brindisi"", где ударение падает на первый слог."
moss_v15,it_stress__brindisi,it_stress,it,ipa_word,0.25,paolo,choice,слог,1,1,1,"Ответ: 1. Я услышал слово, похожее на ""brandied"", с ударением на первый слог."
piper,it_stress__brindisi,it_stress,it,accent,0.05,paolo,choice,слог,1,,,[ошибка: received 1007 (invalid frame payload data) Precondition check failed.; then sent 1007 (invalid frame payload data) Precondition check failed.]
moss_v10,it_stress__scrivono,it_stress,it,ipa,0.3,paolo,choice,слог,1,3,0,"Ответ: 3 Я услышал слово с ударением на третий слог, хотя оно прозвучало не совсем обычно для итальянского языка."
moss_v15,it_stress__scrivono,it_stress,it,plain,0.0,paolo,choice,слог,1,1,1,"Ответ: 1. Я услышал, что в слове «scrivono» ударение падает на самый первый слог."
magpie,it_stress__farmacia,it_stress,it,accent,0.0,paolo,choice,слог,3,4,0,"Ответ: 4. Я услышал, что ударение в слове «farmacia» падает на последний, четвёртый слог."
piper,it_stress__farmacia,it_stress,it,accent,0.0,paolo,choice,слог,3,3,1,"Ответ: 3. Я услышал, что ударение падает на третий слог в слове «farmacia»."
moss_v15,it_stress__zucchero,it_stress,it,ipa,0.3,paolo,choice,слог,1,1,1,"Ответ: 1. Я услышал слово, где ударным является первый слог, звучащий как «du»."
magpie,it_stress__brindisi,it_stress,it,accent,0.0,paolo,choice,слог,1,1,1,"Ответ: 1. Я услышал, что ударение падает на первый слог в слове «brindisi»."
moss_v10,it_stress__psicologia,it_stress,it,accent,0.045,paolo,choice,слог,4,4,1,"Ответ: 4. Я услышал, что в слове «psicologia» ударным является четвёртый слог."
piper,it_stress__leggere_2,it_stress,it,accent,0.105,paolo,choice,слог,1,2,0,"Ответ: 2. Я услышал итальянское слово ""leggera"" с ударением на втором слоге."
magpie,it_stress__psicologia,it_stress,it,plain,0.0,paolo,choice,слог,4,4,1,"Ответ: 4. Я услышал, что сильное ударение падает на четвёртый слог в слове «psicologia»."
moss_v10,it_stress__leggere_2,it_stress,it,ipa_word,0.158,paolo,choice,слог,1,2,0,Ответ: 2. Синтезатор поставил ударение на второй слог в слове «correte».
moss_v10,it_stress__piroscafo,it_stress,it,ipa,0.762,paolo,choice,слог,2,2,1,"Ответ: 2. Я услышал, что ударение в этом слове падает на второй слог."
kokoro,it_stress__capiscono,it_stress,it,ipa,0.0,paolo,choice,слог,2,1,0,"Ответ: 1. Я услышал, что в слове «capiscono» ударение падает на первый слог."
magpie,it_stress__zucchero,it_stress,it,plain,0.0,paolo,choice,слог,1,1,1,Ответ: 1. В слове отчетливо слышно ударение на первом слоге.
kokoro,it_stress__leggere,it_stress,it,ipa,0.0,paolo,choice,слог,2,1,0,"Ответ: 1. Я услышал, что в среднем слове ударным является первый слог."
qwen3_voice,it_stress__scrivono,it_stress,it,accent,0.0,paolo,choice,слог,1,1,1,Ответ: 1. Я услышал ударение на первом слоге в слове «scrivono».
kokoro,it_stress__leggere_2,it_stress,it,ipa,0.0,paolo,choice,слог,1,1,1,"Ответ: 1. В слове ""leggere"" я отчётливо слышу ударение на первом слоге."
moss_v15,it_stress__zucchero,it_stress,it,plain,0.0,paolo,choice,слог,1,1,1,"Ответ: 1. Я услышал, что в слове ударение падает на первый слог."
qwen3_voice,it_stress__telefonano,it_stress,it,accent,0.0,paolo,choice,слог,2,1,0,"Ответ: 1. Я услышал, что ударение падает на первый слог слова telefonano."
moss_v15,it_stress__scrivono,it_stress,it,ipa_word,0.0,paolo,choice,слог,1,1,1,"Ответ: 1. Я услышал, что в среднем слове ударение падает на первый слог."
kokoro,it_stress__brindisi,it_stress,it,plain,0.0,paolo,choice,слог,1,1,1,"Ответ: 1. В слове, которое произнес синтезатор, ударение падает на первый слог."
piper,it_stress__scrivono,it_stress,it,plain,0.1,paolo,choice,слог,1,1,1,"Ответ: 1. В среднем слове ""scrivono"" я отчётливо слышу ударение на первом слоге."
qwen3_voice,it_stress__desiderano,it_stress,it,accent,0.0,paolo,choice,слог,2,2,1,"Ответ: 2. Я услышал, что ударение падает на второй слог в слове «desiderano»."
qwen3_voice,it_stress__psicologia,it_stress,it,plain,0.0,paolo,choice,слог,4,4,1,"Ответ: 4. Я услышал, что ударение падает на гласный звук ""и"" в четвёртом слоге слова ""psicologia""."
qwen3_voice,it_stress__capiscono,it_stress,it,plain,0.0,paolo,choice,слог,2,2,1,"Ответ: 2. Я услышал, что в слове ""capiscono"" ударным является второй слог."
moss_v10,it_stress__zucchero,it_stress,it,plain,0.0,paolo,choice,слог,1,1,1,"Ответ: 1. Я услышал, что ударение в слове «zucchero» падает на самый первый слог."
magpie,it_stress__telefonano,it_stress,it,plain,0.0,paolo,choice,слог,2,2,1,"Ответ: 2. Я услышал, что ударение падает на второй слог."
moss_v10,it_stress__brindisi,it_stress,it,accent,0.0,paolo,choice,слог,1,1,1,"Ответ: 1. Я услышал, что ударение падает на самый первый слог в слове «Brindisi»."
moss_v15,it_stress__tavolo,it_stress,it,accent,0.0,paolo,choice,слог,1,1,1,Ответ: 1. Ударение в слове «tavolo» падает на первый слог.
moss_v15,it_stress__leggere_2,it_stress,it,accent,0.0,paolo,choice,слог,1,1,1,"Ответ: 1. Я услышал, что ударение падает на самый первый слог в слове «leggere»."
piper,it_stress__farmacia,it_stress,it,plain,0.0,paolo,choice,слог,3,3,1,"Ответ: 3. Я услышал, что в слове ударение падает на третий слог."
moss_v10,it_stress__piroscafo,it_stress,it,plain,0.095,paolo,choice,слог,2,,,[ошибка: received 1011 (internal error) Quota exceeded for quota metric 'API requests' and limit 'Request limit per minute for a region' of service 'generativelang; then sent 1011 (internal error) Quota exceeded for quota metric 'API requests' and limit 'Request limit per minute for a region' of service 'gen]
moss_v10,it_stress__farmacia,it_stress,it,ipa_word,0.1,paolo,choice,слог,3,3,1,"Ответ: 3. Я услышал, что ударение в слове «farmacia» падает на третий слог."
kokoro,it_stress__piroscafo,it_stress,it,ipa,0.0,paolo,choice,слог,2,2,1,"Ответ: 2. Я услышал, что ударным является второй слог в слове «piroscafo»."
moss_v15,it_stress__tavolo,it_stress,it,ipa,0.444,paolo,choice,слог,1,1,1,"Ответ: 1. Я услышал, что в слове ""quello"" ударение падает на первый слог."
moss_v15,it_stress__farmacia,it_stress,it,plain,0.0,paolo,choice,слог,3,1,0,"Ответ: 1. Я услышал, что ударение падает на первый слог в слове «farmaci»."
moss_v15,it_stress__telefonano,it_stress,it,plain,0.0,paolo,choice,слог,2,3,0,Ответ: 3. В услышанном слове «telefonano» ударение падает на третий слог.
kokoro,it_stress__leggere,it_stress,it,accent,0.0,paolo,choice,слог,2,1,0,"Ответ: 1. Я услышал, что в слове «leggere» ударение падает на первый слог."
magpie,it_stress__scrivono,it_stress,it,plain,0.0,paolo,choice,слог,1,1,1,"Ответ: 1. Я услышал, что ударение падает на самый первый слог в слове «scrivono»."
kokoro,it_stress__scrivono,it_stress,it,ipa,0.0,paolo,choice,слог,1,1,1,Ответ: 1. В слове «scrivono» ударным является первый слог.
piper,it_stress__farmacia,it_stress,it,ipa,0.0,paolo,choice,слог,3,3,1,"Ответ: 3. Я услышал, что в слове «farmacia» ударным является третий слог."
piper,it_stress__brindisi,it_stress,it,plain,0.05,paolo,choice,слог,1,1,1,"Ответ: 1. Я услышал, что ударение в слове «Bindi» падает на первый слог."
qwen3_voice,it_stress__farmacia,it_stress,it,accent,0.0,paolo,choice,слог,3,3,1,"Ответ: 3. Я услышал, что ударение падает на третий слог в слове «farmacia»."
moss_v15,it_stress__brindisi,it_stress,it,ipa,0.45,paolo,choice,слог,1,1,1,Ответ: 1. Я услышал слово «Brindisi» с ударением на первый слог.
magpie,it_stress__tavolo,it_stress,it,plain,0.0,paolo,choice,слог,1,1,1,"Ответ: 1. Я услышал, что в слове, которое стоит посередине, ударение падает на первый слог."
moss_v15,it_stress__psicologia,it_stress,it,ipa,0.409,paolo,choice,слог,4,2,0,"Ответ: 2. В слове ""psicologo"" ударным является второй слог ""co""."
piper,it_stress__leggere_2,it_stress,it,ipa,0.0,paolo,choice,слог,1,1,1,"Ответ: 1. Я услышал, что ударение в слове ""leggere"" падает на первый слог."
moss_v10,it_stress__capiscono,it_stress,it,ipa_word,0.286,paolo,choice,слог,2,2,1,"Ответ: 2. Я услышал, что ударение в этом слове падает на второй слог."
moss_v10,it_stress__desiderano,it_stress,it,plain,0.0,paolo,choice,слог,2,2,1,"Ответ: 2. Я услышал, что в среднем слове ударным является второй слог."
moss_v15,it_stress__leggere_2,it_stress,it,ipa_word,0.0,paolo,choice,слог,1,1,1,"Ответ: 1. Я услышал, что в слове «leggere» ударение падает на первый слог."
moss_v10,it_stress__leggere,it_stress,it,accent,0.053,paolo,choice,слог,2,2,1,"Ответ: 2. Я услышал, что ударение в слове падает на второй слог."
moss_v10,it_stress__capiscono,it_stress,it,accent,0.238,paolo,choice,слог,2,2,1,Ответ: 2. В слове «capiscono» чётко слышно ударение на втором слоге.
piper,it_stress__psicologia,it_stress,it,ipa,0.0,paolo,choice,слог,4,4,1,Ответ: 4. Я услышал слово «psicologia» с ударением на четвёртый слог.
moss_v10,it_stress__telefonano,it_stress,it,ipa,0.545,paolo,choice,слог,2,4,0,"Ответ: 4. Я услышал, что ударение падает на четвёртый слог в слове «telefonando»."
piper,it_stress__piroscafo,it_stress,it,plain,0.238,paolo,choice,слог,2,1,0,"Ответ: 1. Я услышал, как ударение падает на первый слог среднего слова."
kokoro,it_stress__tavolo,it_stress,it,ipa,0.0,paolo,choice,слог,1,1,1,"Ответ: 1. Я услышал, что ударение падает на первый слог в слове «tavolo»."
moss_v10,it_stress__scrivono,it_stress,it,accent,0.0,paolo,choice,слог,1,1,1,"Ответ: 1. В слове ""scrivono"" ударение падает на первый слог."
piper,it_stress__psicologia,it_stress,it,plain,0.0,paolo,choice,слог,4,4,1,"Ответ: 4. В слове чётко слышно, что ударение падает на четвёртый слог."
qwen3_voice,it_stress__scrivono,it_stress,it,plain,0.0,paolo,choice,слог,1,1,1,"Ответ: 1. Я услышал, что ударение в слове ""scrivono"" падает на первый слог."
moss_v10,it_stress__psicologia,it_stress,it,ipa,0.5,paolo,choice,слог,4,2,0,Ответ: 2. Я услышал слово «psicologo» с ударением на второй слог.
moss_v10,it_stress__leggere,it_stress,it,ipa,0.842,paolo,choice,слог,2,0,0,"Ответ: ноль. Я услышал нечто невнятное, что не позволяет точно определить слог ударения."
kokoro,it_stress__brindisi,it_stress,it,ipa,0.0,paolo,choice,слог,1,1,1,"Ответ: 1. Я услышал, что ударение падает на первый слог в слове «brindisi»."
qwen3_voice,it_stress__zucchero,it_stress,it,accent,0.0,paolo,choice,слог,1,1,1,"Ответ: 1. Я услышал, что ударным был первый слог в среднем слове, «zucchero»."
moss_v10,it_stress__zucchero,it_stress,it,ipa,0.7,paolo,choice,слог,1,1,1,"Ответ: 1. Я услышал, что ударение в слове «zucchero» падает на первый слог."
kokoro,it_stress__telefonano,it_stress,it,plain,0.0,paolo,choice,слог,2,1,0,"Ответ: 1. Я услышал, что ударение в слове «телефоano» падает на первый слог с начала."
qwen3_voice,it_stress__leggere,it_stress,it,accent,0.158,paolo,choice,слог,2,3,0,"Ответ: 3. Я услышал, что в среднем слове «verità» ударение падает на третий слог."
moss_v15,it_stress__piroscafo,it_stress,it,ipa,0.524,paolo,choice,слог,2,1,0,"Ответ: 1. Я услышал, что ударение падает на первый слог в слове «pura»."
moss_v10,it_stress__tavolo,it_stress,it,accent,0.0,paolo,choice,слог,1,1,1,"Ответ: 1. Я четко услышал слово ""tavolo"", где ударение падает на первый слог."
kokoro,it_stress__tavolo,it_stress,it,accent,0.0,paolo,choice,слог,1,1,1,"Ответ: 1. Я услышал, что ударным является первый слог в слове ""tavolo""."
kokoro,it_stress__farmacia,it_stress,it,accent,0.0,paolo,choice,слог,3,3,1,"Ответ: 3. Я услышал, что ударение падает на третий слог в слове «farmacia»."
moss_v10,it_stress__brindisi,it_stress,it,ipa,1.05,paolo,choice,слог,1,3,0,"Ответ: 3. Я услышал слово, в котором ударение падает на последний, третий слог."
moss_v10,it_stress__zucchero,it_stress,it,ipa_word,2.3,paolo,choice,слог,1,1,1,"Ответ: 1. Я услышал, что ударение падает на первый слог в слове «zero»."
moss_v10,it_stress__psicologia,it_stress,it,plain,0.0,paolo,choice,слог,4,4,1,"Ответ: 4. Я услышал, что ударение падает на четвёртый слог в слове «psicologia»."
piper,it_stress__leggere_2,it_stress,it,plain,0.0,paolo,choice,слог,1,1,1,"Ответ: 1. Я услышал, что ударение падает на первый слог."
moss_v15,it_stress__psicologia,it_stress,it,ipa_word,0.136,paolo,choice,слог,4,3,0,"Ответ: 3. Я услышал, что ударение падает на третий слог в слове «psicoigi»."
qwen3_voice,it_stress__tavolo,it_stress,it,plain,0.0,paolo,choice,слог,1,1,1,"Ответ: 1. Я услышал, что ударным является первый слог в слове."
moss_v15,it_stress__leggere,it_stress,it,ipa_word,0.263,paolo,choice,слог,2,,,[ошибка: received 1011 (internal error) Quota exceeded for quota metric 'API requests' and limit 'Request limit per minute for a region' of service 'generativelang; then sent 1011 (internal error) Quota exceeded for quota metric 'API requests' and limit 'Request limit per minute for a region' of service 'gen]
qwen3_voice,it_stress__desiderano,it_stress,it,plain,0.0,paolo,choice,слог,2,2,1,"Ответ: 2. Я услышал, что ударение падает на второй слог в слове «desiderano»."
qwen3_voice,it_stress__tavolo,it_stress,it,accent,0.0,paolo,choice,слог,1,1,1,"Ответ: 1. Я услышал, что в слове «tavolo» ударение падает на первый слог."
moss_v15,it_stress__zucchero,it_stress,it,accent,0.4,paolo,choice,слог,1,1,1,"Ответ: 1. Я услышал, что ударение в среднем слове падает на первый слог."
qwen3_voice,it_stress__farmacia,it_stress,it,plain,0.0,paolo,choice,слог,3,3,1,"Ответ: 3. Я услышал, что в слове farmacia ударным является третий слог."
moss_v10,it_stress__tavolo,it_stress,it,ipa_word,0.167,paolo,choice,слог,1,3,0,"Ответ: 3. Я услышал, что в этом слове ударение падает на третий слог."
moss_v15,it_stress__leggere,it_stress,it,plain,0.0,paolo,choice,слог,2,1,0,Ответ: 1. Я услышал слово leggere с ударением на первом слоге.
qwen3_voice,it_stress__piroscafo,it_stress,it,accent,0.0,paolo,choice,слог,2,2,1,"Ответ: 2. Я услышал, что ударение в слове «piroscafo» падает на второй слог."
piper,it_stress__piroscafo,it_stress,it,accent,0.19,paolo,choice,слог,2,1,0,"Ответ: 1. Я услышал, что ударение падает на первый слог в слове «pirla»."
moss_v15,it_stress__psicologia,it_stress,it,accent,0.0,paolo,choice,слог,4,4,1,"Ответ: 4. Я услышал, что ударным является четвёртый слог в слове «psicologia»."
piper,it_stress__scrivono,it_stress,it,ipa,0.1,paolo,choice,слог,1,1,1,"Ответ: 1. Я услышал, что ударение падает на первый слог слова «scrivono»."
moss_v15,it_stress__capiscono,it_stress,it,accent,0.0,paolo,choice,слог,2,2,1,Ответ: 2. В слове «capiscono» отчетливо слышно ударение на втором слоге.
kokoro,it_stress__piroscafo,it_stress,it,accent,0.0,paolo,choice,слог,2,3,0,Ответ: 3. Я услышал слово «piroscafo» с ударением на третий слог.
qwen3_clone,it_context__capitano_captain,it_context,it,plain,0.0,paolo,choice,"слог, слово 2",3,3,1,"Ответ: 3. Я услышал, что ударение падает на третий слог в слове."
kokoro,it_context__capitano_happen,it_context,it,ipa,0.0,paolo,choice,"слог, слово 3",1,1,1,"Ответ: 1. Я услышал, что в слове «capitano» ударение падает на первый слог."
moss_v10,it_context__subito_suffered,it_context,it,accent,0.0,paolo,choice,"слог, слово 2",2,,,[ошибка: received 1007 (invalid frame payload data) Precondition check failed.; then sent 1007 (invalid frame payload data) Precondition check failed.]
moss_v10,it_context__ancora_ancora,it_context,it,plain,0.0,paolo,choice,"слог, слово 2",2,2,1,"Ответ: 2. Я услышал, что во втором слове ударение падает на второй слог."
piper,it_context__principi_princes,it_context,it,plain,0.0,paolo,choice,"слог, слово 10",1,2,0,"Ответ: 2. В услышанном слове ударение падает на второй слог, то есть на «ci»."
piper,it_context__capitano_happen,it_context,it,accent,0.0,paolo,choice,"слог, слово 3",1,1,1,"Ответ: 1. Я услышал, что ударение в слове «capitano» падает на самый первый слог."
magpie,it_context__ancora_ancora2,it_context,it,accent,0.0,paolo,choice,"слог, слово 4",1,2,0,"Ответ: 2. В слове ""l'ancora"" ударение падает на второй слог, как и должно быть в итальянском языке."
qwen3_clone,it_context__ancora_ancora,it_context,it,accent,0.0,paolo,choice,"слог, слово 2",2,2,1,"Ответ: 2. Я услышал, что во втором слове фразы ударение падает на второй слог."
piper,it_context__capitano_captain,it_context,it,ipa,0.0,paolo,choice,"слог, слово 2",3,3,1,"Ответ: 3. Я услышал, что в слове «capitano» ударение падает на третий слог."
magpie,it_context__ancora_ancora,it_context,it,plain,0.0,paolo,choice,"слог, слово 2",2,2,1,"Ответ: 2
Во втором слове «ancora» отчетливо слышно ударение на втором слоге."
kokoro,it_context__principi_principles,it_context,it,plain,0.054,paolo,choice,"слог, слово 2",2,2,1,"Ответ: 2. Во втором слове я услышал, что ударение в слове «principi» падает на второй слог."
moss_v10,it_context__ancora_ancora2,it_context,it,plain,0.129,paolo,choice,"слог, слово 4",1,1,1,"Ответ: 1. Я услышал, что в слове ""ancora"" ударение падает на первый слог."
moss_v15,it_context__capitano_captain,it_context,it,ipa,0.097,paolo,choice,"слог, слово 2",3,3,1,Ответ: 3. В услышанном слове ударение падает на третий слог.
moss_v15,it_context__capitano_captain,it_context,it,ipa_word,0.0,paolo,choice,"слог, слово 2",3,3,1,"Ответ: 3. Я услышал, что в слове «capitano» ударение падает на третий слог."
piper,it_context__subito_suffered,it_context,it,plain,0.036,paolo,choice,"слог, слово 2",2,1,0,"Ответ: 1. Я услышал, что ударение в слове «subito» падает на первый слог."
moss_v10,it_context__ancora_ancora2,it_context,it,accent,0.29,paolo,choice,"слог, слово 4",1,1,1,"Ответ: 1. Я услышал, что в слове номер четыре, «è», ударение падает на единственный слог."
moss_v15,it_context__subito_soon,it_context,it,ipa,0.875,paolo,choice,"слог, слово 2",1,2,0,Ответ: 2. В слове «finito» ударение падает на второй слог.
qwen3_voice,it_context__ancora_ancora2,it_context,it,plain,1.387,paolo,choice,"слог, слово 4",1,2,0,"Ответ: 2. Я услышал, что в слове «ancora» ударение падает на второй слог."
moss_v15,it_context__ancora_ancora2,it_context,it,ipa,0.226,paolo,choice,"слог, слово 4",1,1,1,Ответ: 1. В слове «ancora» я отчётливо услышал ударение на первом слоге с начала слова.
moss_v10,it_context__capitano_happen,it_context,it,accent,0.0,paolo,choice,"слог, слово 3",1,1,1,Ответ: 1. Ударение падает на первый слог в слове «capitano».
piper,it_context__principi_princes,it_context,it,accent,0.0,paolo,choice,"слог, слово 10",1,1,1,"Ответ: 1. Я услышал, что в десятом слове ударным является первый слог."
qwen3_clone,it_context__subito_soon,it_context,it,accent,0.0,paolo,choice,"слог, слово 2",1,1,1,"Ответ: 1. Мне слышно, что в слове «subito» ударение падает на первый слог."
qwen3_clone,it_context__ancora_ancora,it_context,it,plain,0.0,paolo,choice,"слог, слово 2",2,2,1,"Ответ: 2. Я услышал, что в слове ""ancora"" ударение падает на второй слог."
magpie,it_context__ancora_ancora,it_context,it,accent,0.0,paolo,choice,"слог, слово 2",2,2,1,"Ответ: 2. Я услышал, что во втором слове фразы ударение падает на второй слог."
moss_v10,it_context__principi_principles,it_context,it,ipa_word,0.27,paolo,choice,"слог, слово 2",2,2,1,"Ответ: 2. Я услышал, что во втором слове ударение падает на второй слог."
moss_v10,it_context__subito_soon,it_context,it,plain,0.25,paolo,choice,"слог, слово 2",1,1,1,"Ответ: 1. Я услышал, что в слове ""subito"" ударный первый слог."
kokoro,it_context__capitano_happen,it_context,it,accent,0.0,paolo,choice,"слог, слово 3",1,2,0,Ответ: 2. В третьем слове фразы я отчётливо слышу ударение на втором слоге.
moss_v15,it_context__principi_princes,it_context,it,ipa,0.362,paolo,choice,"слог, слово 10",1,1,1,"Ответ: 1. Я услышал короткое слово «ser», состоящее из одного слога, на который и падает ударение."
moss_v15,it_context__capitano_happen,it_context,it,ipa,0.148,paolo,choice,"слог, слово 3",1,2,0,"Ответ: 2. Я услышал, что в слове «capitano» ударение падает на второй слог."
qwen3_voice,it_context__capitano_happen,it_context,it,plain,0.0,paolo,choice,"слог, слово 3",1,1,1,"Ответ: 1. Я услышал, что в слове ""capitano"" ударение падает на первый слог."
magpie,it_context__subito_soon,it_context,it,plain,0.0,paolo,choice,"слог, слово 2",1,1,1,"Ответ: 1. Я услышал, что ударение падает на самый первый слог в этом слове."
moss_v15,it_context__capitano_captain,it_context,it,plain,0.0,paolo,choice,"слог, слово 2",3,3,1,Ответ: 3. В слове «capitano» ударение падает на третий слог.
magpie,it_stress__psicologia,it_stress,it,accent,0.091,paolo,choice,слог,4,,,[ошибка: received 1011 (internal error) Quota exceeded for quota metric 'API requests' and limit 'Request limit per minute for a region' of service 'generativelang; then sent 1011 (internal error) Quota exceeded for quota metric 'API requests' and limit 'Request limit per minute for a region' of service 'gen]
magpie,it_context__principi_principles,it_context,it,plain,0.0,paolo,choice,"слог, слово 2",2,1,0,"Ответ: 1. Я услышал, что в слове ""della"" ударение падает на первый слог."
qwen3_voice,it_context__capitano_happen,it_context,it,accent,0.0,paolo,choice,"слог, слово 3",1,2,0,Ответ: 2. Я услышал ударение на втором слоге в слове «capitano».
qwen3_voice,it_context__subito_soon,it_context,it,plain,0.0,paolo,choice,"слог, слово 2",1,1,1,"Ответ: 1. Я услышал, что ударение падает на первый слог в слове ""subito""."
moss_v10,it_context__principi_principles,it_context,it,plain,0.0,paolo,choice,"слог, слово 2",2,1,0,"Ответ: 1. Я услышал, что ударение в слове «principi» падает на первый слог как «prin»."
qwen3_clone,it_context__principi_princes,it_context,it,accent,0.0,paolo,choice,"слог, слово 10",1,1,1,"Ответ: 1. Я услышал троекратное ""prin"", где ударение падает на первый слог в слове ""principi""."
moss_v15,it_context__capitano_happen,it_context,it,accent,0.0,paolo,choice,"слог, слово 3",1,3,0,Ответ: 3. В услышанном слове «capitano» ударение падает на третий слог от начала.
magpie,it_context__ancora_ancora2,it_context,it,plain,0.032,paolo,choice,"слог, слово 4",1,1,1,"Ответ: 1. Я услышал, что в слове «l'ancora» ударение падает на первый слог."
moss_v15,it_context__principi_principles,it_context,it,ipa_word,0.0,paolo,choice,"слог, слово 2",2,2,1,"Ответ: 2. В слове ""principi"" ударение падает на второй слог."
moss_v15,it_context__principi_princes,it_context,it,plain,0.0,paolo,choice,"слог, слово 10",1,1,1,Ответ: 1. В десятом слове «principi» ударным является первый слог.
kokoro,it_context__subito_suffered,it_context,it,plain,0.0,paolo,choice,"слог, слово 2",2,2,1,"Ответ: 2. Я услышал, что ударение в слове ""subito"" падает на второй слог."
kokoro,it_context__ancora_ancora2,it_context,it,ipa,0.0,paolo,choice,"слог, слово 4",1,1,1,"Ответ: 1. Я услышал, что в слове «ancora» ударение падает на первый слог."
piper,it_context__capitano_happen,it_context,it,plain,0.0,paolo,choice,"слог, слово 3",1,3,0,"Ответ: 3. Я услышал, что в слове, звучащем третьим, ударение падает на третий слог."
magpie,it_context__capitano_captain,it_context,it,plain,0.0,paolo,choice,"слог, слово 2",3,3,1,"Ответ: 3. В услышанном слове ""capitano"" ударение падает на третий слог, то есть на звук ""а""."
kokoro,it_context__capitano_captain,it_context,it,accent,0.0,paolo,choice,"слог, слово 2",3,3,1,"Ответ: 3. Я чётко услышал ударение на третьем слоге в слове ""capitano""."
qwen3_clone,it_context__principi_principles,it_context,it,accent,0.0,paolo,choice,"слог, слово 2",2,1,0,Ответ: 1. Я услышал неестественное ударение на первом слоге в слове «principi».
moss_v10,it_context__ancora_ancora2,it_context,it,ipa,1.161,paolo,choice,"слог, слово 4",1,3,0,"Ответ: 3. Я услышал, что ударение в слове падает на третий слог."
piper,it_context__ancora_ancora,it_context,it,accent,0.0,paolo,choice,"слог, слово 2",2,2,1,Ответ: 2. Во втором слове «ancora» чётко слышно ударение на букву «о».
qwen3_clone,it_context__capitano_happen,it_context,it,accent,0.0,paolo,choice,"слог, слово 3",1,1,1,Ответ: 1. В слове «capitano» я услышал ударение на первый слог.
moss_v15,it_context__ancora_ancora,it_context,it,plain,0.0,paolo,choice,"слог, слово 2",2,2,1,"Ответ: 2. Я услышал, что во втором слове фразы ударение падает на второй слог."
piper,it_context__subito_soon,it_context,it,accent,0.0,paolo,choice,"слог, слово 2",1,1,1,"Ответ: 1. В слове ""subito"" я чётко слышу ударение на первом слоге, то есть на звуке ""u""."
qwen3_voice,it_context__principi_principles,it_context,it,accent,0.0,paolo,choice,"слог, слово 2",2,1,0,"Ответ: 1. Услышал, что ударение падает на самый первый слог слова ""principi""."
kokoro,it_context__subito_soon,it_context,it,plain,0.0,paolo,choice,"слог, слово 2",1,1,1,"Ответ: 1. Я услышал, что ударение в слове «subito» падает на первый слог."
moss_v10,it_context__capitano_happen,it_context,it,plain,0.0,paolo,choice,"слог, слово 3",1,3,0,"Ответ: 3. В слове ""capitano"" я отчётливо услышал ударение на третий слог от начала слова."
kokoro,it_context__principi_princes,it_context,it,ipa,0.0,paolo,choice,"слог, слово 10",1,1,1,"Ответ: 1. Воспроизведенный синтезатором звук отчетливо выделяет первый слог слова ""principi""."
moss_v10,it_context__subito_soon,it_context,it,ipa_word,0.688,paolo,choice,"слог, слово 2",1,,,[ошибка: received 1007 (invalid frame payload data) Precondition check failed.; then sent 1007 (invalid frame payload data) Precondition check failed.]
qwen3_voice,it_context__ancora_ancora,it_context,it,accent,0.0,paolo,choice,"слог, слово 2",2,2,1,"Ответ: 2. Я услышал, что ударение в слове «ancora» падает на второй слог."
moss_v15,it_context__ancora_ancora,it_context,it,ipa,0.182,paolo,choice,"слог, слово 2",2,2,1,Ответ: 2. Во второй части слова «ancora» ударение падает на слог «co».
moss_v15,it_context__principi_princes,it_context,it,accent,0.0,paolo,choice,"слог, слово 10",1,,,[ошибка: received 1007 (invalid frame payload data) Precondition check failed.; then sent 1007 (invalid frame payload data) Precondition check failed.]
moss_v15,it_context__subito_soon,it_context,it,accent,0.0,paolo,choice,"слог, слово 2",1,1,1,Ответ: 1. В слове «subito» ударение падает на первый слог.
qwen3_clone,it_context__subito_suffered,it_context,it,accent,0.0,paolo,choice,"слог, слово 2",2,1,0,"Ответ: 1. Я услышал, что в слове ""subito"" ударным является первый слог."
piper,it_context__subito_soon,it_context,it,ipa,0.0,paolo,choice,"слог, слово 2",1,1,1,"Ответ: 1. Я услышал, что ударение падает на первый слог в слове «subito»."
qwen3_voice,it_context__subito_soon,it_context,it,accent,0.0,paolo,choice,"слог, слово 2",1,1,1,"Ответ: 1. Я услышал, что ударение падает на первый слог в слове «subito»."
kokoro,it_context__ancora_ancora2,it_context,it,accent,0.0,paolo,choice,"слог, слово 4",1,1,1,Ответ: 1. В слове «l'ancora» ударение падает на первый слог.
magpie,it_context__principi_principles,it_context,it,accent,0.0,paolo,choice,"слог, слово 2",2,2,1,Ответ: 2. В слове «principi» ударение отчетливо слышно на втором слоге.
magpie,it_context__subito_soon,it_context,it,accent,0.0,paolo,choice,"слог, слово 2",1,1,1,"Ответ: 1. Я услышал, что ударение в слове падает на первый слог."
moss_v10,it_context__capitano_captain,it_context,it,ipa,0.323,paolo,choice,"слог, слово 2",3,0,0,Ответ: ноль. Из-за синтеза речи я не могу точно определить границы слов и ударение во втором слове.
piper,it_context__subito_suffered,it_context,it,accent,0.036,paolo,choice,"слог, слово 2",2,1,0,"Ответ: 1. Я услышал, что ударение в слове ""subito"" падает на первый слог."
magpie,it_context__subito_suffered,it_context,it,plain,0.0,paolo,choice,"слог, слово 2",2,1,0,"Ответ: 1. Во втором слове фразы ""subito"" ударным является первый слог."
kokoro,it_context__subito_suffered,it_context,it,ipa,0.0,paolo,choice,"слог, слово 2",2,2,1,"Ответ: 2. Я услышал, что во втором слове ударным является второй слог: су-бИ-то."
moss_v15,it_context__ancora_ancora2,it_context,it,plain,0.097,paolo,choice,"слог, слово 4",1,1,1,"Ответ: 1. Я услышал, что в четвёртом слове фразы ударным является первый слог."
moss_v10,it_context__principi_princes,it_context,it,accent,0.0,paolo,choice,"слог, слово 10",1,1,1,"Ответ: 1. Я услышал, что ударение в слове ""principi"" падает на первый слог."
moss_v10,it_context__subito_suffered,it_context,it,ipa,0.321,paolo,choice,"слог, слово 2",2,,,[ошибка: received 1011 (internal error) Quota exceeded for quota metric 'API requests' and limit 'Request limit per minute for a region' of service 'generativelang; then sent 1011 (internal error) Quota exceeded for quota metric 'API requests' and limit 'Request limit per minute for a region' of service 'gen]
magpie,it_context__capitano_captain,it_context,it,accent,0.0,paolo,choice,"слог, слово 2",3,3,1,Ответ: 3. В услышанном мною слове ударрение падает на третий слог.
moss_v15,it_context__subito_suffered,it_context,it,ipa_word,0.0,paolo,choice,"слог, слово 2",2,1,0,"Ответ: 1. Во втором слове ""subito"" ударение падает на первый слог."
piper,it_context__ancora_ancora,it_context,it,plain,0.0,paolo,choice,"слог, слово 2",2,2,1,"Ответ: 2. В слове ""ancora"" ударение падает на второй слог."
kokoro,it_context__principi_princes,it_context,it,accent,0.0,paolo,choice,"слог, слово 10",1,1,1,"Ответ: 1. Я услышал слово ""principi"", где ударение падает на первый слог."
piper,it_context__capitano_captain,it_context,it,accent,0.0,paolo,choice,"слог, слово 2",3,3,1,"Ответ: 3. Я услышал, что в слове ""capitano"" сильнее всего выделяется третий слог — ""ta""."
moss_v15,it_context__subito_suffered,it_context,it,ipa,0.357,paolo,choice,"слог, слово 2",2,1,0,"Ответ: 1. Я услышал, что в слове «subito» ударный слог первый."
moss_v10,it_context__subito_suffered,it_context,it,plain,0.0,paolo,choice,"слог, слово 2",2,1,0,"Ответ: 1. Я услышал, что ударение в слове «subito» падает на первый слог."
qwen3_clone,it_context__principi_principles,it_context,it,plain,0.0,paolo,choice,"слог, слово 2",2,2,1,"Ответ: 2. Я услышал, что во втором слове фразы ударение падает на второй слог."
piper,it_context__ancora_ancora,it_context,it,ipa,0.0,paolo,choice,"слог, слово 2",2,2,1,"Ответ: 2. Я услышал, что во втором слове «ancora» ударным является второй слог."
moss_v10,it_context__capitano_captain,it_context,it,ipa_word,0.097,paolo,choice,"слог, слово 2",3,3,1,"Ответ: 3. Я услышал, что в слове ""capitano"" ударение падает на третий слог."
qwen3_clone,it_context__capitano_happen,it_context,it,plain,0.0,paolo,choice,"слог, слово 3",1,,,[ошибка: received 1007 (invalid frame payload data) Precondition check failed.; then sent 1007 (invalid frame payload data) Precondition check failed.]
moss_v15,it_context__principi_principles,it_context,it,plain,0.0,paolo,choice,"слог, слово 2",2,2,1,Ответ: 2. В слове «principi» ударение падает на второй слог.
qwen3_clone,it_context__ancora_ancora2,it_context,it,accent,0.0,paolo,choice,"слог, слово 4",1,1,1,"Ответ: 1. В слове «l'ancora» ударение падает на первый слог, как и должно быть в итальянском языке."
piper,it_context__capitano_happen,it_context,it,ipa,0.0,paolo,choice,"слог, слово 3",1,2,0,"Ответ: 2. Я услышал, что в слове номер три ударение падает на второй слог."
moss_v10,it_context__subito_soon,it_context,it,ipa,1.125,paolo,choice,"слог, слово 2",1,2,0,"Ответ: 2. В этой речи слово «а» выделено ударением, причём на единственный, первый слог."
moss_v10,it_context__principi_principles,it_context,it,accent,0.0,paolo,choice,"слог, слово 2",2,2,1,"Ответ: 2. В слове ""principi"" ударение падает на второй слог."
moss_v15,it_context__subito_suffered,it_context,it,accent,0.0,paolo,choice,"слог, слово 2",2,1,0,"Ответ: 1. Я услышал, что ударение в слове «subito» падает на первый слог."
kokoro,it_context__subito_soon,it_context,it,ipa,0.0,paolo,choice,"слог, слово 2",1,1,1,"Ответ: 1. Я услышал, что ударение в слове «subito» падает на первый слог."
qwen3_voice,it_context__subito_suffered,it_context,it,plain,0.0,paolo,choice,"слог, слово 2",2,1,0,Ответ: 1. В слове «subito» я чётко слышу ударение на первый слог.
piper,it_context__subito_suffered,it_context,it,ipa,0.0,paolo,choice,"слог, слово 2",2,1,0,"Ответ: 1. Я услышал, что ударение падает на первый слог второго слова."
qwen3_voice,it_context__principi_principles,it_context,it,plain,0.0,paolo,choice,"слог, слово 2",2,2,1,Ответ: 2. Во втором слове 'principi' я четко услышал ударение на второй слог.
moss_v10,it_context__capitano_happen,it_context,it,ipa_word,0.259,paolo,choice,"слог, слово 3",1,3,0,"Ответ: 3. Я услышал, что в слове ""capitano"" ударение падает на третий слог."
moss_v10,it_context__capitano_captain,it_context,it,accent,0.0,paolo,choice,"слог, слово 2",3,3,1,"Ответ: 3. Я услышал, что в слове «capitano» ударение падает на третий слог."
piper,it_context__principi_principles,it_context,it,ipa,0.0,paolo,choice,"слог, слово 2",2,2,1,"Ответ: 2. Я услышал, что в слове ""principi"" ударение падает на второй слог."
qwen3_voice,it_context__subito_suffered,it_context,it,accent,0.0,paolo,choice,"слог, слово 2",2,1,0,"Ответ: 1. Я услышал, что в слове ""subito"" ударение падает на самый первый слог."
qwen3_clone,it_context__capitano_captain,it_context,it,accent,0.0,paolo,choice,"слог, слово 2",3,3,1,Ответ: 3. В услышанном слове ударным является третий слог.
qwen3_voice,it_context__ancora_ancora2,it_context,it,accent,0.0,paolo,choice,"слог, слово 4",1,1,1,"Ответ: 1. Я услышал, что в слове ""l'ancora"" ударным является первый слог."
piper,it_context__principi_principles,it_context,it,plain,0.0,paolo,choice,"слог, слово 2",2,2,1,"Ответ: 2. В слове «principi» ударение падает на второй слог, как это и произнесено на записи."
moss_v15,it_context__ancora_ancora2,it_context,it,accent,0.0,paolo,choice,"слог, слово 4",1,1,1,"Ответ: 1. В слове ""l'ancora"" ударение падает на первый слог."
moss_v15,it_context__principi_princes,it_context,it,ipa_word,0.0,paolo,choice,"слог, слово 10",1,1,1,"Ответ: 1. Я услышал, что ударение падает на первый слог в слове «principi»."
kokoro,it_context__principi_principles,it_context,it,ipa,0.0,paolo,choice,"слог, слово 2",2,1,0,"Ответ: 1. В слове ""principi"" ударение падает на первый слог."
piper,it_context__principi_princes,it_context,it,ipa,0.043,paolo,choice,"слог, слово 10",1,1,1,Ответ: 1. В десятом слове «sono» я услышал ударение на первом слоге.
moss_v15,it_context__subito_soon,it_context,it,plain,0.0,paolo,choice,"слог, слово 2",1,1,1,"Ответ: 1. Во втором слове фразы ударрение падает на первый слог, как и должно быть в слове «subito»."
qwen3_voice,it_context__capitano_captain,it_context,it,accent,0.0,paolo,choice,"слог, слово 2",3,3,1,"Ответ: 3.
Ударение падает на третий слог в слове «capitano», то есть на «ta»."
piper,it_context__ancora_ancora2,it_context,it,plain,0.032,paolo,choice,"слог, слово 4",1,1,1,Ответ: 1. В прозвучавшем слове ударение падает на первый слог.
qwen3_voice,it_context__capitano_captain,it_context,it,plain,44.903,paolo,choice,"слог, слово 2",3,3,1,Ответ: 3. В услышанном слове «capitano» ударение падает на третий слог от начала.
moss_v10,it_context__subito_suffered,it_context,it,ipa_word,0.036,paolo,choice,"слог, слово 2",2,1,0,"Ответ: 1. Я услышал, что ударение в слове падает на первый слог."
moss_v10,it_context__principi_princes,it_context,it,plain,0.0,paolo,choice,"слог, слово 10",1,1,1,"Ответ: 1
Во фразе я услышал, что в слове ""principi"" ударение падает на самый первый слог."
kokoro,it_context__principi_princes,it_context,it,plain,0.0,paolo,choice,"слог, слово 10",1,1,1,"Ответ: 1. Я услышал, что ударение в слове ""principi"" падает на первый слог."
moss_v10,it_context__principi_princes,it_context,it,ipa,0.745,paolo,choice,"слог, слово 10",1,3,0,Ответ: три. Я услышал слово с ударением на предпоследнем слоге в слове «persone».
magpie,it_context__principi_princes,it_context,it,plain,0.0,paolo,choice,"слог, слово 10",1,2,0,"Ответ: 2. В десятом слове ""principi"" сгенерированный голос делает ударение на второй слог."
qwen3_clone,it_context__ancora_ancora2,it_context,it,plain,0.0,paolo,choice,"слог, слово 4",1,1,1,"Ответ: 1. Я услышал, что ударным является первый слог в слове «l'ancora»."
moss_v15,it_context__capitano_captain,it_context,it,accent,0.0,paolo,choice,"слог, слово 2",3,3,1,"Ответ: 3. Я услышал, что в слове «capitano» ударение падает на третий слог, то есть на гласную «а» в слоге «та»."
kokoro,it_context__principi_principles,it_context,it,accent,0.0,paolo,choice,"слог, слово 2",2,,,[ошибка: received 1011 (internal error) Quota exceeded for quota metric 'API requests' and limit 'Request limit per minute for a region' of service 'generativelang; then sent 1011 (internal error) Quota exceeded for quota metric 'API requests' and limit 'Request limit per minute for a region' of service 'gen]
piper,it_context__capitano_captain,it_context,it,plain,0.0,paolo,choice,"слог, слово 2",3,3,1,Ответ: 3. В услышанном слове «capitano» ударение падает на третий слог.
kokoro,it_context__subito_soon,it_context,it,accent,0.0,paolo,choice,"слог, слово 2",1,1,1,"Ответ: 1. Я услышал, что ударение в слове «subito» падает на первый слог."
moss_v10,it_context__subito_soon,it_context,it,accent,0.0,paolo,choice,"слог, слово 2",1,1,1,"Ответ: 1. Я услышал, что в слове ""subito"" ударение падает на первый слог."
kokoro,it_context__capitano_captain,it_context,it,ipa,0.0,paolo,choice,"слог, слово 2",3,3,1,"Ответ: 3. Я услышал, что ударение в слове падает на третий слог."
kokoro,it_context__ancora_ancora2,it_context,it,plain,0.0,paolo,choice,"слог, слово 4",1,1,1,Ответ: 1. В четвёртом слове фразы ударным является первый слог.
kokoro,it_context__capitano_happen,it_context,it,plain,0.0,paolo,choice,"слог, слово 3",1,1,1,"Ответ: 1. Я услышал, что в слове, которое идет третьим, ударение падает на самый первый слог."
moss_v15,it_context__ancora_ancora2,it_context,it,ipa_word,0.161,paolo,choice,"слог, слово 4",1,1,1,Ответ: 1. В четвёртом слове ударение падает на первый слог.
piper,it_context__principi_principles,it_context,it,accent,0.0,paolo,choice,"слог, слово 2",2,2,1,Ответ: 2. Во втором слове фразы ударным является второй слог: слог «ци».
piper,it_context__subito_soon,it_context,it,plain,0.0,paolo,choice,"слог, слово 2",1,1,1,"Ответ: 1. Я услышал, что в слове номер два ударение падает на первый слог."
piper,it_context__ancora_ancora2,it_context,it,accent,0.258,paolo,choice,"слог, слово 4",1,2,0,Ответ: 2. В слове l'ancora ударение падает на второй слог.
qwen3_clone,it_context__principi_princes,it_context,it,plain,0.0,paolo,choice,"слог, слово 10",1,1,1,Ответ: 1. В десятом слове «principi» ударение падает на первый слог.
kokoro,it_context__ancora_ancora,it_context,it,plain,0.0,paolo,choice,"слог, слово 2",2,2,1,"Ответ: 2. Я услышал, что в слове номер два ударным является второй слог."
moss_v15,it_context__subito_soon,it_context,it,ipa_word,0.0,paolo,choice,"слог, слово 2",1,1,1,"Ответ: 1. Я услышал, что ударение в слове падает на самый первый слог."
kokoro,it_context__ancora_ancora,it_context,it,accent,0.0,paolo,choice,"слог, слово 2",2,2,1,"Ответ: 2. Я услышал, что во втором слове ударение падает на второй слог."
moss_v10,it_context__principi_principles,it_context,it,ipa,1.0,paolo,choice,"слог, слово 2",2,3,0,"Ответ: 3. В услышанном слове ударение падает на второй слог, на гласную ""и"" в середине слова."
moss_v10,it_context__ancora_ancora,it_context,it,ipa_word,0.227,paolo,choice,"слог, слово 2",2,2,1,"Ответ: 2. Я услышал, что ударение падает на второй слог в слове «ancora»."
kokoro,it_context__capitano_captain,it_context,it,plain,0.0,paolo,choice,"слог, слово 2",3,3,1,Ответ: 3. В услышанном слове «capitano» ударение падает на третий слог от начала.
moss_v15,it_context__capitano_happen,it_context,it,plain,0.0,paolo,choice,"слог, слово 3",1,2,0,"Ответ: 2. В слове ""capitano"" я отчётливо слышу, что ударение падает на второй слог."
moss_v15,it_context__subito_suffered,it_context,it,plain,0.0,paolo,choice,"слог, слово 2",2,1,0,"Ответ: 1. Я услышал, что в слове ""subito"" ударным является первый слог."
qwen3_voice,it_context__principi_princes,it_context,it,accent,0.021,paolo,choice,"слог, слово 10",1,1,1,"Ответ: 1. В слове «principi» ударение падает на первый слог, как это слышно в аудиозаписи."
qwen3_clone,it_context__subito_soon,it_context,it,plain,0.0,paolo,choice,"слог, слово 2",1,1,1,"Ответ: 1. Я услышал, что ударение в слове падает на самый первый слог."
moss_v10,it_context__principi_princes,it_context,it,ipa_word,0.255,paolo,choice,"слог, слово 10",1,3,0,"Ответ: 3. Я услышал слово, в котором ударение падает на третий слог с начала, хотя само слово по-итальянски звучит очень странно."
moss_v15,it_context__ancora_ancora,it_context,it,ipa_word,0.0,paolo,choice,"слог, слово 2",2,2,1,Ответ: 2. В слове 'ancora' я четко слышу ударение на второй слог.
moss_v15,it_context__principi_principles,it_context,it,accent,0.0,paolo,choice,"слог, слово 2",2,1,0,"Ответ: 1. Я услышал, что ударение падает на первый слог слова «principi»."
qwen3_voice,it_context__ancora_ancora,it_context,it,plain,0.0,paolo,choice,"слог, слово 2",2,2,1,Ответ: 2. В слове «ancora» я отчетливо слышу ударение на втором слоге.
moss_v15,it_context__principi_principles,it_context,it,ipa,0.243,paolo,choice,"слог, слово 2",2,2,1,"Ответ: 2. Я услышал, что в слове «principi» ударение падает на второй слог."
qwen3_voice,it_context__principi_princes,it_context,it,plain,0.0,paolo,choice,"слог, слово 10",1,1,1,"Ответ: 1. Я услышал, что в слове «principi» ударение падает на первый слог."
moss_v10,it_context__capitano_happen,it_context,it,ipa,0.63,paolo,choice,"слог, слово 3",1,1,1,Ответ: 1. Я услышал произношение слова «ticket» с ударением на первый слог.
magpie,it_context__principi_princes,it_context,it,accent,0.0,paolo,choice,"слог, слово 10",1,1,1,"Ответ: 1. Я услышал, что ударение в десятом слове падает на первый слог."
magpie,it_context__capitano_happen,it_context,it,accent,0.0,paolo,choice,"слог, слово 3",1,1,1,Ответ: 1. Ударение падает на первый слог в слове «capitano».
kokoro,it_context__subito_suffered,it_context,it,accent,0.0,paolo,choice,"слог, слово 2",2,,,[ошибка: received 1011 (internal error) Quota exceeded for quota metric 'API requests' and limit 'Request limit per minute for a region' of service 'generativelang; then sent 1011 (internal error) Quota exceeded for quota metric 'API requests' and limit 'Request limit per minute for a region' of service 'gen]
moss_v15,it_context__ancora_ancora,it_context,it,accent,0.0,paolo,choice,"слог, слово 2",2,2,1,"Ответ: 2. В слове ""ancora"" ударение падает на второй слог, и это чётко слышно в записи."
magpie,it_context__capitano_happen,it_context,it,plain,0.0,paolo,choice,"слог, слово 3",1,1,1,Ответ: 1. В слове «capitano» я чётко услышал ударение на первом слоге.
kokoro,it_context__ancora_ancora,it_context,it,ipa,0.0,paolo,choice,"слог, слово 2",2,2,1,"Ответ: 2. Я услышал, что во втором слове «ancora» ударным является второй слог."
magpie,it_context__subito_suffered,it_context,it,accent,0.0,paolo,choice,"слог, слово 2",2,2,1,Ответ: 2. В слове «subito» ударение падает на второй слог.
moss_v10,it_context__capitano_captain,it_context,it,plain,0.0,paolo,choice,"слог, слово 2",3,3,1,"Ответ: 3. Я услышал, что в слове ""capitano"" ударным является третий слог."
moss_v10,it_context__ancora_ancora,it_context,it,ipa,1.545,paolo,choice,"слог, слово 2",2,0,0,Ответ: ноль. Из-за сильного искажения и повторов в начале фразы я не могу четко определить второе слово и ударный слог в нём.
moss_v15,it_context__capitano_happen,it_context,it,ipa_word,0.0,paolo,choice,"слог, слово 3",1,1,1,Ответ: 1. Встремленном синтезе я отчетливо услышал ударение на первом слоге.
moss_v10,it_context__ancora_ancora,it_context,it,accent,0.0,paolo,choice,"слог, слово 2",2,2,1,"Ответ: 2. Во втором слове ""ancora"" четко слышно ударение на втором слоге."
qwen3_clone,it_context__subito_suffered,it_context,it,plain,0.0,paolo,choice,"слог, слово 2",2,1,0,"Ответ: 1. Я услышал, что ударение в слове «subito» падает на первый слог."
piper,it_context__ancora_ancora2,it_context,it,ipa,0.0,paolo,choice,"слог, слово 4",1,1,1,"Ответ: 1. Я услышал, что ударрение падает на первый слог слова «l'ancora»."
moss_v15,it_gem__nono_nonno__nonno,it_gem,it,accent,0.647,paolo,choice,1 одинарная | 2 двойная,2,2,1,"Ответ: 2. В слове ""nonno"" отчетливо слышится долгая, удвоенная согласная ""n""."
moss_v15,it_gem__caro_carro__carro,it_gem,it,ipa_len,2.294,paolo,choice,1 одинарная | 2 двойная,2,1,0,Ответ: 1. Я услышал серию повторяющихся коротких согласных звуков.
magpie,it_gem__pala_palla__palla,it_gem,it,accent,0.0,paolo,choice,1 одинарная | 2 двойная,2,2,1,Ответ: 2. Я услышал отчетливое удлинение согласного звука «л» в слове «palla».
moss_v10,it_gem__fato_fatto__fato,it_gem,it,accent,0.125,paolo,choice,1 одинарная | 2 двойная,1,2,0,Ответ: 2. Я услышал отчетливую двойную согласную в среднем слове.
magpie,it_gem__papa_pappa__papa,it_gem,it,accent,0.0,paolo,choice,1 одинарная | 2 двойная,1,1,1,"Ответ: 1. Я услышал, что в слове «papà» согласные звуки произносятся как короткие, без удвоения."
moss_v10,it_gem__fato_fatto__fatto,it_gem,it,ipa_len,0.647,paolo,choice,1 одинарная | 2 двойная,2,2,1,"Ответ: 2. Я услышал, что в среднем слове согласная 'т' произнесена как долгая, удвоенная."
piper,it_gem__pala_palla__pala,it_gem,it,ipa,0.062,paolo,choice,1 одинарная | 2 двойная,1,2,0,"Ответ: 2. В среднем слове отчетливо слышна долгая удвоенная согласная ""л""."
piper,it_gem__sete_sette__sette,it_gem,it,accent,0.0,paolo,choice,1 одинарная | 2 двойная,2,2,1,"Ответ: 2. Я услышал отчетливое удлинение согласного звука 'т' в слове ""sette""."
piper,it_gem__papa_pappa__papa,it_gem,it,accent,0.0,paolo,choice,1 одинарная | 2 двойная,1,1,1,"Ответ: 1. Я услышал, что в слове «papà» нет удвоенных согласных, все звуки произнесены кратко."
qwen3_voice,it_gem__capello_cappello__cappello,it_gem,it,accent,0.0,paolo,choice,1 одинарная | 2 двойная,2,2,1,Ответ: 2. Я услышал отчетливое удвоение согласного звука «п» в среднем слове.
moss_v15,it_gem__papa_pappa__papa,it_gem,it,ipa_len,0.688,paolo,choice,1 одинарная | 2 двойная,1,2,0,Ответ: 2. Я услышал отчетливую удвоенную согласную в середине фразы.
piper,it_gem__fato_fatto__fatto,it_gem,it,ipa_len,0.176,paolo,choice,1 одинарная | 2 двойная,2,2,1,Ответ: 2. Я услышал слово «fatto» с четким удвоением согласной «тт».
moss_v10,it_gem__caro_carro__carro,it_gem,it,plain,0.176,paolo,choice,1 одинарная | 2 двойная,2,1,0,Ответ: 1. Я услышал слово с короткими согласными.
piper,it_gem__pala_palla__pala,it_gem,it,ipa_len,0.0,paolo,choice,1 одинарная | 2 двойная,1,2,0,Ответ: 2. Я услышал четкое удвоение согласного звука в среднем слове «balla».
moss_v10,it_gem__sete_sette__sette,it_gem,it,ipa_len_word,0.176,paolo,choice,1 одинарная | 2 двойная,2,2,1,"Ответ: 2. В среднем слове отчетливо слышна долгая согласная ""ц"" (двойная z)."
moss_v15,it_gem__nono_nonno__nonno,it_gem,it,ipa,0.118,paolo,choice,1 одинарная | 2 двойная,2,2,1,Ответ: 2. В среднем слове я четко слышу долгую удвоенную согласную «н».
moss_v15,it_gem__fato_fatto__fatto,it_gem,it,plain,0.0,paolo,choice,1 одинарная | 2 двойная,2,2,1,"Ответ: 2. В слове «fatto» отчетливо слышится долгий, удвоенный согласный звук «т»."
kokoro,it_gem__fato_fatto__fato,it_gem,it,plain,0.062,paolo,choice,1 одинарная | 2 двойная,1,2,0,"Ответ: 2. В среднем слове я отчетливо услышал долгую, удвоенную согласную."
moss_v15,it_gem__caro_carro__caro,it_gem,it,plain,0.188,paolo,choice,1 одинарная | 2 двойная,1,1,1,"Ответ: 1. В среднем слове «caro» все согласные звучат коротко, удвоения нет."
kokoro,it_gem__capello_cappello__cappello,it_gem,it,ipa,0.0,paolo,choice,1 одинарная | 2 двойная,2,2,1,Ответ: 2. Я услышал отчетливую долгую согласную в этом слове.
kokoro,it_gem__sete_sette__sete,it_gem,it,ipa,0.0,paolo,choice,1 одинарная | 2 двойная,1,2,0,Ответ: 2. Я услышал отчетливое удвоение согласного звука «т» в слове «sette».
moss_v10,it_gem__capello_cappello__capello,it_gem,it,ipa,0.263,paolo,choice,1 одинарная | 2 двойная,1,2,0,Ответ: 2. В среднем слове отчетливо слышна долгая согласная «п».
moss_v15,it_gem__pala_palla__pala,it_gem,it,ipa_word,0.0,paolo,choice,1 одинарная | 2 двойная,1,,,[ошибка: received 1007 (invalid frame payload data) Precondition check failed.; then sent 1007 (invalid frame payload data) Precondition check failed.]
kokoro,it_gem__capello_cappello__cappello,it_gem,it,accent,0.0,paolo,choice,1 одинарная | 2 двойная,2,2,1,Ответ: 2. Я услышал отчетливую двойную согласную в слове «cappello».
kokoro,it_gem__caro_carro__caro,it_gem,it,accent,0.0,paolo,choice,1 одинарная | 2 двойная,1,1,1,Ответ: 1. Во втором слове я отчетливо слышу короткий одиночный согласный «р».
moss_v15,it_gem__caro_carro__carro,it_gem,it,plain,0.0,paolo,choice,1 одинарная | 2 двойная,2,2,1,"Ответ: 2. Я услышал отчетливую долгую согласную в слове ""carro""."
moss_v15,it_gem__papa_pappa__papa,it_gem,it,ipa,0.625,paolo,choice,1 одинарная | 2 двойная,1,2,0,Ответ: 2. Я услышал отчетливое удвоение согласного звука в слове «Peppa».
moss_v15,it_gem__sete_sette__sete,it_gem,it,accent,0.25,paolo,choice,1 одинарная | 2 двойная,1,2,0,Ответ: 2. Я услышал отчетливую долгую согласную в слове «sette».
moss_v10,it_gem__papa_pappa__pappa,it_gem,it,plain,0.0,paolo,choice,1 одинарная | 2 двойная,2,1,0,"Ответ: 1. Я услышал слово с короткими согласными, как в слове «papa»."
magpie,it_gem__papa_pappa__pappa,it_gem,it,accent,0.0,paolo,choice,1 одинарная | 2 двойная,2,1,0,Ответ: 1. В среднем слове все согласныезвучат коротко.
kokoro,it_gem__caro_carro__carro,it_gem,it,ipa,0.059,paolo,choice,1 одинарная | 2 двойная,2,1,0,Ответ: 1. В среднем слове все согласные звучат коротко.
piper,it_gem__nono_nonno__nono,it_gem,it,plain,0.062,paolo,choice,1 одинарная | 2 двойная,1,1,1,"Ответ: 1. Я услышал слово «non», в котором все согласные звучат кратко."
moss_v15,it_gem__sete_sette__sete,it_gem,it,plain,0.312,paolo,choice,1 одинарная | 2 двойная,1,2,0,Ответ: 2. В среднем слове отчётливо слышится удвоенный согласный звук.
kokoro,it_gem__nono_nonno__nono,it_gem,it,accent,0.0,paolo,choice,1 одинарная | 2 двойная,1,2,0,Ответ: 2. Я услышал слово с отчетливым удвоенным согласным звуком «н».
qwen3_voice,it_gem__sete_sette__sette,it_gem,it,accent,0.294,paolo,choice,1 одинарная | 2 двойная,2,2,1,Ответ: 2. Я услышал отчетливое удлинение согласного звука 'т' в слове 'sette'.
magpie,it_gem__sete_sette__sette,it_gem,it,plain,0.294,paolo,choice,1 одинарная | 2 двойная,2,2,1,Ответ: 2. В слове «sette» я четко услышал долгий согласный звук [t:].
moss_v10,it_gem__papa_pappa__pappa,it_gem,it,ipa,0.647,paolo,choice,1 одинарная | 2 двойная,2,1,0,"Ответ: 1. Я услышал, что в среднем слове все согласные звучат коротко, без долготы."
moss_v10,it_gem__pala_palla__palla,it_gem,it,plain,0.0,paolo,choice,1 одинарная | 2 двойная,2,2,1,Ответ: 2. Слышно четкое удвоенное «лл» в слове «palla».
moss_v10,it_context__ancora_ancora2,it_context,it,ipa_word,0.097,paolo,choice,"слог, слово 4",1,,,[ошибка: received 1011 (internal error) Quota exceeded for quota metric 'API requests' and limit 'Request limit per minute for a region' of service 'generativelang; then sent 1011 (internal error) Quota exceeded for quota metric 'API requests' and limit 'Request limit per minute for a region' of service 'gen]
moss_v10,it_gem__pala_palla__palla,it_gem,it,ipa_word,0.353,paolo,choice,1 одинарная | 2 двойная,2,2,1,"Ответ: 2. В слове ""falla"" четко слышна долгая двойная согласная ""l""."
moss_v15,it_gem__sete_sette__sette,it_gem,it,ipa_len_word,0.588,paolo,choice,1 одинарная | 2 двойная,2,2,1,Ответ: 2. Я отчётливо услышал долгий согласный звук в середине слова.
moss_v15,it_gem__sete_sette__sete,it_gem,it,ipa_word,0.0,paolo,choice,1 одинарная | 2 двойная,1,1,1,"Ответ: 1. Я услышал, что в слове «sete» все согласные короткие, без удвоения."
kokoro,it_gem__pala_palla__pala,it_gem,it,plain,0.0,paolo,choice,1 одинарная | 2 двойная,1,1,1,"Ответ: 1. Я услышал слово «pala», где все согласные произносятся как одиночные, без удвоения."
piper,it_gem__fato_fatto__fato,it_gem,it,accent,0.062,paolo,choice,1 одинарная | 2 двойная,1,2,0,Ответ: 2. В слове «fatto» я отчетливо слышу долгий согласный звук [t].
moss_v10,it_gem__nono_nonno__nonno,it_gem,it,accent,0.176,paolo,choice,1 одинарная | 2 двойная,2,1,0,"Ответ: 1. Я услышал, что в среднем слове все согласные звучат коротко."
moss_v10,it_gem__papa_pappa__papa,it_gem,it,ipa_len,0.438,paolo,choice,1 одинарная | 2 двойная,1,1,1,"Ответ: 1. Я услышал слово «papa» с короткой согласной, а не «pappa»."
moss_v10,it_gem__papa_pappa__papa,it_gem,it,accent,0.0,paolo,choice,1 одинарная | 2 двойная,1,,,[ошибка: received 1007 (invalid frame payload data) Precondition check failed.; then sent 1007 (invalid frame payload data) Precondition check failed.]
moss_v15,it_gem__pala_palla__palla,it_gem,it,plain,0.059,paolo,choice,1 одинарная | 2 двойная,2,2,1,Ответ: 2. Я услышал отчетливое удлинение согласного звука «л» в слове «palla».
magpie,it_gem__capello_cappello__capello,it_gem,it,plain,0.0,paolo,choice,1 одинарная | 2 двойная,1,2,0,Ответ: 2. Я услышал удвоенную согласную «л» в слове «capello».
qwen3_voice,it_gem__pala_palla__pala,it_gem,it,plain,0.0,paolo,choice,1 одинарная | 2 двойная,1,,,[ошибка: received 1007 (invalid frame payload data) Precondition check failed.; then sent 1007 (invalid frame payload data) Precondition check failed.]
kokoro,it_gem__papa_pappa__pappa,it_gem,it,ipa_len,0.059,paolo,choice,1 одинарная | 2 двойная,2,1,0,"Ответ: 1. Я услышал слово «papà», в котором нет двойных согласных, обе «p» звучат коротко."
magpie,it_gem__capello_cappello__capello,it_gem,it,accent,0.0,paolo,choice,1 одинарная | 2 двойная,1,2,0,Ответ: 2. Я услышал отчетливое удлинение согласного звука в среднем слове.
piper,it_gem__capello_cappello__cappello,it_gem,it,plain,0.1,paolo,choice,1 одинарная | 2 двойная,2,2,1,Ответ: 2. Я услышал отчетливую долгую согласную в звуке [п] в слове «cappello».
moss_v10,it_gem__sete_sette__sette,it_gem,it,ipa_word,0.471,paolo,choice,1 одинарная | 2 двойная,2,2,1,Ответ: 2. В среднем слове «fatto» отчетливо слышна долгая согласная «t».
moss_v10,it_gem__sete_sette__sette,it_gem,it,ipa_len,0.588,paolo,choice,1 одинарная | 2 двойная,2,1,0,"Ответ: 1. Я услышал слово «siete», в котором все согласные произносятся как одиночные, без удвоения."
moss_v15,it_gem__capello_cappello__capello,it_gem,it,ipa_len,0.316,paolo,choice,1 одинарная | 2 двойная,1,1,1,Ответ: 1. В среднем слове я услышал только короткие согласные.
moss_v10,it_gem__caro_carro__carro,it_gem,it,ipa_len,0.765,paolo,choice,1 одинарная | 2 двойная,2,2,1,Ответ: 2. В слове отчетливо слышится долгий согласный звук в удвоенном слоге.
moss_v15,it_gem__papa_pappa__papa,it_gem,it,ipa_word,0.062,paolo,choice,1 одинарная | 2 двойная,1,2,0,Ответ: 2. Я услышал отчетливо произнесенную удвоенную согласную «п» в слове «pappa».
kokoro,it_gem__nono_nonno__nono,it_gem,it,ipa,0.0,paolo,choice,1 одинарная | 2 двойная,1,1,1,"Ответ: 1. В среднем слове я услышал короткие согласные ""n""."
moss_v15,it_gem__papa_pappa__pappa,it_gem,it,ipa_len,0.824,paolo,choice,1 одинарная | 2 двойная,2,1,0,Ответ: 1. В среднем слове «papa» все согласные короткие.
moss_v15,it_gem__papa_pappa__papa,it_gem,it,ipa_len_word,0.0,paolo,choice,1 одинарная | 2 двойная,1,1,1,"Ответ: 1. Я услышал слово ""papà"", в котором все согласные короткие, а ударение падает на последний слог."
kokoro,it_gem__pala_palla__palla,it_gem,it,ipa_len,0.0,paolo,choice,1 одинарная | 2 двойная,2,2,1,Ответ: 2. Я услышал отчетливое удвоение согласного звука «л» в слове «palla».
kokoro,it_gem__caro_carro__caro,it_gem,it,plain,0.0,paolo,choice,1 одинарная | 2 двойная,1,1,1,"Ответ: 1. Я услышал слово ""caro"", где согласная ""r"" произносится кратко, и никакой двойной согласной там нет."
moss_v10,it_gem__sete_sette__sette,it_gem,it,accent,0.118,paolo,choice,1 одинарная | 2 двойная,2,1,0,"Ответ: 1. Я услышал, что согласный звук в этом слове произносится как короткий."
piper,it_gem__nono_nonno__nono,it_gem,it,ipa_len,0.062,paolo,choice,1 одинарная | 2 двойная,1,,,[ошибка: received 1007 (invalid frame payload data) Precondition check failed.; then sent 1007 (invalid frame payload data) Precondition check failed.]
moss_v15,it_gem__fato_fatto__fatto,it_gem,it,ipa,0.706,paolo,choice,1 одинарная | 2 двойная,2,2,1,Ответ: 2. В среднем слове я отчётливо слышу двойную согласную «т» в слове «tutto».
kokoro,it_gem__caro_carro__caro,it_gem,it,ipa_len,0.0,paolo,choice,1 одинарная | 2 двойная,1,1,1,"Ответ: 1. В среднем слове все согласные короткие, без долгого звучания."
piper,it_gem__papa_pappa__pappa,it_gem,it,ipa_len,0.176,paolo,choice,1 одинарная | 2 двойная,2,1,0,Ответ: 1. В среднем слове я отчетливо слышу одиночные согласные звуки без удлинения.
magpie,it_gem__capello_cappello__cappello,it_gem,it,accent,0.0,paolo,choice,1 одинарная | 2 двойная,2,2,1,"Ответ: 2. В среднем слове ясно слышится долгая, удвоенная согласная «п»."
kokoro,it_gem__sete_sette__sette,it_gem,it,ipa,0.294,paolo,choice,1 одинарная | 2 двойная,2,2,1,Ответ: 2. В слове чётко слышна долгая согласная «т».
kokoro,it_gem__pala_palla__pala,it_gem,it,accent,0.0,paolo,choice,1 одинарная | 2 двойная,1,2,0,Ответ: 2. Я услышал отчетливое удлинение согласного звука «л» в середине слова.
kokoro,it_gem__sete_sette__sete,it_gem,it,ipa_len,0.0,paolo,choice,1 одинарная | 2 двойная,1,1,1,Ответ: 1. В среднем слове я услышал только короткие согласные.
moss_v15,it_gem__sete_sette__sete,it_gem,it,ipa,1.188,paolo,choice,1 одинарная | 2 двойная,1,1,1,"Ответ: 1. Я услышал, что в среднем слове все согласные произносятся одинарными и короткими."
moss_v10,it_gem__nono_nonno__nono,it_gem,it,ipa_word,0.188,paolo,choice,1 одинарная | 2 двойная,1,1,1,Ответ: 1. В среднем слове «non» я услышал короткие согласные.
moss_v10,it_gem__nono_nonno__nonno,it_gem,it,ipa,0.529,paolo,choice,1 одинарная | 2 двойная,2,2,1,Ответ: 2. В слове я отчетливо слышу долгую «р» перед согласной «д».
moss_v15,it_gem__sete_sette__sette,it_gem,it,plain,0.294,paolo,choice,1 одинарная | 2 двойная,2,2,1,Ответ: 2. Я услышал четкое удвоенное согласное в слове «sette».
moss_v10,it_gem__caro_carro__carro,it_gem,it,ipa_word,0.235,paolo,choice,1 одинарная | 2 двойная,2,1,0,"Ответ: 1. Я услышал, что в этом слове все согласные звучат коротко, без удвоения."
kokoro,it_gem__fato_fatto__fato,it_gem,it,accent,0.062,paolo,choice,1 одинарная | 2 двойная,1,,,[ошибка: received 1011 (internal error) Quota exceeded for quota metric 'API requests' and limit 'Request limit per minute for a region' of service 'generativelang; then sent 1011 (internal error) Quota exceeded for quota metric 'API requests' and limit 'Request limit per minute for a region' of service 'gen]
moss_v10,it_gem__capello_cappello__capello,it_gem,it,ipa_len,0.947,paolo,choice,1 одинарная | 2 двойная,1,2,0,"Ответ: 2. Я услышал длинный согласный звук в середине слова, как в слове «fatto»."
moss_v15,it_gem__nono_nonno__nono,it_gem,it,ipa_word,0.062,paolo,choice,1 одинарная | 2 двойная,1,2,0,Ответ: 2. В услышанном слове чётко слышна долгая согласная «н».
kokoro,it_gem__caro_carro__carro,it_gem,it,ipa_len,0.059,paolo,choice,1 одинарная | 2 двойная,2,1,0,"Ответ: 1. В слове «caro» все согласные звучат кратко, удвоения нет."
moss_v10,it_gem__pala_palla__pala,it_gem,it,ipa_word,0.875,paolo,choice,1 одинарная | 2 двойная,1,2,0,Ответ: 2. В среднем слове отчётливо слышна удвоенная согласная.
kokoro,it_gem__sete_sette__sette,it_gem,it,plain,0.294,paolo,choice,1 одинарная | 2 двойная,2,2,1,Ответ: 2. Я услышал в слове чёткое произношение удвоенной согласной.
moss_v10,it_gem__pala_palla__palla,it_gem,it,accent,0.0,paolo,choice,1 одинарная | 2 двойная,2,2,1,Ответ: 2. Я услышал четкое удвоение согласного звука 'л' в слове «palla».
qwen3_voice,it_gem__sete_sette__sette,it_gem,it,plain,0.0,paolo,choice,1 одинарная | 2 двойная,2,2,1,Ответ: 2. Я услышал долгую согласную в итальянском слове «sette».
magpie,it_gem__fato_fatto__fato,it_gem,it,plain,0.0,paolo,choice,1 одинарная | 2 двойная,1,2,0,Ответ: 2. Я услышал долгую согласную в слове «fatto».
magpie,it_gem__capello_cappello__cappello,it_gem,it,plain,0.0,paolo,choice,1 одинарная | 2 двойная,2,2,1,"Ответ: 2. В слове отчетливо слышна долгая согласная ""п""."
piper,it_gem__capello_cappello__cappello,it_gem,it,accent,0.0,paolo,choice,1 одинарная | 2 двойная,2,,,[ошибка: received 1011 (internal error) Quota exceeded for quota metric 'API requests' and limit 'Request limit per minute for a region' of service 'generativelang; then sent 1011 (internal error) Quota exceeded for quota metric 'API requests' and limit 'Request limit per minute for a region' of service 'gen]
moss_v15,it_gem__papa_pappa__pappa,it_gem,it,accent,0.882,paolo,choice,1 одинарная | 2 двойная,2,,,[ошибка: received 1011 (internal error) Resource has been exhausted (e.g. check quota).; then sent 1011 (internal error) Resource has been exhausted (e.g. check quota).]
moss_v15,it_gem__capello_cappello__capello,it_gem,it,plain,0.0,paolo,choice,1 одинарная | 2 двойная,1,2,0,Ответ: 2. Я услышал долгий согласный звук «л» в слове «capelli».
moss_v15,it_gem__sete_sette__sette,it_gem,it,ipa,0.647,paolo,choice,1 одинарная | 2 двойная,2,1,0,"Ответ: 1. В среднем слове ""siete"" все согласные звучат коротко, удвоения нет."
piper,it_gem__caro_carro__carro,it_gem,it,ipa,0.059,paolo,choice,1 одинарная | 2 двойная,2,1,0,"Ответ: 1. Я услышал, что в среднем слове «caro» все согласные короткие, без удвоения."
kokoro,it_gem__nono_nonno__nonno,it_gem,it,plain,0.0,paolo,choice,1 одинарная | 2 двойная,2,2,1,Ответ: 2. В среднем слове отчетливо слышна долгая согласная «н».
moss_v10,it_gem__papa_pappa__pappa,it_gem,it,ipa_word,0.294,paolo,choice,1 одинарная | 2 двойная,2,1,0,"Ответ: 1. В среднем слове все согласные произносятся как короткие, удвоения нет."
moss_v15,it_gem__caro_carro__carro,it_gem,it,ipa_len_word,0.118,paolo,choice,1 одинарная | 2 двойная,2,1,0,"Ответ: 1. Я услышал слово с тремя краткими согласными ""к"", ""к"", ""р"", без удвоения."
moss_v10,it_gem__caro_carro__caro,it_gem,it,ipa_len_word,0.25,paolo,choice,1 одинарная | 2 двойная,1,1,1,"Ответ: 1. В среднем слове «chiaro» согласные звучат коротко, удвоенного звука [r] я не услышал."
kokoro,it_gem__papa_pappa__pappa,it_gem,it,plain,0.059,paolo,choice,1 одинарная | 2 двойная,2,1,0,Ответ: 1. Я услышал короткие согласные в слове «papà».
piper,it_gem__sete_sette__sette,it_gem,it,plain,0.294,paolo,choice,1 одинарная | 2 двойная,2,2,1,Ответ: 2. В слове «sette» отчетливо слышна долгая удвоенная согласная «t».
kokoro,it_gem__fato_fatto__fatto,it_gem,it,ipa_len,0.0,paolo,choice,1 одинарная | 2 двойная,2,2,1,Ответ: 2. В среднем слове четко слышится долгая согласная «тт».
moss_v15,it_gem__capello_cappello__cappello,it_gem,it,ipa_word,0.2,paolo,choice,1 одинарная | 2 двойная,2,1,0,"Ответ: 1. В слове «Caprio» все согласные звучат как короткие, удвоения нет."
moss_v15,it_gem__capello_cappello__capello,it_gem,it,ipa,0.211,paolo,choice,1 одинарная | 2 двойная,1,2,0,Ответ: 2. Я услышал отчетливое удвоение согласного звука «п» в слове «cappello».
piper,it_gem__capello_cappello__cappello,it_gem,it,ipa,0.0,paolo,choice,1 одинарная | 2 двойная,2,2,1,Ответ: 2. В среднем слове отчетливо слышна долгая согласная «п».
kokoro,it_gem__papa_pappa__papa,it_gem,it,accent,0.0,paolo,choice,1 одинарная | 2 двойная,1,1,1,"Ответ: 1. Я услышал слово «papà» без удвоения согласных, где оба звука «п» произносятся как обычные, короткие согласные."
moss_v10,it_gem__caro_carro__caro,it_gem,it,accent,0.0,paolo,choice,1 одинарная | 2 двойная,1,1,1,"Ответ: 1. Я услышал, что в среднем слове все согласные короткие, без удвоения."
moss_v10,it_gem__sete_sette__sette,it_gem,it,plain,0.118,paolo,choice,1 одинарная | 2 двойная,2,1,0,"Ответ: 1. Я услышал слово с короткой согласной ""s""."
piper,it_gem__nono_nonno__nonno,it_gem,it,accent,0.0,paolo,choice,1 одинарная | 2 двойная,2,1,0,Ответ: 1. Я услышал слово «non» с короткими согласными звуками «н».
magpie,it_gem__sete_sette__sette,it_gem,it,accent,0.0,paolo,choice,1 одинарная | 2 двойная,2,2,1,"Ответ: 2. Я услышал, что в слове «sette» отчетливо произносится долгая согласная «т»."
moss_v10,it_gem__capello_cappello__capello,it_gem,it,ipa_word,0.316,paolo,choice,1 одинарная | 2 двойная,1,1,1,"Ответ: 1. Я услышал, что в слове «Olga» все согласные произносятся коротко, без удвоения."
moss_v10,it_gem__capello_cappello__cappello,it_gem,it,plain,0.05,paolo,choice,1 одинарная | 2 двойная,2,,,[ошибка: received 1007 (invalid frame payload data) Precondition check failed.; then sent 1007 (invalid frame payload data) Precondition check failed.]
piper,it_gem__capello_cappello__cappello,it_gem,it,ipa_len,0.15,paolo,choice,1 одинарная | 2 двойная,2,2,1,Ответ: 2. В слове ясно слышится удвоенная согласная «п».
moss_v10,it_gem__capello_cappello__cappello,it_gem,it,ipa_word,0.35,paolo,choice,1 одинарная | 2 двойная,2,2,1,"Ответ: 2. Я услышал, что в слове «arrivo» согласная «р» произносится отчетливо и сдвоенно."
moss_v15,it_gem__papa_pappa__pappa,it_gem,it,ipa_len_word,0.059,paolo,choice,1 одинарная | 2 двойная,2,,,[ошибка: received 1007 (invalid frame payload data) Precondition check failed.; then sent 1007 (invalid frame payload data) Precondition check failed.]
moss_v10,it_gem__fato_fatto__fatto,it_gem,it,ipa,0.941,paolo,choice,1 одинарная | 2 двойная,2,2,1,Ответ: 2. В услышанном мной среднем слове я отчетливо услышал долгую согласную.
qwen3_voice,it_gem__capello_cappello__capello,it_gem,it,accent,0.053,paolo,choice,1 одинарная | 2 двойная,1,,,[ошибка: received 1011 (internal error) Quota exceeded for quota metric 'API requests' and limit 'Request limit per minute for a region' of service 'generativelang; then sent 1011 (internal error) Quota exceeded for quota metric 'API requests' and limit 'Request limit per minute for a region' of service 'gen]
moss_v10,it_gem__sete_sette__sete,it_gem,it,accent,0.0,paolo,choice,1 одинарная | 2 двойная,1,2,0,"Ответ: 2. В слове ""sette"" отчетливо слышна долгая согласная ""т""."
qwen3_voice,it_gem__sete_sette__sete,it_gem,it,accent,0.0,paolo,choice,1 одинарная | 2 двойная,1,1,1,Ответ: 1. В среднем слове все согласные звучат коротко.
moss_v10,it_gem__papa_pappa__pappa,it_gem,it,ipa_len_word,0.353,paolo,choice,1 одинарная | 2 двойная,2,1,0,"Ответ: 1. Я услышал, что в среднем слове все согласные звучат коротко, без удвоения."
magpie,it_gem__pala_palla__pala,it_gem,it,accent,0.0,paolo,choice,1 одинарная | 2 двойная,1,2,0,"Ответ: 2. Я услышал, что в среднем слове согласный звук чётко удвоен."
moss_v10,it_gem__nono_nonno__nono,it_gem,it,plain,0.062,paolo,choice,1 одинарная | 2 двойная,1,1,1,"Ответ: 1. Я услышал, что все согласные в этом слове короткие, без удвоения."
moss_v10,it_gem__papa_pappa__pappa,it_gem,it,ipa_len,0.765,paolo,choice,1 одинарная | 2 двойная,2,2,1,Ответ: 2. В услышанном слове четко слышится долгая согласная.
kokoro,it_gem__pala_palla__palla,it_gem,it,ipa,0.0,paolo,choice,1 одинарная | 2 двойная,2,2,1,Ответ: 2. Я услышал четвёртую удвоенную согласную в слове «palla».
moss_v15,it_gem__fato_fatto__fato,it_gem,it,ipa_len,0.812,paolo,choice,1 одинарная | 2 двойная,1,,,[ошибка: received 1007 (invalid frame payload data) Precondition check failed.; then sent 1007 (invalid frame payload data) Precondition check failed.]
moss_v10,it_gem__nono_nonno__nonno,it_gem,it,ipa_word,0.235,paolo,choice,1 одинарная | 2 двойная,2,1,0,"Ответ: 1
Я услышал слово ""uno"", в котором все согласные произносятся кратко."
moss_v15,it_gem__caro_carro__caro,it_gem,it,ipa_len,0.562,paolo,choice,1 одинарная | 2 двойная,1,1,1,"Ответ: 1. В среднем слове «caro» все согласные звучат как короткие, удвоения нет."
piper,it_gem__capello_cappello__capello,it_gem,it,plain,0.0,paolo,choice,1 одинарная | 2 двойная,1,1,1,Ответ: 1. Я услышал слово «capello» с короткой согласной [p].
kokoro,it_gem__capello_cappello__capello,it_gem,it,plain,0.0,paolo,choice,1 одинарная | 2 двойная,1,2,0,Ответ: 2. В слове отчетливо слышится долгая двойная согласная «л».
piper,it_gem__caro_carro__caro,it_gem,it,accent,0.0,paolo,choice,1 одинарная | 2 двойная,1,1,1,Ответ: 1. В среднем слове все согласные звучат как короткие.
moss_v15,it_gem__pala_palla__pala,it_gem,it,ipa,0.438,paolo,choice,1 одинарная | 2 двойная,1,2,0,"Ответ: 2. В слове «palla» отчетливо слышна долгая согласная «l», как и должно быть в итальянском произношении."
piper,it_gem__sete_sette__sette,it_gem,it,ipa,0.235,paolo,choice,1 одинарная | 2 двойная,2,2,1,Ответ: 2. Я услышал долгую согласную «т» в слове «sette».
kokoro,it_gem__caro_carro__carro,it_gem,it,plain,0.059,paolo,choice,1 одинарная | 2 двойная,2,1,0,Ответ: 1. В среднем слове «Carlo» я отчетливо услышал короткую согласную «р» без удвоения.
moss_v10,it_gem__capello_cappello__cappello,it_gem,it,ipa_len,0.65,paolo,choice,1 одинарная | 2 двойная,2,,,[ошибка: received 1007 (invalid frame payload data) Precondition check failed.; then sent 1007 (invalid frame payload data) Precondition check failed.]
piper,it_gem__caro_carro__carro,it_gem,it,plain,0.0,paolo,choice,1 одинарная | 2 двойная,2,2,1,"Ответ: 2. В услышанном слове четко произносится удвоенная согласная, создавая долгий звук."
moss_v15,it_gem__pala_palla__pala,it_gem,it,accent,0.438,paolo,choice,1 одинарная | 2 двойная,1,,,[ошибка: received 1007 (invalid frame payload data) Precondition check failed.; then sent 1007 (invalid frame payload data) Precondition check failed.]
moss_v10,it_gem__nono_nonno__nono,it_gem,it,ipa_len,0.625,paolo,choice,1 одинарная | 2 двойная,1,1,1,"Ответ: 1. Согласные в среднем слове звучат коротко, без удлинения."
magpie,it_gem__pala_palla__palla,it_gem,it,plain,0.0,paolo,choice,1 одинарная | 2 двойная,2,2,1,Ответ: 2. В слове чётко слышна долгая согласная «лл».
kokoro,it_gem__sete_sette__sete,it_gem,it,plain,0.0,paolo,choice,1 одинарная | 2 двойная,1,1,1,"Ответ: 1. Во втором слове фразы я отчётливо услышал одинарную согласную «t», поэтому никакой долгой согласной в слове «sete» нет."
qwen3_voice,it_gem__capello_cappello__capello,it_gem,it,plain,0.158,paolo,choice,1 одинарная | 2 двойная,1,2,0,Ответ: 2. В прослушанном слове я отчётливо слышу долгий согласный звук.
kokoro,it_gem__capello_cappello__capello,it_gem,it,accent,0.0,paolo,choice,1 одинарная | 2 двойная,1,1,1,Ответ: 1. Я услышал слово «capello» с короткой согласной.
moss_v10,it_gem__papa_pappa__papa,it_gem,it,plain,0.062,paolo,choice,1 одинарная | 2 двойная,1,1,1,"Ответ: 1. Я услышал слово «papa», где все согласные звучат коротко и нет удвоения."
qwen3_voice,it_gem__papa_pappa__pappa,it_gem,it,plain,0.0,paolo,choice,1 одинарная | 2 двойная,2,1,0,Ответ: 1. В среднем слове «papà» я услышал две короткие согласные «п» без удлинения.
magpie,it_gem__caro_carro__carro,it_gem,it,plain,0.0,paolo,choice,1 одинарная | 2 двойная,2,,,[ошибка: received 1007 (invalid frame payload data) Precondition check failed.; then sent 1007 (invalid frame payload data) Precondition check failed.]
kokoro,it_gem__nono_nonno__nonno,it_gem,it,ipa_len,0.059,paolo,choice,1 одинарная | 2 двойная,2,2,1,"Ответ: 2. Я услышал, что среднее слово в этой фразе произносится с долгой, удвоенной согласной."
kokoro,it_gem__fato_fatto__fatto,it_gem,it,plain,0.0,paolo,choice,1 одинарная | 2 двойная,2,2,1,"Ответ: 2. В слове чётко слышна удвоенная согласная ""тт""."
moss_v15,it_gem__nono_nonno__nono,it_gem,it,accent,0.0,paolo,choice,1 одинарная | 2 двойная,1,1,1,"Ответ: 1. В среднем слове я отчётливо слышу короткие согласные, удвоения нет."
moss_v15,it_gem__papa_pappa__pappa,it_gem,it,plain,0.0,paolo,choice,1 одинарная | 2 двойная,2,2,1,Ответ: 2. Я услышал долгую согласную в слове.
piper,it_gem__papa_pappa__pappa,it_gem,it,accent,0.0,paolo,choice,1 одинарная | 2 двойная,2,1,0,"Ответ: 1. Я услышал слово «papà», в котором все согласные произносятся как обычные, короткие звуки."
magpie,it_gem__papa_pappa__pappa,it_gem,it,plain,0.0,paolo,choice,1 одинарная | 2 двойная,2,1,0,"Ответ: 1. Я услышал слово «papà», и в нём нет долгой согласной."
piper,it_gem__sete_sette__sete,it_gem,it,accent,0.375,paolo,choice,1 одинарная | 2 двойная,1,1,1,"Ответ: 1. Я услышал, что все согласные в среднем слове короткие."
piper,it_gem__sete_sette__sette,it_gem,it,ipa_len,0.294,paolo,choice,1 одинарная | 2 двойная,2,2,1,"Ответ: 2. Я услышал в слове «sette» отчетливую долгую согласную, как это и должно быть в итальянском языке."
moss_v15,it_gem__caro_carro__carro,it_gem,it,ipa_word,0.059,paolo,choice,1 одинарная | 2 двойная,2,2,1,Ответ: 2. Я услышал четкое удвоенное произношение согласного звука 'r' в слове «carro».
piper,it_gem__caro_carro__caro,it_gem,it,ipa,0.0,paolo,choice,1 одинарная | 2 двойная,1,1,1,"Ответ: 1. В среднем слове все согласные звучат коротко, удвоения нет."
moss_v15,it_gem__papa_pappa__pappa,it_gem,it,ipa_word,0.059,paolo,choice,1 одинарная | 2 двойная,2,1,0,Ответ: 1. Я услышал короткие согласные в слове «papà».
piper,it_gem__fato_fatto__fato,it_gem,it,plain,0.062,paolo,choice,1 одинарная | 2 двойная,1,,,[ошибка: received 1007 (invalid frame payload data) Precondition check failed.; then sent 1007 (invalid frame payload data) Precondition check failed.]
moss_v10,it_gem__sete_sette__sete,it_gem,it,ipa_word,0.375,paolo,choice,1 одинарная | 2 двойная,1,1,1,"Ответ: 1. Я услышал слово «sciarrete», и все согласные в нём звучат как короткие."
moss_v15,it_gem__sete_sette__sette,it_gem,it,ipa_word,0.0,paolo,choice,1 одинарная | 2 двойная,2,2,1,Ответ: 2. Я услышал удвоенную согласную 't' в слове 'sette'.
moss_v15,it_gem__fato_fatto__fato,it_gem,it,plain,0.188,paolo,choice,1 одинарная | 2 двойная,1,,,[ошибка: received 1007 (invalid frame payload data) Precondition check failed.; then sent 1007 (invalid frame payload data) Precondition check failed.]
kokoro,it_gem__capello_cappello__capello,it_gem,it,ipa,0.0,paolo,choice,1 одинарная | 2 двойная,1,2,0,"Ответ: 2. Я услышал долгую согласную в слове ""capello"", так как звук ""л"" был произнесен с явным удлинением."
moss_v15,it_gem__fato_fatto__fato,it_gem,it,accent,0.0,paolo,choice,1 одинарная | 2 двойная,1,2,0,Ответ: 2. В слове отчетливо слышна долгая двойная согласная «т».
piper,it_gem__fato_fatto__fato,it_gem,it,ipa,0.25,paolo,choice,1 одинарная | 2 двойная,1,,,[ошибка: received 1011 (internal error) Quota exceeded for quota metric 'API requests' and limit 'Request limit per minute for a region' of service 'generativelang; then sent 1011 (internal error) Quota exceeded for quota metric 'API requests' and limit 'Request limit per minute for a region' of service 'gen]
magpie,it_gem__nono_nonno__nono,it_gem,it,accent,0.0,paolo,choice,1 одинарная | 2 двойная,1,2,0,Ответ: 2. В среднем слове чётко слышится долгая удвоенная согласная «н».
moss_v10,it_gem__sete_sette__sete,it_gem,it,ipa,0.625,paolo,choice,1 одинарная | 2 двойная,1,1,1,"Ответ: 1. Я услышал слово «certe», в котором все согласные произносятся как одинарные."
piper,it_gem__fato_fatto__fatto,it_gem,it,accent,0.176,paolo,choice,1 одинарная | 2 двойная,2,2,1,Ответ: 2. В среднем слове отчетливо слышна долгая согласная «тт».
moss_v10,it_gem__fato_fatto__fato,it_gem,it,ipa_len,0.75,paolo,choice,1 одинарная | 2 двойная,1,2,0,Ответ: 2. В среднем слове отчетливослышна долгая согласная «т».
moss_v15,it_gem__nono_nonno__nonno,it_gem,it,ipa_len_word,0.118,paolo,choice,1 одинарная | 2 двойная,2,1,0,Ответ: 1. Я услышал слово «no» без долгой согласной.
piper,it_gem__pala_palla__palla,it_gem,it,accent,0.0,paolo,choice,1 одинарная | 2 двойная,2,2,1,"Ответ: 2. Я услышал, что в середине фразы отчетливо произносится длинный согласный звук."
kokoro,it_gem__fato_fatto__fato,it_gem,it,ipa,0.062,paolo,choice,1 одинарная | 2 двойная,1,2,0,Ответ: 2. Я услышал четкое удвоение согласной 'т' в слове «fatto».
kokoro,it_gem__sete_sette__sette,it_gem,it,ipa_len,0.294,paolo,choice,1 одинарная | 2 двойная,2,2,1,Ответ: 2. В слове «sette» я отчетливо слышу долгую согласную «т».
moss_v15,it_gem__capello_cappello__capello,it_gem,it,ipa_word,0.105,paolo,choice,1 одинарная | 2 двойная,1,2,0,Ответ: 2. Я услышал чёткое удвоение согласной в слове «cappello».
kokoro,it_gem__pala_palla__palla,it_gem,it,accent,0.0,paolo,choice,1 одинарная | 2 двойная,2,2,1,Ответ: 2. Я услышал в среднем слове четкую долгую согласную «л».
moss_v15,it_gem__capello_cappello__cappello,it_gem,it,ipa_len,0.7,paolo,choice,1 одинарная | 2 двойная,2,,,[ошибка: received 1007 (invalid frame payload data) Precondition check failed.; then sent 1007 (invalid frame payload data) Precondition check failed.]
moss_v10,it_gem__nono_nonno__nono,it_gem,it,accent,0.0,paolo,choice,1 одинарная | 2 двойная,1,1,1,Ответ: 1. Во втором слове я услышал только короткие согласные.
moss_v10,it_gem__pala_palla__pala,it_gem,it,ipa_len_word,0.312,paolo,choice,1 одинарная | 2 двойная,1,1,1,Ответ: 1. В среднем слове все согласные звучат кратко.
kokoro,it_gem__nono_nonno__nonno,it_gem,it,ipa,0.0,paolo,choice,1 одинарная | 2 двойная,2,2,1,Ответ: 2. Я услышал долгую согласную в середине слова.
piper,it_gem__papa_pappa__papa,it_gem,it,ipa_len,0.0,paolo,choice,1 одинарная | 2 двойная,1,1,1,"Ответ: 1
Я услышал, что в среднем слове «papà» все согласные произносятся коротко, без удвоения."
kokoro,it_gem__papa_pappa__papa,it_gem,it,plain,0.0,paolo,choice,1 одинарная | 2 двойная,1,,,[ошибка: received 1007 (invalid frame payload data) Precondition check failed.; then sent 1007 (invalid frame payload data) Precondition check failed.]
magpie,it_gem__sete_sette__sete,it_gem,it,plain,0.062,paolo,choice,1 одинарная | 2 двойная,1,2,0,"Ответ: 2. В слове «sette» я отчетливо услышал долгую, удвоенную согласную «t»."
qwen3_voice,it_gem__papa_pappa__papa,it_gem,it,accent,0.0,paolo,choice,1 одинарная | 2 двойная,1,1,1,"Ответ: 1. В среднем слове «papà» все согласные звучат коротко, без удвоения."
moss_v10,it_gem__pala_palla__pala,it_gem,it,accent,0.062,paolo,choice,1 одинарная | 2 двойная,1,1,1,"Ответ: 1. В среднем слове «parla» все согласные звучат кратко и отчетливо, без удвоения."
moss_v15,it_gem__caro_carro__caro,it_gem,it,accent,0.0,paolo,choice,1 одинарная | 2 двойная,1,1,1,"Ответ: 1. В слове, которое звучит посередине, все согласные короткие."
magpie,it_gem__nono_nonno__nono,it_gem,it,plain,0.125,paolo,choice,1 одинарная | 2 двойная,1,1,1,Ответ: 1. В среднем слове «no» я услышал только короткие согласные звуки.
piper,it_gem__sete_sette__sete,it_gem,it,ipa_len,0.375,paolo,choice,1 одинарная | 2 двойная,1,2,0,"Ответ: 2. В слове «sette» отчетливо слышна долгая, удвоенная согласная «т»."
piper,it_gem__pala_palla__palla,it_gem,it,ipa,0.0,paolo,choice,1 одинарная | 2 двойная,2,2,1,Ответ: 2. Я услышал четкую долгую согласную в среднем слове.
qwen3_voice,it_gem__capello_cappello__cappello,it_gem,it,plain,0.0,paolo,choice,1 одинарная | 2 двойная,2,2,1,Ответ: 2. Я услышал отчетливую долгую согласную в слове.
moss_v10,it_gem__papa_pappa__pappa,it_gem,it,accent,0.0,paolo,choice,1 одинарная | 2 двойная,2,2,1,Ответ: 2. В среднем слове я четко услышал долгий согласный звук «п».
moss_v15,it_gem__nono_nonno__nonno,it_gem,it,ipa_len,0.353,paolo,choice,1 одинарная | 2 двойная,2,2,1,Ответ: 2. В среднем слове отчетливо слышится долгая согласная «н».
moss_v15,it_gem__caro_carro__caro,it_gem,it,ipa_len_word,0.0,paolo,choice,1 одинарная | 2 двойная,1,1,1,"Ответ: 1. Я услышал слово «caro», в котором все согласные произносятся как одинарные, без удлинения."
moss_v10,it_gem__nono_nonno__nono,it_gem,it,ipa_len_word,0.25,paolo,choice,1 одинарная | 2 двойная,1,1,1,"Ответ: 1. Я услышал, что в среднем слове все согласные звучат коротко."
qwen3_voice,it_gem__caro_carro__caro,it_gem,it,accent,0.0,paolo,choice,1 одинарная | 2 двойная,1,1,1,"Ответ: 1. Я услышал слово с одиночной, короткой согласной."
qwen3_voice,it_gem__caro_carro__carro,it_gem,it,plain,0.0,paolo,choice,1 одинарная | 2 двойная,2,2,1,Ответ: 2. В середине фразы я четко услышал слово со звучной долгой согласной «р».
magpie,it_gem__nono_nonno__nonno,it_gem,it,accent,0.0,paolo,choice,1 одинарная | 2 двойная,2,2,1,Ответ: 2. Я услышал четкий долгий согласный звук в середине слова.
moss_v15,it_gem__capello_cappello__capello,it_gem,it,accent,0.0,paolo,choice,1 одинарная | 2 двойная,1,2,0,Ответ: 2. Я услышал отчетливое удлинение согласного звука «п» в середине слова.
moss_v15,it_gem__nono_nonno__nono,it_gem,it,ipa_len,0.25,paolo,choice,1 одинарная | 2 двойная,1,,,[ошибка: received 1007 (invalid frame payload data) Precondition check failed.; then sent 1007 (invalid frame payload data) Precondition check failed.]
moss_v15,it_gem__nono_nonno__nono,it_gem,it,ipa_len_word,0.0,paolo,choice,1 одинарная | 2 двойная,1,1,1,"Ответ: 1. В среднем слове «no» все согласные произносятся коротко, удвоения нет."
moss_v10,it_gem__caro_carro__carro,it_gem,it,ipa_len_word,0.059,paolo,choice,1 одинарная | 2 двойная,2,1,0,Ответ: 1. В среднем слове я отчётливо слышу короткие согласные.
moss_v15,it_gem__pala_palla__palla,it_gem,it,ipa_word,0.0,paolo,choice,1 одинарная | 2 двойная,2,2,1,Ответ: 2. Я услышал отчетливое удвоение согласного звука в среднем слове.
qwen3_voice,it_gem__fato_fatto__fato,it_gem,it,accent,0.062,paolo,choice,1 одинарная | 2 двойная,1,2,0,Ответ: 2. Я услышал отчетливое удлинение согласного звука 'т' в слове «fatto».
moss_v15,it_gem__capello_cappello__cappello,it_gem,it,ipa_len_word,0.55,paolo,choice,1 одинарная | 2 двойная,2,1,0,"Ответ: 1. Я услышал слово, в котором все согласные произносятся как одинарные и короткие."
piper,it_gem__papa_pappa__pappa,it_gem,it,ipa,0.0,paolo,choice,1 одинарная | 2 двойная,2,1,0,"Ответ: 1. В среднем слове все согласные звучат коротко, двойного звука я не услышал."
kokoro,it_gem__sete_sette__sete,it_gem,it,accent,0.0,paolo,choice,1 одинарная | 2 двойная,1,1,1,"Ответ: 1. В среднем слове «sete» все согласные произносятся коротко, без удвоения."
moss_v10,it_gem__caro_carro__caro,it_gem,it,ipa_len,0.062,paolo,choice,1 одинарная | 2 двойная,1,1,1,"Ответ: 1. Я услышал слово ""chiaro"", в котором нет двойных согласных, все звучат коротко."
moss_v15,it_gem__pala_palla__palla,it_gem,it,accent,0.353,paolo,choice,1 одинарная | 2 двойная,2,2,1,Ответ: 2. Я услышал четкий долгий согласный звук 'l'.
qwen3_voice,it_gem__papa_pappa__pappa,it_gem,it,accent,0.059,paolo,choice,1 одинарная | 2 двойная,2,2,1,Ответ: 2. В среднем слове чётко слышно долгую согласную «п».
moss_v10,it_gem__fato_fatto__fatto,it_gem,it,ipa_word,0.176,paolo,choice,1 одинарная | 2 двойная,2,1,0,"Ответ: 1. Я услышал, что в слове «conforto» все согласные произносятся как одинарные, без удвоения."
piper,it_gem__nono_nonno__nonno,it_gem,it,ipa,0.0,paolo,choice,1 одинарная | 2 двойная,2,1,0,Ответ: 1. В среднем слове все согласные звучат как короткие.
piper,it_gem__capello_cappello__capello,it_gem,it,ipa_len,0.053,paolo,choice,1 одинарная | 2 двойная,1,2,0,Ответ: 2. В слове «capelli» чётко слышна удвоенная согласная «ll».
moss_v10,it_gem__capello_cappello__capello,it_gem,it,accent,0.0,paolo,choice,1 одинарная | 2 двойная,1,2,0,"Ответ: 2. Я услышал, что в среднем слове чётко произносится удвоенная согласная ""п""."
piper,it_gem__sete_sette__sete,it_gem,it,plain,0.375,paolo,choice,1 одинарная | 2 двойная,1,1,1,"Ответ: 1. Я услышал слово «il», в котором нет удвоенных согласных."
moss_v10,it_gem__papa_pappa__papa,it_gem,it,ipa,0.562,paolo,choice,1 одинарная | 2 двойная,1,,,[ошибка: received 1011 (internal error) Quota exceeded for quota metric 'API requests' and limit 'Request limit per minute for a region' of service 'generativelang; then sent 1011 (internal error) Quota exceeded for quota metric 'API requests' and limit 'Request limit per minute for a region' of service 'gen]
moss_v10,it_gem__sete_sette__sete,it_gem,it,ipa_len_word,0.688,paolo,choice,1 одинарная | 2 двойная,1,1,1,"Ответ: 1. В среднем слове произнесена одна краткая согласная, удвоения нет."
moss_v15,it_gem__pala_palla__palla,it_gem,it,ipa_len,1.353,paolo,choice,1 одинарная | 2 двойная,2,2,1,Ответ: 2. В среднем слове отчетливо слышна долгая удвоенная согласная.
moss_v15,it_gem__nono_nonno__nonno,it_gem,it,plain,0.0,paolo,choice,1 одинарная | 2 двойная,2,2,1,Ответ: 2. В среднем слове отчётливо слышна долгая согласная «н».
moss_v15,it_gem__sete_sette__sete,it_gem,it,ipa_len_word,0.125,paolo,choice,1 одинарная | 2 двойная,1,2,0,"Ответ: 2
Я услышал долгую согласную «т» в слове «sette»."
moss_v10,it_gem__sete_sette__sette,it_gem,it,ipa,0.588,paolo,choice,1 одинарная | 2 двойная,2,,,[ошибка: received 1007 (invalid frame payload data) Precondition check failed.; then sent 1007 (invalid frame payload data) Precondition check failed.]
moss_v15,it_gem__capello_cappello__cappello,it_gem,it,plain,0.0,paolo,choice,1 одинарная | 2 двойная,2,2,1,Ответ: 2. Я услышал отчетливую долгую удвоенную согласную в среднем слове.
moss_v10,it_gem__nono_nonno__nonno,it_gem,it,ipa_len,0.588,paolo,choice,1 одинарная | 2 двойная,2,1,0,"Ответ: 1. Во фразе я услышал слово, в котором все согласные короткие."
piper,it_gem__sete_sette__sete,it_gem,it,ipa,0.5,paolo,choice,1 одинарная | 2 двойная,1,1,1,"Ответ: 1. В среднем слове все согласные короткие, звук «è» произносится без удвоения."
kokoro,it_gem__pala_palla__pala,it_gem,it,ipa_len,0.0,paolo,choice,1 одинарная | 2 двойная,1,2,0,Ответ: 2. В слове чётко слышится долгая удвоенная согласная «л».
kokoro,it_gem__sete_sette__sette,it_gem,it,accent,0.294,paolo,choice,1 одинарная | 2 двойная,2,2,1,"Ответ: 2. В слове ""sette"" отчетливо слышится долгий, удвоенный согласный звук «т»."
moss_v10,it_gem__caro_carro__carro,it_gem,it,ipa,0.941,paolo,choice,1 одинарная | 2 двойная,2,1,0,"Ответ: 1. В среднем слове «che» нет удвоенных согласных, все они звучат коротко."
moss_v15,it_gem__nono_nonno__nono,it_gem,it,plain,0.0,paolo,choice,1 одинарная | 2 двойная,1,1,1,Ответ: 1. В среднем слове произнесённом в этой фразе нет удвоенной согласной.
piper,it_gem__papa_pappa__papa,it_gem,it,plain,0.0,paolo,choice,1 одинарная | 2 двойная,1,1,1,"Ответ: 1. Я услышал, что обе согласные в слове «papà» звучат как короткие и одинарные."
moss_v15,it_gem__nono_nonno__nono,it_gem,it,ipa,0.938,paolo,choice,1 одинарная | 2 двойная,1,1,1,"Ответ: 1. Я услышал, что согласные в среднем слове произносятся как короткие."
piper,it_gem__nono_nonno__nono,it_gem,it,ipa,0.062,paolo,choice,1 одинарная | 2 двойная,1,1,1,"Ответ: 1. Я услышал, что в слове ""non"" согласный звук произносится как короткий, без удвоения."
kokoro,it_gem__papa_pappa__papa,it_gem,it,ipa,0.0,paolo,choice,1 одинарная | 2 двойная,1,1,1,"Ответ: 1. Я услышал слово «papà», в котором все согласные произносятся как одиночные, без удвоения."
piper,it_gem__caro_carro__caro,it_gem,it,plain,0.0,paolo,choice,1 одинарная | 2 двойная,1,1,1,"Ответ: 1. Я услышал, что согласные в среднем слове произносятся коротко, без удвоения."
moss_v10,it_gem__caro_carro__caro,it_gem,it,plain,0.062,paolo,choice,1 одинарная | 2 двойная,1,1,1,"Ответ: 1. Я услышал, что в слове «caro» согласный «r» произносится как короткий одинарный звук."
moss_v15,it_gem__papa_pappa__papa,it_gem,it,accent,0.062,paolo,choice,1 одинарная | 2 двойная,1,1,1,"Ответ: 1. Я услышал, что все согласные в среднем слове произносятся коротко, без удвоения."
moss_v10,it_gem__capello_cappello__capello,it_gem,it,ipa_len_word,0.263,paolo,choice,1 одинарная | 2 двойная,1,1,1,"Ответ: 1. Я услышал слово, в котором все согласные произносятся как одинарные, без удвоения."
qwen3_voice,it_gem__pala_palla__palla,it_gem,it,plain,0.0,paolo,choice,1 одинарная | 2 двойная,2,2,1,Ответ: 2. В среднем слове чётко слышно долгую двойную согласную «л».
kokoro,it_gem__caro_carro__carro,it_gem,it,accent,0.059,paolo,choice,1 одинарная | 2 двойная,2,2,1,"Ответ: 2
Я услышал отчетливо удвоенную согласную «р» в имени Карло."
moss_v10,it_gem__papa_pappa__papa,it_gem,it,ipa_len_word,0.312,paolo,choice,1 одинарная | 2 двойная,1,2,0,Ответ: 2. В среднем слове отчетливо слышна долгая согласная.
moss_v15,it_gem__fato_fatto__fatto,it_gem,it,accent,0.0,paolo,choice,1 одинарная | 2 двойная,2,2,1,Ответ: 2. Я услышал слово «fatto» со звуком долгой согласной в середине.
moss_v10,it_gem__fato_fatto__fatto,it_gem,it,accent,0.0,paolo,choice,1 одинарная | 2 двойная,2,,,[ошибка: received 1011 (internal error) Quota exceeded for quota metric 'API requests' and limit 'Request limit per minute for a region' of service 'generativelang; then sent 1011 (internal error) Quota exceeded for quota metric 'API requests' and limit 'Request limit per minute for a region' of service 'gen]
piper,it_gem__pala_palla__palla,it_gem,it,plain,0.0,paolo,choice,1 одинарная | 2 двойная,2,2,1,Ответ: 2. Я чётко услышал долгий согласный звук «л» в слове «balla».
piper,it_gem__fato_fatto__fato,it_gem,it,ipa_len,0.062,paolo,choice,1 одинарная | 2 двойная,1,2,0,Ответ: 2. В среднем слове отчетливо слышна долгая двойная согласная «тт».
kokoro,it_gem__capello_cappello__capello,it_gem,it,ipa_len,0.0,paolo,choice,1 одинарная | 2 двойная,1,1,1,"Ответ: 1. Я услышал, что все согласные в среднем слове звучат коротко."
qwen3_voice,it_gem__nono_nonno__nonno,it_gem,it,plain,0.0,paolo,choice,1 одинарная | 2 двойная,2,2,1,Ответ: 2. Я услышал отчетливую долгую двойную согласную «n» в слове «nonno».
kokoro,it_gem__papa_pappa__pappa,it_gem,it,ipa,0.059,paolo,choice,1 одинарная | 2 двойная,2,1,0,"Ответ: 1. Я услышал, что все согласные в среднем слове звучат коротко."
magpie,it_gem__nono_nonno__nonno,it_gem,it,plain,0.0,paolo,choice,1 одинарная | 2 двойная,2,2,1,Ответ: 2. В среднем слове я отчетливо услышал долгий согласный звук.
moss_v10,it_gem__fato_fatto__fatto,it_gem,it,ipa_len_word,0.353,paolo,choice,1 одинарная | 2 двойная,2,2,1,Ответ: 2. Я услышал отчетливо удвоенную согласную 'т' в слове «fatto».
moss_v10,it_gem__caro_carro__caro,it_gem,it,ipa,0.312,paolo,choice,1 одинарная | 2 двойная,1,1,1,"Ответ: 1. Я услышал, что все согласные в среднем слове произнесены кратко."
moss_v10,it_gem__nono_nonno__nonno,it_gem,it,ipa_len_word,0.059,paolo,choice,1 одинарная | 2 двойная,2,2,1,Ответ: 2. В среднем слове я отчётливо услышал долгий согласный звук «н».
kokoro,it_gem__pala_palla__palla,it_gem,it,plain,0.0,paolo,choice,1 одинарная | 2 двойная,2,2,1,Ответ: 2. Я услышал четкое удвоение согласного звука «л» в середине слова «palla».
qwen3_voice,it_gem__sete_sette__sete,it_gem,it,plain,0.0,paolo,choice,1 одинарная | 2 двойная,1,2,0,Ответ: 2. Я услышал отчетливую долгую согласную в произнесении среднего слова.
kokoro,it_gem__capello_cappello__cappello,it_gem,it,ipa_len,0.0,paolo,choice,1 одинарная | 2 двойная,2,2,1,Ответ: 2. Я услышал четкое удвоенное согласное в слове.
kokoro,it_gem__pala_palla__pala,it_gem,it,ipa,0.0,paolo,choice,1 одинарная | 2 двойная,1,1,1,"Ответ: 1. Я услышал, что второй звук в слове — это долгий гласный, а не согласный."
moss_v15,it_gem__sete_sette__sette,it_gem,it,accent,0.941,paolo,choice,1 одинарная | 2 двойная,2,0,0,"Ответ: ноль. В записи слышен только монотонный гул, поэтому различить среднее слово и наличие в нём удвоенной согласной невозможно."
piper,it_gem__caro_carro__carro,it_gem,it,accent,0.0,paolo,choice,1 одинарная | 2 двойная,2,,,[ошибка: received 1007 (invalid frame payload data) Precondition check failed.; then sent 1007 (invalid frame payload data) Precondition check failed.]
moss_v15,it_gem__pala_palla__pala,it_gem,it,ipa_len_word,0.0,paolo,choice,1 одинарная | 2 двойная,1,1,1,"Ответ: 1. В среднем слове «pala» все согласные звучат как короткие, удвоения нет."
qwen3_voice,it_gem__papa_pappa__papa,it_gem,it,plain,0.0,paolo,choice,1 одинарная | 2 двойная,1,1,1,"Ответ: 1. Я услышал слово с короткой согласной, без удвоенных звуков."
moss_v10,it_gem__pala_palla__palla,it_gem,it,ipa_len_word,0.529,paolo,choice,1 одинарная | 2 двойная,2,1,0,"Ответ: 1. Я услышал слово «farò», в котором все согласные произносятся как отдельные, короткие звуки, без удвоения."
moss_v15,it_gem__pala_palla__palla,it_gem,it,ipa,0.706,paolo,choice,1 одинарная | 2 двойная,2,2,1,Ответ: 2. В услышанном слове я чётко слышу удвоенную согласную «p».
piper,it_gem__fato_fatto__fatto,it_gem,it,ipa,0.0,paolo,choice,1 одинарная | 2 двойная,2,2,1,Ответ: 2. Я услышал четкое удвоение согласного звука в среднем слове.
kokoro,it_gem__papa_pappa__papa,it_gem,it,ipa_len,0.0,paolo,choice,1 одинарная | 2 двойная,1,1,1,Ответ: 1. В прозвучавшем слове все согласные звуки короткие и одиночные.
moss_v15,it_gem__papa_pappa__pappa,it_gem,it,ipa,0.706,paolo,choice,1 одинарная | 2 двойная,2,2,1,"Ответ: 2. Во втором слове отчётливо слышна долгая, удвоенная согласная ""п""."
piper,it_gem__pala_palla__pala,it_gem,it,accent,0.0,paolo,choice,1 одинарная | 2 двойная,1,1,1,"Ответ: 1. Я услышал слово «parla», в котором все согласные короткие, без удвоения."
moss_v10,it_gem__pala_palla__palla,it_gem,it,ipa_len,0.882,paolo,choice,1 одинарная | 2 двойная,2,2,1,Ответ: 2. Я услышал четкую долгую согласную 'f' в слове.
piper,it_gem__papa_pappa__pappa,it_gem,it,plain,0.059,paolo,choice,1 одинарная | 2 двойная,2,1,0,Ответ: 1. Во втором слове все согласные звучат коротко.
moss_v10,it_gem__nono_nonno__nono,it_gem,it,ipa,0.438,paolo,choice,1 одинарная | 2 двойная,1,1,1,"Ответ: 1. Я услышал, что все согласные в среднем слове произнесены кратко."
qwen3_voice,it_gem__fato_fatto__fatto,it_gem,it,accent,0.0,paolo,choice,1 одинарная | 2 двойная,2,2,1,Ответ: 2. Я услышал чёткую долгую согласную в середине слова.
piper,it_gem__pala_palla__palla,it_gem,it,ipa_len,0.118,paolo,choice,1 одинарная | 2 двойная,2,2,1,"Ответ: 2
В слове отчетливо слышится долгая удвоенная согласная «л»."
moss_v10,it_gem__fato_fatto__fato,it_gem,it,ipa_len_word,0.188,paolo,choice,1 одинарная | 2 двойная,1,2,0,Ответ: 2. В среднем слове отчетливо слышна долгая удвоенная согласная «т».
piper,it_gem__fato_fatto__fatto,it_gem,it,plain,0.0,paolo,choice,1 одинарная | 2 двойная,2,2,1,Ответ: 2. Я услышал отчётливую долгую согласную в среднем слове.
moss_v10,it_gem__fato_fatto__fato,it_gem,it,ipa_word,0.562,paolo,choice,1 одинарная | 2 двойная,1,2,0,Ответ: 2. Я услышал отчетливую долгую согласную в середине слова.
moss_v15,it_gem__fato_fatto__fato,it_gem,it,ipa_word,0.062,paolo,choice,1 одинарная | 2 двойная,1,2,0,Ответ: 2. В среднем слове чётко слышится долгая согласная «тт».
moss_v15,it_gem__caro_carro__caro,it_gem,it,ipa_word,0.0,paolo,choice,1 одинарная | 2 двойная,1,1,1,"Ответ: 1. В среднем слове «caro» я услышал только короткие согласные, без удвоения."
moss_v10,it_gem__sete_sette__sete,it_gem,it,plain,0.0,paolo,choice,1 одинарная | 2 двойная,1,2,0,Ответ: 2. В слове «sette» отчетливо слышится долгая согласная «т».
moss_v10,it_gem__caro_carro__carro,it_gem,it,accent,0.176,paolo,choice,1 одинарная | 2 двойная,2,1,0,"Ответ: 1. Я услышал, что все согласные в слове короткие."
moss_v15,it_gem__capello_cappello__cappello,it_gem,it,ipa,0.35,paolo,choice,1 одинарная | 2 двойная,2,1,0,"Ответ: 1. Во втором слове все согласные звучат коротко, удвоения нет."
moss_v15,it_gem__fato_fatto__fato,it_gem,it,ipa_len_word,0.0,paolo,choice,1 одинарная | 2 двойная,1,2,0,Ответ: 2. Я услышал отчетливо долгую согласную в слове «fatto».
moss_v10,it_gem__fato_fatto__fatto,it_gem,it,plain,0.0,paolo,choice,1 одинарная | 2 двойная,2,2,1,Ответ: 2. В среднем слове чётко слышна долгая удвоенная согласная «тт».
moss_v15,it_gem__capello_cappello__capello,it_gem,it,ipa_len_word,0.053,paolo,choice,1 одинарная | 2 двойная,1,1,1,Ответ: 1. Я услышал слово «Capello» с короткой согласной.
qwen3_voice,it_gem__fato_fatto__fato,it_gem,it,plain,0.062,paolo,choice,1 одинарная | 2 двойная,1,2,0,"Ответ: 2. Я услышал, что в среднем слове согласный звук произносится как долгий."
moss_v10,it_gem__pala_palla__palla,it_gem,it,ipa,0.765,paolo,choice,1 одинарная | 2 двойная,2,1,0,"Ответ: 1. Я услышал слово «frate», в котором все согласные короткие."
moss_v15,it_gem__fato_fatto__fatto,it_gem,it,ipa_word,0.118,paolo,choice,1 одинарная | 2 двойная,2,2,1,Ответ: 2. Я услышал отчетливое удлинение согласного звука 'т'.
piper,it_gem__nono_nonno__nonno,it_gem,it,ipa_len,0.059,paolo,choice,1 одинарная | 2 двойная,2,1,0,"Ответ: 1. В среднем слове фразы все согласные звучат коротко, без удвоения."
kokoro,it_gem__papa_pappa__pappa,it_gem,it,accent,0.059,paolo,choice,1 одинарная | 2 двойная,2,1,0,"Ответ: 1. Я услышал, что в слове ""papà"" все согласные произнесены коротко, без удвоения."
qwen3_voice,it_gem__nono_nonno__nonno,it_gem,it,accent,0.0,paolo,choice,1 одинарная | 2 двойная,2,,,[ошибка: received 1007 (invalid frame payload data) Precondition check failed.; then sent 1007 (invalid frame payload data) Precondition check failed.]
moss_v15,it_gem__pala_palla__pala,it_gem,it,ipa_len,0.875,paolo,choice,1 одинарная | 2 двойная,1,1,1,"Ответ: 1. Я услышал, что в среднем слове все согласные звучат коротко, без удвоения."
piper,it_gem__capello_cappello__capello,it_gem,it,ipa,0.053,paolo,choice,1 одинарная | 2 двойная,1,,,[ошибка: received 1011 (internal error) Quota exceeded for quota metric 'API requests' and limit 'Request limit per minute for a region' of service 'generativelang; then sent 1011 (internal error) Quota exceeded for quota metric 'API requests' and limit 'Request limit per minute for a region' of service 'gen]
kokoro,it_gem__nono_nonno__nono,it_gem,it,plain,0.0,paolo,choice,1 одинарная | 2 двойная,1,1,1,"Ответ: 1. Я услышал словосочетание ""non ho"", где все согласные произносятся кратко."
moss_v15,it_gem__nono_nonno__nonno,it_gem,it,ipa_word,0.0,paolo,choice,1 одинарная | 2 двойная,2,2,1,Ответ: 2. Я услышал отчетливое удлинение согласного звука «н» в слове «nonno».
moss_v10,it_gem__papa_pappa__papa,it_gem,it,ipa_word,0.562,paolo,choice,1 одинарная | 2 двойная,1,2,0,Ответ: 2. Я услышал отчетливую длинную согласную в среднем слове.
moss_v15,it_gem__sete_sette__sette,it_gem,it,ipa_len,1.294,paolo,choice,1 одинарная | 2 двойная,2,2,1,"Ответ: 2. В среднем слове я отчётливо слышу двойную согласную, которая произносится долго."
magpie,it_gem__papa_pappa__papa,it_gem,it,plain,0.0,paolo,choice,1 одинарная | 2 двойная,1,1,1,"Ответ: 1. Я услышал слово «papà», в котором все согласные звучат коротко."
piper,it_gem__capello_cappello__capello,it_gem,it,accent,0.0,paolo,choice,1 одинарная | 2 двойная,1,2,0,Ответ: 2. В середине слова отчетливо слышна долгая согласная «п».
piper,it_gem__caro_carro__carro,it_gem,it,ipa_len,0.059,paolo,choice,1 одинарная | 2 двойная,2,1,0,Ответ: 1. Во фразе прозвучало слово «caro» с короткой одиночной согласной.
moss_v10,it_gem__pala_palla__pala,it_gem,it,ipa_len,0.938,paolo,choice,1 одинарная | 2 двойная,1,2,0,"Ответ: 2. Я услышал, что в среднем слове есть отчетливый долгий согласный звук."
moss_v15,it_gem__pala_palla__palla,it_gem,it,ipa_len_word,0.059,paolo,choice,1 одинарная | 2 двойная,2,1,0,"Ответ: 1. Я услышал, что все согласные звуки в слове короткие, без удвоения."
magpie,it_gem__pala_palla__pala,it_gem,it,plain,0.188,paolo,choice,1 одинарная | 2 двойная,1,1,1,"Ответ: 1. Во втором слове все согласные звучат коротко, без удлинения."
moss_v15,it_gem__sete_sette__sete,it_gem,it,ipa_len,0.562,paolo,choice,1 одинарная | 2 двойная,1,2,0,"Ответ: 2. Во втором слове я отчётливо услышал долгую согласную, как в слове «sette»."
kokoro,it_gem__capello_cappello__cappello,it_gem,it,plain,0.0,paolo,choice,1 одинарная | 2 двойная,2,2,1,Ответ: 2. Я услышал четкое удвоение согласного звука 'п' в слове.
qwen3_voice,it_gem__nono_nonno__nono,it_gem,it,plain,0.062,paolo,choice,1 одинарная | 2 двойная,1,1,1,Ответ: 1. В среднем слове я отчётливо слышу только короткие согласные звуки.
piper,it_gem__nono_nonno__nono,it_gem,it,accent,0.062,paolo,choice,1 одинарная | 2 двойная,1,1,1,"Ответ: 1. В среднем слове «non» все согласные звучат коротко, удвоения нет."
moss_v15,it_gem__papa_pappa__papa,it_gem,it,plain,0.312,paolo,choice,1 одинарная | 2 двойная,1,1,1,"Ответ: 1. Я услышал слово ""papa"" с короткими согласными звуками ""п""."
moss_v10,it_gem__caro_carro__caro,it_gem,it,ipa_word,0.375,paolo,choice,1 одинарная | 2 двойная,1,2,0,Ответ: 2. Я услышал отчетливое удвоение согласной в среднем слове.
moss_v15,it_gem__capello_cappello__cappello,it_gem,it,accent,0.0,paolo,choice,1 одинарная | 2 двойная,2,,,[ошибка: received 1007 (invalid frame payload data) Precondition check failed.; then sent 1007 (invalid frame payload data) Precondition check failed.]
piper,it_gem__papa_pappa__papa,it_gem,it,ipa,0.0,paolo,choice,1 одинарная | 2 двойная,1,1,1,Ответ: 1. В среднем слове «papà» все согласные произносятся как одиночные и короткие.
moss_v10,it_gem__fato_fatto__fato,it_gem,it,plain,0.062,paolo,choice,1 одинарная | 2 двойная,1,2,0,Ответ: 2. В слове «fatto» отчетливо слышна долгая согласная «т».
kokoro,it_gem__nono_nonno__nonno,it_gem,it,accent,0.0,paolo,choice,1 одинарная | 2 двойная,2,2,1,Ответ: 2. В среднем слове я чётко услышал долгий согласный звук [n].
kokoro,it_gem__fato_fatto__fato,it_gem,it,ipa_len,0.062,paolo,choice,1 одинарная | 2 двойная,1,2,0,Ответ: 2. В среднем слове чётко слышна удвоенная согласная.
moss_v10,it_gem__sete_sette__sete,it_gem,it,ipa_len,1.375,paolo,choice,1 одинарная | 2 двойная,1,2,0,Ответ: 2. Я услышал долгое удвоенное согласное в середине слова.
magpie,it_gem__fato_fatto__fato,it_gem,it,accent,0.062,paolo,choice,1 одинарная | 2 двойная,1,2,0,"Ответ: 2. В среднем слове отчётливо слышится долгое, удвоенное произношение согласного звука."
magpie,it_gem__caro_carro__caro,it_gem,it,accent,0.0,paolo,choice,1 одинарная | 2 двойная,1,1,1,"Ответ: 1. В слове, которое я услышал, все согласные короткие."
magpie,it_gem__sete_sette__sete,it_gem,it,accent,0.0,paolo,choice,1 одинарная | 2 двойная,1,1,1,"Ответ: 1. Я услышал слово «sete», где все согласные произносятся как короткие, без удвоения."
magpie,it_gem__fato_fatto__fatto,it_gem,it,plain,0.0,paolo,choice,1 одинарная | 2 двойная,2,2,1,"Ответ: 2. В слове чётко слышна удвоенная согласная ""t""."
kokoro,it_gem__caro_carro__caro,it_gem,it,ipa,0.0,paolo,choice,1 одинарная | 2 двойная,1,1,1,Ответ: 1. Я услышал слово «caro» с одинарной короткой согласной «r».
moss_v10,it_gem__capello_cappello__cappello,it_gem,it,ipa,1.15,paolo,choice,1 одинарная | 2 двойная,2,1,0,"Ответ: 1. В среднем слове ""italiana"" все согласные звучат коротко, удвоения нет."
qwen3_voice,it_gem__nono_nonno__nono,it_gem,it,accent,0.0,paolo,choice,1 одинарная | 2 двойная,1,1,1,Ответ: 1. В среднем слове «nono» все согласные короткие.
moss_v10,it_gem__capello_cappello__cappello,it_gem,it,ipa_len_word,0.2,paolo,choice,1 одинарная | 2 двойная,2,1,0,Ответ: 1. В слове «Capitan» все согласные звучат коротко.
magpie,it_gem__caro_carro__carro,it_gem,it,accent,0.0,paolo,choice,1 одинарная | 2 двойная,2,2,1,"Ответ: 2. В среднем слове отчетливо слышна долгая, удвоенная согласная «р»."
moss_v15,it_gem__pala_palla__pala,it_gem,it,plain,0.562,paolo,choice,1 одинарная | 2 двойная,1,2,0,"Ответ: 2. Я услышал отчетливый, долгий согласный звук в середине слова."
magpie,it_gem__caro_carro__caro,it_gem,it,plain,0.0,paolo,choice,1 одинарная | 2 двойная,1,1,1,Ответ: 1. Я услышал в слове «caro» короткий одинарный звук «r».
moss_v15,it_gem__fato_fatto__fatto,it_gem,it,ipa_len,0.529,paolo,choice,1 одинарная | 2 двойная,2,1,0,"Ответ: 1. Я услышал, что в среднем слове все согласные короткие, без удвоения."
piper,it_gem__pala_palla__pala,it_gem,it,plain,0.0,paolo,choice,1 одинарная | 2 двойная,1,1,1,Ответ: 1. В среднем слове все согласные звучат как короткие.
moss_v10,it_gem__capello_cappello__capello,it_gem,it,plain,0.0,paolo,choice,1 одинарная | 2 двойная,1,2,0,Ответ: 2. Я услышал отчетливую долгую согласную в середине слова.
moss_v10,it_gem__nono_nonno__nonno,it_gem,it,plain,0.118,paolo,choice,1 одинарная | 2 двойная,2,1,0,"Ответ: 1. Я услышал, что в среднем слове «ritorno» все согласные произносятся коротко, без удвоения."
qwen3_voice,it_gem__pala_palla__palla,it_gem,it,accent,0.176,paolo,choice,1 одинарная | 2 двойная,2,2,1,"Ответ: 2. Я услышал, что в слове «palla» буква «l» произносится чётко и долго, как долгая согласная."
kokoro,it_gem__nono_nonno__nono,it_gem,it,ipa_len,0.0,paolo,choice,1 одинарная | 2 двойная,1,2,0,Ответ: 2. Я отчётливо услышал в среднем слове долгую удвоенную согласную «н».
moss_v10,it_gem__pala_palla__pala,it_gem,it,plain,0.0,paolo,choice,1 одинарная | 2 двойная,1,2,0,Ответ: 2. Я чётко услышал долгий согласный звук в середине слова.
moss_v15,it_gem__caro_carro__carro,it_gem,it,accent,0.0,paolo,choice,1 одинарная | 2 двойная,2,2,1,"Ответ: 2. В среднем слове я четко услышал долгий, удвоенный согласный звук «р»."
magpie,it_gem__fato_fatto__fatto,it_gem,it,accent,0.0,paolo,choice,1 одинарная | 2 двойная,2,2,1,Ответ: 2. В среднем слове я отчётливо слышу удвоенную согласную «т».
qwen3_voice,it_gem__caro_carro__caro,it_gem,it,plain,0.0,paolo,choice,1 одинарная | 2 двойная,1,1,1,"Ответ: 1. В среднем слове «caro» согласный звук «r» произносится как короткий, без удвоения."
piper,it_gem__caro_carro__caro,it_gem,it,ipa_len,0.0,paolo,choice,1 одинарная | 2 двойная,1,1,1,"Ответ: 1. Я услышал слово с короткой согласной, без удвоения."
moss_v10,it_gem__fato_fatto__fato,it_gem,it,ipa,0.812,paolo,choice,1 одинарная | 2 двойная,1,2,0,"Ответ: 2. Я услышал, что в среднем слове согласный звук чётко удвоен."
kokoro,it_gem__fato_fatto__fatto,it_gem,it,ipa,0.0,paolo,choice,1 одинарная | 2 двойная,2,2,1,Ответ: 2. В середине фразы чётко слышится долгая согласная в слове «fatto».
moss_v15,it_gem__caro_carro__carro,it_gem,it,ipa,0.882,paolo,choice,1 одинарная | 2 двойная,2,2,1,Ответ: 2. В слове «correre» я чётко слышу долгую удвоенную согласную «rr».
kokoro,it_gem__fato_fatto__fatto,it_gem,it,accent,0.0,paolo,choice,1 одинарная | 2 двойная,2,2,1,Ответ: 2. Я услышал четкую долгую согласную «т» в середине слова.
qwen3_voice,it_gem__pala_palla__pala,it_gem,it,accent,0.0,paolo,choice,1 одинарная | 2 двойная,1,,,[ошибка: received 1011 (internal error) Quota exceeded for quota metric 'API requests' and limit 'Request limit per minute for a region' of service 'generativelang; then sent 1011 (internal error) Quota exceeded for quota metric 'API requests' and limit 'Request limit per minute for a region' of service 'gen]
qwen3_voice,it_gem__caro_carro__carro,it_gem,it,accent,0.0,paolo,choice,1 одинарная | 2 двойная,2,2,1,"Ответ: 2. В слове отчётливо слышна долгая удвоенная согласная ""р""."
moss_v10,it_gem__pala_palla__pala,it_gem,it,ipa,0.375,paolo,choice,1 одинарная | 2 двойная,1,1,1,"Ответ: 1. В среднем слове «per» все согласные звучат коротко, удвоения нет."
qwen3_voice,it_gem__fato_fatto__fatto,it_gem,it,plain,0.0,paolo,choice,1 одинарная | 2 двойная,2,2,1,Ответ: 2. Я услышал отчетливое удлинение согласного звука «т» в слове.
piper,it_gem__nono_nonno__nonno,it_gem,it,plain,0.0,paolo,choice,1 одинарная | 2 двойная,2,1,0,"Ответ: 1. В среднем слове «non» я отчетливо слышу одиночные, короткие согласные звуки."
moss_v15,it_gem__caro_carro__caro,it_gem,it,ipa,0.438,paolo,choice,1 одинарная | 2 двойная,1,1,1,"Ответ: 1. В среднем слове «caro» все согласные звучат как короткие, без удвоения."
moss_v15,it_gem__fato_fatto__fatto,it_gem,it,ipa_len_word,0.353,paolo,choice,1 одинарная | 2 двойная,2,1,0,"Ответ: 1. Я услышал, что все согласные в среднем слове произнесены коротко, без удвоения."
moss_v15,ru__zamok_lock,ru,ru,plain,0.0,paolo,choice,"слог, слово 3",2,2,1,"Ответ: 2. В слове, идущем третьим, ударным звучит второй слог."
piper,ru__muka_pain,ru,ru,ipa,0.0,paolo,choice,"слог, слово 4",1,2,0,"Ответ: 2. Я услышал, что ударение падает на второй слог в слове «мука»."
moss_v10,it_gem__capello_cappello__cappello,it_gem,it,accent,0.1,paolo,choice,1 одинарная | 2 двойная,2,,,[ошибка: received 1007 (invalid frame payload data) Precondition check failed.; then sent 1007 (invalid frame payload data) Precondition check failed.]
moss_v15,ru__muka_flour,ru,ru,plain,0.0,paolo,choice,"слог, слово 2",2,2,1,Ответ: 2. В слове «муку» ударение падает на второй слог.
moss_v15,ru__phrase,ru,ru,plain,0.017,paolo,rate,,,5,,"Оценка: 5. Ошибок произношения, проблем с ударениями или акцентом не выявлено. Речь звучит абсолютно естественно."
qwen3_clone,ru__muka_flour,ru,ru,plain,0.0,paolo,choice,"слог, слово 2",2,2,1,Ответ: 2. Слово «муку» произнесено с ударением на втором слоге.
moss_v10,ru__zamok_lock,ru,ru,ipa_word,0.375,paolo,choice,"слог, слово 3",2,2,1,"Ответ: 2. Я услышал слово «зачетка», в котором ударение падает на второй слог."
moss_v15,ru__zamok_lock,ru,ru,ipa_word,0.312,paolo,choice,"слог, слово 3",2,3,0,"Ответ: 3. Я услышал, что в третьем слове ударение падает на последний слог."
moss_v15,ru__zamok_lock,ru,ru,clone,0.0,paolo,choice,"слог, слово 3",2,1,0,"Ответ: 1. Я услышал, что в третьем слове ударным является первый слог."
piper,ru__muka_flour,ru,ru,accent,0.105,paolo,choice,"слог, слово 2",2,2,1,"Ответ: 2. Я услышал, что во втором слове ударение падает на второй слог."
moss_v15,ru__muka_pain,ru,ru,plain,0.0,paolo,choice,"слог, слово 4",1,2,0,"Ответ: 2. Я услышал, что в слове ""мука"" ударным является второй слог."
piper,ru__phrase,ru,ru,plain,0.0,paolo,rate,,,5,,"Оценка: 5. Произношение отличное, ударения на своих местах, интонация естественная, акцент практически незаметен. Звучит гладко и понятно."
qwen3_voice,ru__zamok_lock,ru,ru,accent,0.125,paolo,choice,"слог, слово 3",2,1,0,"Ответ: 1. Я услышал, что ударение в третьем слове падает на первый слог."
moss_v10,ru__zamok_castle,ru,ru,accent,0.0,paolo,choice,"слог, слово 3",1,2,0,"Ответ: 2. Я услышал, что в слове номер три ударение падает на второй слог."
qwen3_clone,ru__muka_pain,ru,ru,accent,0.043,paolo,choice,"слог, слово 4",1,2,0,Ответ: 2. Ударение в четвёртом слове падает на второй слог.
moss_v15,ru__plachu_pay,ru,ru,plain,0.0,paolo,choice,"слог, слово 2",2,3,0,"Ответ: 3. Я услышал, что ударение в слове падает на третий слог."
moss_v10,ru__muka_flour,ru,ru,accent,0.053,paolo,choice,"слог, слово 2",2,2,1,"Ответ: 2. Я услышал, что ударение падает на второй слог в слове «муку»."
piper,ru__plachu_pay,ru,ru,plain,0.0,paolo,choice,"слог, слово 2",2,1,0,"Ответ: 1. Я услышал, что в слове «плачу» ударным является самый первый слог."
moss_v15,ru__zamok_lock,ru,ru,accent,0.0,paolo,choice,"слог, слово 3",2,1,0,"Ответ: 1. В третьем слове ударным является первый слог, так как голос отчетливо выделяет звук «а» в начале этого слова."
moss_v10,ru__muka_flour,ru,ru,clone,0.158,paolo,choice,"слог, слово 2",2,2,1,"Ответ: 2. В слове ""муку"" ударение падает на второй слог."
moss_v15,it_gem__fato_fatto__fato,it_gem,it,ipa,0.375,paolo,choice,1 одинарная | 2 двойная,1,,,[ошибка: received 1011 (internal error) Quota exceeded for quota metric 'API requests' and limit 'Request limit per minute for a region' of service 'generativelang; then sent 1011 (internal error) Quota exceeded for quota metric 'API requests' and limit 'Request limit per minute for a region' of service 'gen]
qwen3_clone,ru__plachu_pay,ru,ru,accent,0.133,paolo,choice,"слог, слово 2",2,1,0,Ответ: 1. В слове номер два ударение падает на первый слог.
qwen3_voice,ru__plachu_pay,ru,ru,plain,0.0,paolo,choice,"слог, слово 2",2,1,0,"Ответ: 1. Я услышал, что в слове «плачу» ударение падает на первый слог."
moss_v15,ru__muka_flour,ru,ru,ipa_word,0.0,paolo,choice,"слог, слово 2",2,2,1,"Ответ: 2. Я услышал, что во втором слове ударение падает на второй слог."
moss_v15,ru__plachu_cry,ru,ru,clone,0.0,paolo,choice,"слог, слово 2",1,1,1,"Ответ: 1. Я услышал, что в слове «плачу» ударение падает на первый слог."
moss_v15,ru__muka_pain,ru,ru,clone,0.0,paolo,choice,"слог, слово 4",1,2,0,"Ответ: 2. Я услышал, что ударение в четвёртом слове падает на второй слог."
moss_v10,ru__muka_pain,ru,ru,ipa_word,0.087,paolo,choice,"слог, слово 4",1,1,1,"Ответ: 1
Я услышал, что в слове ""шмука"" ударным является первый слог."
qwen3_clone,ru__muka_pain,ru,ru,plain,0.0,paolo,choice,"слог, слово 4",1,2,0,Ответ: 2. В слове номер четыре я четко услышал ударение на втором слоге.
piper,ru__zamok_lock,ru,ru,accent,0.0,paolo,choice,"слог, слово 3",2,1,0,"Ответ: 1. Я услышал, что ударение в слове падает на первый слог."
qwen3_clone,ru__plachu_cry,ru,ru,accent,0.067,paolo,choice,"слог, слово 2",1,1,1,"Ответ: 1. Я услышал, что ударение в слове «плачу» падает на первый слог."
qwen3_clone,ru__plachu_cry,ru,ru,plain,0.0,paolo,choice,"слог, слово 2",1,1,1,"Ответ: 1. Я услышал, что в слове номер два ударным является первый слог."
moss_v10,ru__plachu_cry,ru,ru,clone,0.0,paolo,choice,"слог, слово 2",1,1,1,"Ответ: 1. Я услышал, что ударение падает на первый слог в слове «плачу»."
qwen3_voice,ru__plachu_cry,ru,ru,accent,0.0,paolo,choice,"слог, слово 2",1,1,1,"Ответ: 1. Я услышал, что в слове «плачу» ударение падает на первый слог."
piper,ru__zamok_lock,ru,ru,ipa,0.0,paolo,choice,"слог, слово 3",2,1,0,Ответ: 1. Я услышал ударение на первом слоге в слове «замок».
qwen3_clone,ru__zamok_lock,ru,ru,accent,0.125,paolo,choice,"слог, слово 3",2,3,0,"Ответ: 3. Я услышал, что в слове «замаюх» ударным является третий слог."
moss_v15,ru__zamok_castle,ru,ru,ipa_word,0.0,paolo,choice,"слог, слово 3",1,1,1,Ответ: 1. В слове «замок» чётко слышно ударение на первом слоге.
qwen3_voice,ru__muka_pain,ru,ru,plain,0.0,paolo,choice,"слог, слово 4",1,2,0,Ответ: 2. В четвёртом слове фразы ударным является второй слог.
qwen3_voice,ru__zamok_lock,ru,ru,plain,0.125,paolo,choice,"слог, слово 3",2,1,0,Ответ: 1. Я услышал ударение на первый слог в слове «замок».
moss_v15,ru__plachu_cry,ru,ru,plain,0.0,paolo,choice,"слог, слово 2",1,1,1,"Ответ: 1. Я услышал, что ударение падает на первый слог в слове «плачу»."
moss_v15,ru__plachu_pay,ru,ru,ipa_word,1.0,paolo,choice,"слог, слово 2",2,1,0,"Ответ: 1. Ударение падает на первый слог в слове «плачу», что звучит отчётливо."
qwen3_voice,ru__plachu_pay,ru,ru,accent,0.0,paolo,choice,"слог, слово 2",2,1,0,"Ответ: 1. Я услышал, что ударение падает на первый слог в слове «плачу»."
qwen3_clone,ru__zamok_castle,ru,ru,accent,0.062,paolo,choice,"слог, слово 3",1,2,0,"Ответ: 2. Я услышал, что во второй слог слова падает основное ударение при произношении."
qwen3_clone,ru__plachu_pay,ru,ru,plain,0.0,paolo,choice,"слог, слово 2",2,1,0,"Ответ: 1. Я услышал, что в слове «плачу» ударным является первый слог."
qwen3_voice,ru__muka_flour,ru,ru,accent,0.0,paolo,choice,"слог, слово 2",2,2,1,"Ответ: 2. Я услышал, что во втором слоге слова ""муку"" ударение падает на гласную ""у""."
moss_v15,ru__zamok_castle,ru,ru,accent,0.0,paolo,choice,"слог, слово 3",1,2,0,"Ответ: 2. Я услышал, что в третьем слове ударение падает на второй слог."
moss_v10,ru__muka_pain,ru,ru,clone,0.0,paolo,choice,"слог, слово 4",1,2,0,"Ответ: 2. Я услышал, что в слове номер четыре ударным является второй слог."
moss_v15,ru__muka_pain,ru,ru,accent,0.0,paolo,choice,"слог, слово 4",1,3,0,"Ответ: 3. Я услышал, что в четвёртом слове ударение падает на третий слог."
piper,ru__zamok_lock,ru,ru,plain,0.0,paolo,choice,"слог, слово 3",2,2,1,"Ответ: 2. Я услышал, что ударение падает на второй слог в слове «замок»."
moss_v10,ru__plachu_pay,ru,ru,clone,3.067,paolo,choice,"слог, слово 2",2,2,1,"Ответ: 2. Я услышал слово «внутри», в котором ударение падает на второй слог."
moss_v10,ru__muka_pain,ru,ru,accent,0.0,paolo,choice,"слог, слово 4",1,,,[ошибка: received 1011 (internal error) Quota exceeded for quota metric 'API requests' and limit 'Request limit per minute for a region' of service 'generativelang; then sent 1011 (internal error) Quota exceeded for quota metric 'API requests' and limit 'Request limit per minute for a region' of service 'gen]
moss_v10,ru__phrase,ru,ru,plain,0.0,paolo,rate,,,5,,"Оценка: 5. Звучит очень естественно, интонации и ударения на месте, акцент практически отсутствует. Отличная работа!"
piper,ru__plachu_cry,ru,ru,accent,0.0,paolo,choice,"слог, слово 2",1,1,1,Ответ: 1. Во втором слове ударение падает на первый слог.
moss_v15,ru__muka_flour,ru,ru,clone,0.0,paolo,choice,"слог, слово 2",2,,,[ошибка: received 1007 (invalid frame payload data) Precondition check failed.; then sent 1007 (invalid frame payload data) Precondition check failed.]
piper,ru__zamok_castle,ru,ru,accent,0.0,paolo,choice,"слог, слово 3",1,2,0,"Ответ: 2. Я услышал, что в третьем слове фразы ударным является второй слог."
moss_v10,ru__phrase,ru,ru,clone,0.0,paolo,rate,,,5,,"Оценка: 5. Ошибок произношения или акцента нет, звучит очень естественно."
moss_v10,ru__plachu_cry,ru,ru,plain,0.0,paolo,choice,"слог, слово 2",1,1,1,"Ответ: 1. Я услышал, что в слове «плачу» ударение падает на первый слог."
moss_v15,ru__phrase,ru,ru,clone,0.017,paolo,rate,,,5,,"Оценка: 5. Ошибок нет, интонация и ударения естественные, звучит как живая речь."
piper,ru__muka_pain,ru,ru,plain,0.0,paolo,choice,"слог, слово 4",1,2,0,Ответ: 2. В слове «мука» ударение падает на второй слог.
moss_v10,ru__muka_flour,ru,ru,plain,0.0,paolo,choice,"слог, слово 2",2,2,1,"Ответ: 2. Я услышал, что в слове «муку» ударение падает на второй слог."
qwen3_voice,ru__muka_pain,ru,ru,accent,0.043,paolo,choice,"слог, слово 4",1,1,1,Ответ: 1. Слог «муй» в слове «муйка» звучит как ударный.
moss_v10,ru__plachu_pay,ru,ru,ipa_word,0.6,paolo,choice,"слог, слово 2",2,1,0,Ответ: 1. В слове номер два я услышал ударение на первом слоге.
moss_v10,ru__zamok_castle,ru,ru,plain,0.312,paolo,choice,"слог, слово 3",1,0,0,"Ответ: ноль. В записи очень сложно различить границы слов, из-за чего я не могу точно определить ударный слог в третьем слове."
moss_v10,ru__plachu_cry,ru,ru,ipa_word,0.267,paolo,choice,"слог, слово 2",1,1,1,Ответ: 1. В слове «плачу» ударным является первый слог.
moss_v15,ru__plachu_cry,ru,ru,accent,0.0,paolo,choice,"слог, слово 2",1,1,1,"Ответ: 1. Я услышал, что в слове «плачу» ударение падает на первый слог."
moss_v15,ru__plachu_pay,ru,ru,clone,0.0,paolo,choice,"слог, слово 2",2,1,0,"Ответ: 1. Я услышал, что ударение падает на первый слог в слове «плачу»."
moss_v10,ru__zamok_castle,ru,ru,clone,0.0,paolo,choice,"слог, слово 3",1,2,0,Ответ: 2. В слове «замок» ударение падает на второй слог.
piper,ru__zamok_castle,ru,ru,plain,0.0,paolo,choice,"слог, слово 3",1,1,1,"Ответ: 1. Я услышал, что ударение в третьем слове падает на первый слог."
moss_v10,ru__zamok_lock,ru,ru,clone,0.0,paolo,choice,"слог, слово 3",2,1,0,Ответ: 1. В третьем слове фразы ударение падает на первый слог.
moss_v10,ru__plachu_cry,ru,ru,accent,0.0,paolo,choice,"слог, слово 2",1,1,1,"Ответ: 1. Я услышал, что в слове «плачу» ударение падает на первый слог."
moss_v15,ru__zamok_castle,ru,ru,plain,0.0,paolo,choice,"слог, слово 3",1,1,1,Ответ: 1. В слове «замок» ударным является первый слог.
qwen3_voice,ru__zamok_castle,ru,ru,accent,0.062,paolo,choice,"слог, слово 3",1,2,0,"Ответ: 2. Я услышал, что в слове «заём» ударным является второй слог."
moss_v15,ru__plachu_cry,ru,ru,ipa_word,0.233,paolo,choice,"слог, слово 2",1,1,1,"Ответ: 1. Я услышал, что в слове ""плачу"" ударение падает на первый слог."
moss_v10,ru__muka_flour,ru,ru,ipa_word,0.105,paolo,choice,"слог, слово 2",2,2,1,"Ответ: 2. Я услышал, что в слове ""морковь"" ударение падает на второй слог."
piper,ru__muka_flour,ru,ru,plain,0.053,paolo,choice,"слог, слово 2",2,2,1,"Ответ: 2. Я услышал, что ударение в слове «муку» падает на второй слог."
qwen3_voice,ru__zamok_castle,ru,ru,plain,0.0,paolo,choice,"слог, слово 3",1,1,1,Ответ: 1. В слове «замок» ударение отчетливо падает на первый слог.
moss_v15,ru__plachu_pay,ru,ru,accent,0.0,paolo,choice,"слог, слово 2",2,1,0,"Ответ: 1. Я услышал, что во втором слове ударным является первый слог."
moss_v15,ru__muka_flour,ru,ru,accent,0.0,paolo,choice,"слог, слово 2",2,2,1,Ответ: 2. В слове «муку» я отчетливо слышу ударение на втором слоге.
qwen3_clone,ru__zamok_lock,ru,ru,plain,0.0,paolo,choice,"слог, слово 3",2,2,1,Ответ: 2. В слове «замок» ударным является второй слог.
piper,ru__muka_pain,ru,ru,accent,0.0,paolo,choice,"слог, слово 4",1,3,0,"Ответ: 3. Я услышал, что ударение падает на второй слог в слове ""мука""."
moss_v10,ru__plachu_pay,ru,ru,accent,0.0,paolo,choice,"слог, слово 2",2,2,1,"Ответ: 2
Я услышал, что ударение падает на второй слог в слове «плачу»."
piper,ru__plachu_cry,ru,ru,plain,0.0,paolo,choice,"слог, слово 2",1,1,1,"Ответ: 1. Я услышал, что в слове «плачу» ударение падает на первый слог."
moss_v10,ru__plachu_pay,ru,ru,plain,0.0,paolo,choice,"слог, слово 2",2,1,0,Ответ: 1. Во втором слове ударным является первый слог.
piper,ru__muka_flour,ru,ru,ipa,0.0,paolo,choice,"слог, слово 2",2,2,1,"Ответ: 2. Я услышал, что ударение падает на второй слог в слове «муку»."
qwen3_voice,ru__muka_flour,ru,ru,plain,0.0,paolo,choice,"слог, слово 2",2,2,1,Ответ: 2. Я услышал ударение на втором слоге в слове «муку».
piper,ru__plachu_pay,ru,ru,ipa,0.0,paolo,choice,"слог, слово 2",2,1,0,Ответ: 1. В прослушанном слове «плачу» ударение падает на первый слог.
qwen3_clone,ru__muka_flour,ru,ru,accent,0.053,paolo,choice,"слог, слово 2",2,2,1,Ответ: 2. В слове «муку» я услышал ударение на втором слоге.
qwen3_clone,ru__zamok_castle,ru,ru,plain,0.0,paolo,choice,"слог, слово 3",1,2,0,"Ответ: 2. Я услышал, что в третьем слове ударным является второй слог."
piper,ru__plachu_cry,ru,ru,ipa,0.067,paolo,choice,"слог, слово 2",1,1,1,"Ответ: 1. Я услышал, что ударение в слове «плачу» падает на первый слог."
moss_v15,ru__zamok_castle,ru,ru,clone,0.0,paolo,choice,"слог, слово 3",1,1,1,"Ответ: 1. Я услышал, что ударение в третьем слове падает на первый слог."
moss_v10,ru__zamok_lock,ru,ru,plain,0.0,paolo,choice,"слог, слово 3",2,1,0,"Ответ: 1. Я услышал, что ударение в третьем слове падает на первый слог."
piper,ru__zamok_castle,ru,ru,ipa,0.0,paolo,choice,"слог, слово 3",1,2,0,Ответ: 2. В слове «экзамен» ударение падает на второй слог.
qwen3_voice,ru__phrase,ru,ru,plain,0.0,paolo,rate,,,5,,"Оценка: 5. Произношение идеальное, ударения на месте, интонация естественная. Ошибок нет."
moss_v10,ru__muka_pain,ru,ru,plain,0.0,paolo,choice,"слог, слово 4",1,,,[ошибка: received 1011 (internal error) Quota exceeded for quota metric 'API requests' and limit 'Request limit per minute for a region' of service 'generativelang; then sent 1011 (internal error) Quota exceeded for quota metric 'API requests' and limit 'Request limit per minute for a region' of service 'gen]
piper,ru__plachu_pay,ru,ru,accent,0.0,paolo,choice,"слог, слово 2",2,1,0,"Ответ: 1
Я услышал, что ударение в слове «плачу» падает на первый слог."
moss_v15,ru__muka_pain,ru,ru,ipa_word,0.043,paolo,choice,"слог, слово 4",1,2,0,"Ответ: 2. Ударение во втором слоге слова, которое звучит как ""мока""."
qwen3_voice,ru__plachu_cry,ru,ru,plain,0.0,paolo,choice,"слог, слово 2",1,1,1,Ответ: 1. Я услышал ударение на первом слоге в слове «плачу».
qwen3_clone,ru__phrase,ru,ru,plain,0.0,paolo,rate,,,5,,"Оценка: 5.

Звучит очень естественно, ударения и интонация правильные, акцента практически нет. Отличная работа синтезатора!"
moss_v10,ru__zamok_castle,ru,ru,ipa_word,0.125,paolo,choice,"слог, слово 3",1,2,0,"Ответ: 2. Я услышал, что в слове «жамак» ударение падает на второй слог."
moss_v15,it_a1__09,it_a1,it,plain,0.0,paolo,rate,,,5,,"Оценка: 5. Звучит очень естественно, ударения и звуки правильные, почти как у носителя."
moss_v15,it_a1__05,it_a1,it,accent,0.0,paolo,rate,,,5,,"Оценка: 5. Произношение идеальное, интонация и звуки как у носителя, ошибок нет."
magpie,it_a1__05,it_a1,it,accent,0.0,paolo,rate,,,5,,"Оценка: 5. Произношение отличное, все звуки и ударения на своих местах, звучит естественно!"
qwen3_voice,it_a1__01,it_a1,it,accent,0.0,paolo,rate,,,4,,"Оценка: 4. Произношение хорошее и звучит понятно, но есть небольшие огрехи в ритме и интонации, характерные для синтезатора."
piper,it_a1__09,it_a1,it,plain,0.0,paolo,rate,,,5,,"Оценка: 5. Произношение отличное, естественная интонация и правильное ударение во всех словах. Звучит как речь носителя."
moss_v10,it_a1__03,it_a1,it,accent,0.0,paolo,rate,,,5,,"Оценка: 5. Произношение отличное, звуки чёткие, ударения на своих местах. Интонация звучит очень естественно."
moss_v10,it_a1__06,it_a1,it,clone,0.25,paolo,rate,,,5,,"Оценка: 5. Произношение очень естественное и правильное, ошибок нет."
kokoro,it_a1__08,it_a1,it,ipa,0.0,paolo,rate,,,5,,"Оценка: 5. Произношение отличное, интонация естественная, ритм и ударения на месте, звучит как речь носителя. Превосходная работа."
moss_v10,it_a1__07,it_a1,it,plain,0.0,paolo,rate,,,5,,"Оценка: 5. Произношение отличное, звучит естественно, ударения и звуки на местах."
moss_v15,it_a1__01,it_a1,it,plain,0.0,paolo,rate,,,5,,"Оценка: 5. Ошибок или сильного акцента нет, звучит очень естественно и правильно."
moss_v10,it_a1__07,it_a1,it,ipa,0.833,paolo,rate,,,2,,"Оценка: 2. В этой записи много ошибок. Вместо «ho già mangiato» звучит невнятное «giare mangiato». В слове «miei» потерян звук «i», а в «amici» слышится твердый звук «k» вместо мягкого «ч»."
kokoro,it_a1__09,it_a1,it,ipa,0.0,paolo,rate,,,5,,"Оценка: 5. Произношение отличное, звучит очень естественно и правильно. Браво!"
kokoro,it_a1__04,it_a1,it,ipa,0.0,paolo,rate,,,5,,"Оценка: 5. Звучит очень естественно, с правильной интонацией и ударениями. Никаких ошибок не заметил."
moss_v10,it_a1__09,it_a1,it,clone,0.0,paolo,rate,,,5,,"Оценка: 5. Произношение отличное, звучит очень естественно и правильно, как у носителя языка."
moss_v15,it_a1__08,it_a1,it,clone,0.0,paolo,rate,,,5,,"Оценка: 5. Произношение отличное, интонация и ударения звучат очень естественно, как у носителя."
moss_v15,it_a1__07,it_a1,it,plain,0.0,paolo,rate,,,5,,"Оценка: 5. Произношение идеальное, звучит как родная речь. Никаких ошибок или акцента."
piper,it_a1__04,it_a1,it,ipa,0.0,paolo,rate,,,5,,"Оценка: 5. Произношение звучит очень естественно, ударения и интонация правильные, акцента практически нет. Отличная работа!"
moss_v15,it_a1__01,it_a1,it,accent,0.0,paolo,rate,,,5,,"Оценка: 5. Произношение отличное, звуки естественные, ударения и интонация звучат как у носителя."
magpie,it_a1__05,it_a1,it,plain,0.0,paolo,rate,,,5,,"Оценка: 5. Произношение звучит очень естественно, все звуки и ударения на своих местах, интонация правильная, как у носителя."
moss_v10,it_a1__08,it_a1,it,accent,0.0,paolo,rate,,,5,,"Оценка: 5. Ошибок нет, произношение звучит очень естественно и правильно. Браво!"
piper,it_a1__02,it_a1,it,accent,0.025,paolo,rate,,,5,,"Оценка: 5. Произношение отличное, звучит очень естественно и ритмично. Ошибок нет."
kokoro,it_a1__06,it_a1,it,accent,0.25,paolo,rate,,,5,,"Оценка: 5. Произношение идеальное, звучит как голос носителя, ошибок нет."
qwen3_voice,it_a1__01,it_a1,it,plain,0.0,paolo,rate,,,5,,"Оценка: 5. Произношение отличное, очень близко к носителю. Звуки «ss» в слове «russa» можно сделать ещё чуть более долгими, но в целом всё звучит прекрасно."
moss_v15,it_a1__03,it_a1,it,plain,0.0,paolo,rate,,,5,,"Оценка: 5. Ошибок нет, интонация и ударения звучат естественно."
moss_v10,it_a1__08,it_a1,it,ipa,0.5,paolo,rate,,,3,,"Оценка: 3. Вместо «Se un turista» получилось нечто вроде «Scanturista», а интонация звучит механически."
qwen3_voice,it_a1__08,it_a1,it,accent,0.0,paolo,rate,,,5,,"Оценка: 5. Произношение отличное, интонация и звуки очень естественные, звучит как речь носителя."
moss_v15,it_a1__04,it_a1,it,clone,0.0,paolo,rate,,,5,,"Оценка: 5. Произношение очень естественное, ударения и интонация звучат как у носителя языка. Ошибок нет."
piper,it_a1__00,it_a1,it,accent,0.0,paolo,rate,,,5,,"Оценка: 5. Произношение отличное, звучит очень естественно, интонация правильная, акцент почти незаметен, как у носителя."
qwen3_clone,it_a1__01,it_a1,it,accent,0.0,paolo,rate,,,5,,"Оценка: 5. Произношение звучит отлично, интонация естественная, все звуки на своих местах."
piper,it_a1__05,it_a1,it,plain,0.057,paolo,rate,,,5,,"Оценка: 5. Произношение идеальное, все ударения и звуки звучат абсолютно естественно для носителя."
magpie,it_a1__08,it_a1,it,plain,0.0,paolo,rate,,,5,,"Оценка: 5. Звучит очень естественно, практически как у носителя, ошибок в произношении и ударениях нет."
moss_v15,it_a1__09,it_a1,it,ipa,0.286,paolo,rate,,,4,,"Оценка: 4. Синтез звучит естественно, но есть небольшие искажения в интонации и артикуляции некоторых гласных, а также акцент в слове ""pioviggina""."
moss_v10,ru__zamok_lock,ru,ru,accent,0.125,paolo,choice,"слог, слово 3",2,,,[ошибка: received 1011 (internal error) Quota exceeded for quota metric 'API requests' and limit 'Request limit per minute for a region' of service 'generativelang; then sent 1011 (internal error) Quota exceeded for quota metric 'API requests' and limit 'Request limit per minute for a region' of service 'gen]
piper,it_a1__06,it_a1,it,plain,0.25,paolo,rate,,,5,,"Оценка: 5. Произношение очень хорошее, звучит естественно, ударения и звуки правильные, хотя ритм немного синтетический."
moss_v15,it_a1__09,it_a1,it,accent,0.0,paolo,rate,,,5,,"Оценка: 5. Произношение отличное, звучит очень естественно, как речь носителя. Ошибок нет."
kokoro,it_a1__06,it_a1,it,ipa,0.25,paolo,rate,,,5,,"Оценка: 5. Произношение отличное, звуки и ритм звучат очень естественно, как у носителя языка. Никаких явных ошибок или акцента я не заметил."
moss_v15,it_a1__03,it_a1,it,accent,0.0,paolo,rate,,,5,,"Оценка: 5. Произношение отличное, все звуки и ударения на своих местах, звучит как речь носителя."
kokoro,it_a1__09,it_a1,it,plain,0.0,paolo,rate,,,5,,"Оценка: 5. Произношение звучит очень естественно и правильно, практически как у носителя языка. Ошибок нет."
magpie,it_a1__09,it_a1,it,plain,0.0,paolo,rate,,,5,,"Оценка: 5. Звучит очень естественно, интонация и звуки переданы отлично."
qwen3_clone,it_a1__04,it_a1,it,plain,0.0,paolo,rate,,,5,,"Оценка: 5. Звучит очень естественно и чисто, ударения на своих местах, акцент практически незаметен. Отличная работа синтезатора."
qwen3_voice,it_a1__04,it_a1,it,plain,0.0,paolo,rate,,,5,,"Оценка: 5. Произношение отличное, очень естественно и практически как у носителя языка."
moss_v10,it_a1__05,it_a1,it,clone,0.0,paolo,rate,,,5,,"Оценка: 5. Произношение практически идеальное, звучит очень естественно, как живая речь носителя языка."
qwen3_clone,it_a1__06,it_a1,it,accent,0.25,paolo,rate,,,5,,"Оценка: 5. Произношение отличное, все ударения и звуки на месте, интонация звучит очень естественно. Отличная работа синтезатора!"
moss_v15,it_a1__06,it_a1,it,plain,0.25,paolo,rate,,,5,,"Оценка: 5. Ошибки: Ошибок нет, произношение очень естественное и близкое к речи носителя языка."
moss_v10,it_a1__02,it_a1,it,plain,0.0,paolo,rate,,,5,,"Оценка: 5. Ошибок нет, звучит естественно и правильно, ритм и интонация как у носителя."
piper,it_a1__00,it_a1,it,plain,0.0,paolo,rate,,,5,,Оценка: 5. Ошибок нет. Произношение звучит очень естественно и практически неотличимо от речи носителя языка.
kokoro,it_a1__05,it_a1,it,accent,0.0,paolo,rate,,,5,,"Оценка: 5. Ошибок нет, произношение звуков и интонация отличные, очень близко к речи носителя."
moss_v15,it_a1__04,it_a1,it,accent,0.0,paolo,rate,,,4,,"Оценка: 4. Звуки произнесены хорошо, но интонация звучит несколько монотонно, не хватает естественной вопросительной мелодики итальянской речи."
moss_v10,it_a1__04,it_a1,it,plain,0.059,paolo,rate,,,5,,"Оценка: 5. Ошибок практически нет, интонация естественная, все ударения и звуки произнесены правильно, как у носителя языка."
moss_v15,it_a1__01,it_a1,it,ipa,0.037,paolo,rate,,,,,[ошибка: received 1007 (invalid frame payload data) Precondition check failed.; then sent 1007 (invalid frame payload data) Precondition check failed.]
magpie,it_a1__04,it_a1,it,plain,0.0,paolo,rate,,,5,,"Оценка: 5. Произношение отличное, интонация очень естественная, звуки на месте. Отличная работа синтезатора!"
qwen3_clone,it_a1__05,it_a1,it,accent,0.0,paolo,rate,,,5,,"Оценка: 5. Произношение отличное, звучит очень естественно, все ударения и звуки на своих местах. Bravissimo!"
qwen3_clone,it_a1__01,it_a1,it,plain,0.0,paolo,rate,,,5,,"Оценка: 5. Звучит очень естественно и правильно, акцент практически отсутствует, интонация правильная."
kokoro,it_a1__00,it_a1,it,ipa,0.0,paolo,rate,,,5,,"Оценка: 5. Ошибок нет, звучит очень естественно и аутентично."
moss_v10,it_a1__09,it_a1,it,ipa,1.229,paolo,rate,,,1,,"Оценка: 1. Это совершенно не похоже на итальянский язык, звуки, ритм и интонация абсолютно не соответствуют итальянской фонетике."
magpie,it_a1__03,it_a1,it,accent,0.0,paolo,rate,,,5,,"Оценка: 5. Произношение отличное, звучит как голос настоящего носителя языка."
kokoro,it_a1__03,it_a1,it,accent,0.0,paolo,rate,,,5,,"Оценка: 5. Произношение очень естественное, ударения и звуки в норме, звучит как родная речь."
moss_v15,it_a1__00,it_a1,it,ipa,0.514,paolo,rate,,,2,,"Оценка: 2. Ошибки: неестественные звуки и сильный акцент, вместо ""e tu"" произнесено ""Lether"", имя произносится с грубыми ошибками."
magpie,it_a1__02,it_a1,it,accent,0.0,paolo,rate,,,5,,"Оценка: 5. Звучит очень естественно и правильно, как настоящий носитель языка. Ошибок в ударении и звуках нет."
qwen3_clone,it_a1__07,it_a1,it,accent,0.0,paolo,rate,,,5,,"Оценка: 5. Произношение отличное, звучит очень естественно и как у носителя языка. Ошибок нет."
qwen3_clone,it_a1__08,it_a1,it,accent,0.0,paolo,rate,,,4,,"Оценка: 4. Произношение хорошее, но интонация звучит немного механически, не хватает естественного ритма и связности слов."
magpie,it_a1__07,it_a1,it,plain,0.0,paolo,rate,,,5,,"Оценка: 5. Звучит очень естественно, интонация и ритм правильные, акцент практически незаметен, все звуки произнесены аутентично."
moss_v15,it_a1__06,it_a1,it,accent,0.25,paolo,rate,,,5,,Оценка: 5. Произношение звучит очень естественно и звучит как речь носителя языка. Ошибок нет.
magpie,it_a1__07,it_a1,it,accent,0.0,paolo,rate,,,5,,"Оценка: 5. Ошибок нет, произношение очень естественное, звучит как речь настоящего итальянца."
qwen3_clone,it_a1__07,it_a1,it,plain,0.0,paolo,rate,,,5,,"Оценка: 5. Ошибок в произношении нет, звучит очень естественно, как речь носителя языка."
qwen3_voice,it_a1__02,it_a1,it,plain,0.0,paolo,rate,,,,,[ошибка: received 1011 (internal error) Quota exceeded for quota metric 'API requests' and limit 'Request limit per minute for a region' of service 'generativelang; then sent 1011 (internal error) Quota exceeded for quota metric 'API requests' and limit 'Request limit per minute for a region' of service 'gen]
moss_v15,it_a1__08,it_a1,it,ipa,0.357,paolo,rate,,,4,,"Оценка: 4. Произношение хорошее, но интонация звучит немного механически, и ритм речи кажется неестественным."
moss_v10,it_a1__09,it_a1,it,accent,0.0,paolo,rate,,,5,,"Оценка: 5. Произношение отличное и очень естественное, ошибок нет."
moss_v10,it_a1__08,it_a1,it,clone,0.0,paolo,rate,,,5,,"Оценка: 5. Звучит очень естественно, все ударения и звуки на своих местах. Прекрасный результат!"
moss_v15,it_a1__02,it_a1,it,ipa,0.325,paolo,rate,,,1,,"Оценка: 1. Речь абсолютно неестественна, ударения почти во всех словах стоят неправильно, а звуки искажены, особенно окончания и фраза ""da bere""."
moss_v15,it_a1__02,it_a1,it,clone,0.0,paolo,rate,,,5,,"Оценка: 5. Произношение отличное, звучит очень естественно и как у носителя языка. Ошибок нет."
moss_v10,it_a1__06,it_a1,it,plain,0.25,paolo,rate,,,5,,"Оценка: 5. Произношение отличное, звучит очень естественно и без явных ошибок."
piper,it_a1__09,it_a1,it,accent,0.0,paolo,rate,,,5,,"Оценка: 5. Звучит очень естественно, интонация и ритм правильные, акцент практически незаметен."
kokoro,it_a1__01,it_a1,it,accent,0.0,paolo,rate,,,5,,"Оценка: 5. Произношение звучит очень естественно, все звуки и ударения на своих местах. Отличная работа!"
magpie,it_a1__03,it_a1,it,plain,0.0,paolo,rate,,,5,,"Оценка: 5. Произношение звучит очень естественно и практически идеально, как у носителя языка."
moss_v10,it_a1__09,it_a1,it,plain,0.0,paolo,rate,,,5,,"Оценка: 5. Звучит очень естественно, ударения и интонация правильные, звуки на месте. Отличная работа."
magpie,it_a1__04,it_a1,it,accent,0.0,paolo,rate,,,,,[ошибка: received 1007 (invalid frame payload data) Precondition check failed.; then sent 1007 (invalid frame payload data) Precondition check failed.]
moss_v15,it_a1__04,it_a1,it,ipa,0.441,paolo,rate,,,2,,"Оценка: 2. Ошибки: монотонная интонация, неправильный ритм и расстановка ударений, сильный синтетический акцент."
moss_v15,it_a1__06,it_a1,it,ipa,0.5,paolo,rate,,,,,[ошибка: received 1007 (invalid frame payload data) Precondition check failed.; then sent 1007 (invalid frame payload data) Precondition check failed.]
magpie,it_a1__09,it_a1,it,accent,0.0,paolo,rate,,,5,,"Оценка: 5. Произношение звучит очень естественно, ударения и интонация правильные. Ошибок нет."
kokoro,it_a1__08,it_a1,it,accent,0.0,paolo,rate,,,5,,"Оценка: 5. Произношение отличное, звучит очень естественно и правильно, как у носителя языка."
moss_v10,it_a1__01,it_a1,it,ipa,1.0,paolo,rate,,,,,"Это не итальянская фраза, это французский: «Tu te souviens de mon cousin». Оценивать итальянское произношение здесь невозможно."
magpie,it_a1__00,it_a1,it,plain,0.0,paolo,rate,,,5,,"Оценка: 5. Отличное произношение, звучит очень естественно, интонация тоже правильная. Здорово!"
kokoro,it_a1__00,it_a1,it,plain,0.0,paolo,rate,,,5,,"Оценка: 5. Произношение отличное, интонация звучит очень естественно, как у носителя. Ошибок нет."
moss_v10,it_a1__00,it_a1,it,clone,0.0,paolo,rate,,,5,,"Оценка: 5. Звучит очень естественно и чисто, как у настоящего итальянца. Нет никаких ошибок в ударениях или звуках. Браво!"
piper,it_a1__06,it_a1,it,ipa,0.25,paolo,rate,,,5,,"Оценка: 5. Произношение звучит очень естественно, интонация и ритм отличные, ошибок нет."
moss_v10,it_a1__05,it_a1,it,plain,0.0,paolo,rate,,,5,,"Оценка: 5. Произношение отличное, ударения и интонация звучат очень естественно, как у носителя языка."
qwen3_voice,it_a1__03,it_a1,it,plain,0.0,paolo,rate,,,5,,"Оценка: 5. Ошибок в произношении, ударениях или интонации нет. Звучит очень естественно, как речь носителя языка."
moss_v15,it_a1__08,it_a1,it,accent,0.0,paolo,rate,,,5,,"Оценка: 5. Произношение звучит очень естественно и правильно, ритм и интонация как у носителя. Ошибок нет."
qwen3_clone,it_a1__00,it_a1,it,accent,0.0,paolo,rate,,,5,,"Оценка: 5. Произношение отличное, интонация и ударения звучат естественно. Ошибок нет."
qwen3_voice,it_a1__05,it_a1,it,plain,0.0,paolo,rate,,,5,,"Оценка: 5. Произношение отличное, звучит очень естественно, будто говорит носитель языка. Ошибок нет."
qwen3_voice,it_a1__02,it_a1,it,accent,0.05,paolo,rate,,,5,,"Оценка: 5. Произношение идеальное, все звуки и ударения звучат естественно, как у носителя. Ошибок нет."
moss_v15,it_a1__07,it_a1,it,accent,0.0,paolo,rate,,,,,[ошибка: received 1007 (invalid frame payload data) Precondition check failed.; then sent 1007 (invalid frame payload data) Precondition check failed.]
moss_v15,it_a1__06,it_a1,it,clone,0.25,paolo,rate,,,5,,"Оценка: 5. Произношение очень естественное и близкое к речи носителя, все ударения и звуки произнесены верно."
moss_v10,it_a1__03,it_a1,it,ipa,0.6,paolo,rate,,,3,,"Оценка: 3. Звуки произнесены четко, но интонация монотонная, есть неестественное распределение ударений, типичное для синтезатора."
piper,it_a1__03,it_a1,it,plain,0.0,paolo,rate,,,5,,"Оценка: 5. Ошибок нет, произношение звуков и ударения абсолютно естественные, как у носителя языка."
kokoro,it_a1__03,it_a1,it,plain,0.0,paolo,rate,,,5,,"Оценка: 5. Ошибок нет, произношение звучит очень естественно и правильно, как у носителя языка."
moss_v10,it_a1__03,it_a1,it,clone,0.0,paolo,rate,,,5,,"Оценка: 5. Произношение отличное, все звуки и ударения на месте, звучит как речь носителя. Bravissimi!"
piper,it_a1__04,it_a1,it,accent,0.0,paolo,rate,,,5,,"Оценка: 5. Произношение очень естественное, все ударения на своих местах, интонация правильная. Звучит отлично!"
kokoro,it_a1__09,it_a1,it,accent,0.0,paolo,rate,,,,,[ошибка: received 1011 (internal error) Quota exceeded for quota metric 'API requests' and limit 'Request limit per minute for a region' of service 'generativelang; then sent 1011 (internal error) Quota exceeded for quota metric 'API requests' and limit 'Request limit per minute for a region' of service 'gen]
moss_v15,it_a1__07,it_a1,it,clone,0.0,paolo,rate,,,5,,"Оценка: 5. Произношение звучит естественно, ритм и интонация правильные, как у носителя языка. Ошибок нет."
qwen3_voice,it_a1__04,it_a1,it,accent,0.0,paolo,rate,,,5,,"Оценка: 5. Произношение очень естественное, ударения правильные, звуки четкие. Для ИИ это отличный результат."
moss_v10,it_a1__04,it_a1,it,accent,0.0,paolo,rate,,,5,,Оценка: 5. Произношение звучит очень естественно и практически неотличимо от речи носителя языка. Ошибок нет.
moss_v10,it_a1__07,it_a1,it,clone,0.0,paolo,rate,,,5,,"Оценка: 5. Произношение отличное, звучит очень натурально, без заметных ошибок в ударениях или интонации."
moss_v15,it_a1__05,it_a1,it,plain,0.0,paolo,rate,,,5,,"Оценка: 5. Произношение звучит очень естественно и правильно, ритм и интонация как у носителя языка."
piper,it_a1__07,it_a1,it,plain,0.0,paolo,rate,,,,,[ошибка: received 1007 (invalid frame payload data) Precondition check failed.; then sent 1007 (invalid frame payload data) Precondition check failed.]
piper,it_a1__07,it_a1,it,accent,0.0,paolo,rate,,,5,,"Оценка: 5. Произношение отличное, звучит совершенно естественно, как у носителя языка. Ошибок нет."
piper,it_a1__09,it_a1,it,ipa,0.0,paolo,rate,,,5,,"Оценка: 5. Произношение звучит очень естественно, как у носителя языка. Всё на своих местах: ударения, звуки и интонация. Отличная работа!"
piper,it_a1__07,it_a1,it,ipa,0.0,paolo,rate,,,5,,"Оценка: 5. Произношение звучит очень естественно, все ударения и звуки на своих местах."
moss_v10,it_a1__06,it_a1,it,ipa,0.812,paolo,rate,,,2,,"Оценка: 2. Слишком много неестественных пауз и обрывов между словами, ритм совсем не итальянский."
moss_v10,it_a1__07,it_a1,it,accent,0.0,paolo,rate,,,5,,"Оценка: 5. Произношение превосходное, звучит очень естественно, ударения и звуки на своих местах. Отличная работа синтезатора."
moss_v15,it_a1__04,it_a1,it,plain,0.029,paolo,rate,,,5,,"Оценка: 5. Произношение отличное, ударения и интонация звучат очень естественно, как у носителя."
kokoro,it_a1__02,it_a1,it,plain,0.0,paolo,rate,,,5,,"Оценка: 5. Произношение отличное, ударения и интонация звучат очень естественно, как у носителя. Ошибок нет."
piper,it_a1__02,it_a1,it,ipa,0.025,paolo,rate,,,5,,"Оценка: 5. Произношение безупречно, все ударения и звуки поставлены идеально, как у носителя."
piper,it_a1__06,it_a1,it,accent,0.125,paolo,rate,,,5,,"Оценка: 5. Ошибок произношения нет, интонация и все звуки звучат абсолютно естественно, как у носителя языка."
moss_v10,it_a1__04,it_a1,it,clone,0.0,paolo,rate,,,5,,"Оценка: 5. Произношение отличное, звучит очень естественно, как у носителя. Ошибок нет."
qwen3_voice,it_a1__09,it_a1,it,accent,0.0,paolo,rate,,,,,[ошибка: received 1007 (invalid frame payload data) Precondition check failed.; then sent 1007 (invalid frame payload data) Precondition check failed.]
moss_v10,it_a1__05,it_a1,it,ipa,1.229,paolo,rate,,,2,,"Оценка: 2. Очень сильный иностранный акцент, звуки «р» произносятся не по-итальянски, слова звучат неестественно. «Italian» произнесено неправильно."
moss_v15,it_a1__01,it_a1,it,clone,0.0,paolo,rate,,,5,,"Оценка: 5. Произношение отличное, звучит очень естественно, ошибок нет."
kokoro,it_a1__01,it_a1,it,plain,0.0,paolo,rate,,,4,,"Оценка: 4. Звучит очень чисто, но интонация немного механическая. В слове «russa» двойная согласная произносится хорошо, но в целом темп немного неестественный."
qwen3_clone,it_a1__09,it_a1,it,plain,0.0,paolo,rate,,,5,,"Оценка: 5. Ошибок нет, произношение звучит очень естественно и правильно, как у носителя языка."
moss_v15,it_a1__05,it_a1,it,clone,0.0,paolo,rate,,,4,,"Оценка: 4. Звучит довольно естественно, но есть легкая механическая интонация и небольшое искажение гласных, характерное для синтеза."
qwen3_clone,it_a1__02,it_a1,it,plain,0.0,paolo,rate,,,5,,"Оценка: 5. Ошибок нет. Звучит очень естественно, интонация и ударения правильные."
piper,it_a1__05,it_a1,it,accent,0.0,paolo,rate,,,5,,"Оценка: 5. Произношение отличное, интонация и звуки очень естественные, почти как у носителя языка."
piper,it_a1__01,it_a1,it,plain,0.074,paolo,rate,,,5,,"Оценка: 5. Произношение отличное, звучит очень естественно, практически как у носителя языка."
magpie,it_a1__01,it_a1,it,accent,0.0,paolo,rate,,,4,,"Оценка: 4.

Звук «r» в слове «russa» звучит слишком раскатисто, как в русском языке, а должна быть мягкой и короткой. Также двойная «ss» требует чуть большей длительности для идеального звучания. В остальном интонация понятная."
qwen3_clone,it_a1__05,it_a1,it,plain,0.0,paolo,rate,,,5,,"Оценка: 5. Произношение идеальное, все звуки и ударения на своих местах! Это звучит как голос носителя. Bravissimo!"
magpie,it_a1__02,it_a1,it,plain,0.0,paolo,rate,,,,,[ошибка: received 1011 (internal error) Quota exceeded for quota metric 'API requests' and limit 'Request limit per minute for a region' of service 'generativelang; then sent 1011 (internal error) Quota exceeded for quota metric 'API requests' and limit 'Request limit per minute for a region' of service 'gen]
qwen3_voice,it_a1__06,it_a1,it,plain,0.312,paolo,rate,,,4,,"Оценка: 4. Фраза звучит довольно понятно, но есть небольшая неестественность в ритме речи, и местами чувствуется синтетический акцент."
moss_v10,it_a1__03,it_a1,it,plain,0.0,paolo,rate,,,5,,"Оценка: 5. Звучит очень естественно и чётко, прямо как голос носителя. Никаких ошибок в произношении или акценте."
kokoro,it_a1__04,it_a1,it,accent,0.0,paolo,rate,,,5,,"Оценка: 5. Произношение очень естественное, интонация и ударения правильные, акцент практически отсутствует. Звучит как речь носителя языка."
moss_v10,it_a1__05,it_a1,it,accent,0.029,paolo,rate,,,5,,"Оценка: 5. Произношение отличное, интонация и звуки звучат очень естественно, как у носителя."
moss_v15,it_a1__09,it_a1,it,clone,0.0,paolo,rate,,,5,,"Оценка: 5. Произношение отличное, звучит очень естественно, как у носителя. Ошибок нет."
moss_v10,it_a1__01,it_a1,it,plain,0.0,paolo,rate,,,4,,"Оценка: 4. Звуки произнесены правильно, но интонация звучит слишком синтетически и монотонно."
moss_v10,it_a1__00,it_a1,it,ipa,1.0,paolo,rate,,,1,,"Оценка: 1. Произношение полностью синтетическое и неестественное, звуки искажены, а ритм речи совершенно не похож на итальянский."
moss_v10,it_a1__00,it_a1,it,accent,0.0,paolo,rate,,,5,,"Оценка: 5. Ошибок в произношении нет, звучит очень естественно и как у носителя языка."
qwen3_voice,it_a1__07,it_a1,it,plain,0.048,paolo,rate,,,5,,"Оценка: 5. Ошибок нет, произношение звучит очень естественно и правильно, ритм и ударения на своих местах."
qwen3_clone,it_a1__04,it_a1,it,accent,0.0,paolo,rate,,,5,,"Оценка: 5. Произношение звучит очень естественно, ударения на своих местах, интонация правильная. Отличная работа!"
kokoro,it_a1__02,it_a1,it,accent,0.0,paolo,rate,,,5,,"Оценка: 5. Произношение отличное, звучит बहुत naturalemente, ошибок нет."
kokoro,it_a1__07,it_a1,it,plain,0.0,paolo,rate,,,5,,"Оценка: 5. Произношение отличное, ударения правильные, звуки как у носителя, акцента нет. Всё звучит очень естественно."
magpie,it_a1__06,it_a1,it,plain,0.25,paolo,rate,,,5,,"Оценка: 5. Произношение отличное, интонация и звуки звучат естественно и как у носителя."
piper,it_a1__03,it_a1,it,accent,0.0,paolo,rate,,,5,,"Оценка: 5. Ошибок нет, интонация, звуки и ударения звучат абсолютно естественно, как у носителя."
magpie,it_a1__06,it_a1,it,accent,0.25,paolo,rate,,,5,,"Оценка: 5. Произношение отличное, все звуки на месте, ударения правильные, звучит как речь носителя языка."
moss_v15,it_a1__02,it_a1,it,accent,0.0,paolo,rate,,,5,,"Оценка: 5.

Звучит очень натурально, все звуки и ударения на своих местах. Отличная работа синтезатора!"
kokoro,it_a1__02,it_a1,it,ipa,0.0,paolo,rate,,,4,,"Оценка: 4. Звучит очень хорошо, но интонация немного механическая в конце, особенно на слове ""per favore"". В остальном, звуки и ударения правильные."
piper,it_a1__00,it_a1,it,ipa,0.0,paolo,rate,,,5,,"Оценка: 5. Произношение звучит очень естественно, ритм и интонация правильные, акцент практически отсутствует. Bravissimi!"
kokoro,it_a1__04,it_a1,it,plain,0.0,paolo,rate,,,5,,"Оценка: 5. Произношение отличное, интонация естественная, акцент отсутствует. Звучит как речь носителя."
qwen3_clone,it_a1__03,it_a1,it,accent,0.0,paolo,rate,,,5,,"Оценка: 5. Произношение идеальное, звучит очень естественно и без ошибок."
magpie,it_a1__08,it_a1,it,accent,0.0,paolo,rate,,,5,,"Оценка: 5. Звучит прекрасно, интонация очень естественная, акцента почти нет. Отличная работа!"
moss_v15,it_a1__03,it_a1,it,ipa,0.32,paolo,rate,,,5,,"Оценка: 5. Произношение идеальное, всё звучит как у носителя языка."
qwen3_voice,it_a1__09,it_a1,it,plain,0.0,paolo,rate,,,5,,"Оценка: 5. Ошибок нет, произношение звуков, ударения и интонация звучат очень естественно, как у носителя языка."
piper,it_a1__04,it_a1,it,plain,0.0,paolo,rate,,,5,,"Оценка: 5. Произношение отличное, все ударения и звуки звучат естественно."
qwen3_clone,it_a1__00,it_a1,it,plain,0.0,paolo,rate,,,5,,Оценка: 5. Ошибок нет. Произношение звучит очень естественно и практически неотличимо от речи носителя языка. Интонация и ударения правильные.
kokoro,it_a1__08,it_a1,it,plain,0.0,paolo,rate,,,,,[ошибка: received 1011 (internal error) Quota exceeded for quota metric 'API requests' and limit 'Request limit per minute for a region' of service 'generativelang; then sent 1011 (internal error) Quota exceeded for quota metric 'API requests' and limit 'Request limit per minute for a region' of service 'gen]
moss_v15,it_a1__03,it_a1,it,clone,0.0,paolo,rate,,,5,,"Оценка: 5. Ошибок нет, произношение звучит очень естественно и правильно, как у носителя языка."
moss_v10,it_a1__04,it_a1,it,ipa,0.647,paolo,rate,,,1,,"Оценка: 1. Слова искажены почти полностью: вместо «tatuaggio» слышится «stadsia», а окончание фразы вообще неразборчиво и звучит как «ron e rontanada quici»."
qwen3_voice,it_a1__00,it_a1,it,plain,0.086,paolo,rate,,,5,,"Оценка: 5. Произношение отличное, естественная интонация, правильные ударения и очень близко к речи носителя."
magpie,it_a1__00,it_a1,it,accent,0.0,paolo,rate,,,5,,"Оценка: 5. Произношение отличное и очень естественное, звучит как речь носителя языка."
kokoro,it_a1__07,it_a1,it,ipa,0.0,paolo,rate,,,,,[ошибка: received 1007 (invalid frame payload data) Precondition check failed.; then sent 1007 (invalid frame payload data) Precondition check failed.]
moss_v15,it_a1__08,it_a1,it,plain,0.0,paolo,rate,,,5,,"Оценка: 5. Произношение звучит очень естественно, интонация, ударения и звуки переданы очень точно, как у носителя."
qwen3_clone,it_a1__03,it_a1,it,plain,0.0,paolo,rate,,,5,,"Оценка: 5. Произношение отличное, все ударения и звуки звучат абсолютно естественно, как у носителя языка."
kokoro,it_a1__05,it_a1,it,plain,0.0,paolo,rate,,,5,,"Оценка: 5. Ошибок нет, звучит очень естественно и правильно."
piper,it_a1__05,it_a1,it,ipa,0.0,paolo,rate,,,5,,"Оценка: 5. Произношение отличное, звучит очень естественно и ритмично, ошибок не заметил."
piper,it_a1__01,it_a1,it,accent,0.037,paolo,rate,,,4,,"Оценка: 4. В целом произношение хорошее и очень понятное, но есть небольшие погрешности в ритмике и артикуляции согласных, выдающие синтетическую природу речи."
kokoro,it_a1__05,it_a1,it,ipa,0.0,paolo,rate,,,5,,"Оценка: 5. Ошибок нет, звучит совершенно естественно, как итальянец."
piper,it_a1__08,it_a1,it,plain,0.071,paolo,rate,,,5,,"Оценка: 5. Звучит очень естественно, ударения и интонация правильные, акцент практически отсутствует. Отличная работа!"
moss_v15,it_a1__02,it_a1,it,plain,0.0,paolo,rate,,,5,,"Оценка: 5. Произношение отличное, звучит очень естественно, акцент практически отсутствует."
qwen3_voice,it_a1__06,it_a1,it,accent,0.312,paolo,rate,,,5,,"Оценка: 5. Произношение отличное, звучит очень естественно, как у носителя языка."
moss_v10,it_a1__01,it_a1,it,accent,0.0,paolo,rate,,,5,,"Оценка: 5. Произношение отличное, звуки и ударения на месте, интонация звучит очень естественно."
qwen3_voice,it_a1__00,it_a1,it,accent,0.0,paolo,rate,,,5,,"Оценка: 5. Произношение звучит очень естественно и плавно, практически как у носителя языка."
moss_v10,it_a1__02,it_a1,it,ipa,0.5,paolo,rate,,,,,[ошибка: received 1011 (internal error) Quota exceeded for quota metric 'API requests' and limit 'Request limit per minute for a region' of service 'generativelang; then sent 1011 (internal error) Quota exceeded for quota metric 'API requests' and limit 'Request limit per minute for a region' of service 'gen]
qwen3_clone,it_a1__09,it_a1,it,accent,0.0,paolo,rate,,,5,,"Оценка: 5. Произношение отличное, все звуки и ударения на своих местах, интонация естественная. Звучит как у носителя языка."
moss_v15,it_a1__05,it_a1,it,ipa,0.657,paolo,rate,,,4,,"Оценка: 4. Основная проблема — это неестественная интонация и ритм, особенно в конце фразы, где звучит немного механически."
qwen3_voice,it_a1__07,it_a1,it,accent,0.0,paolo,rate,,,5,,"Оценка: 5. Произношение отличное, все звуки и ударения на своих местах, звучит очень естественно."
kokoro,it_a1__03,it_a1,it,ipa,0.0,paolo,rate,,,5,,"Оценка: 5. Произношение отличное, звучит очень естественно и практически неотличимо от речи носителя языка. Ошибок в ударении или звуках нет."
qwen3_voice,it_a1__08,it_a1,it,plain,0.0,paolo,rate,,,5,,"Оценка: 5. Произношение звучит очень натурально, интонация и ударения правильные, как у носителя языка. Ошибок нет."
moss_v10,it_a1__08,it_a1,it,plain,0.0,paolo,rate,,,5,,"Оценка: 5.

Произношение звучит очень естественно, интонация и ритм правильные, акцент практически незаметен, звуки артикулированы чётко, как у носителя языка."
kokoro,it_a1__00,it_a1,it,accent,0.0,paolo,rate,,,,,[ошибка: received 1007 (invalid frame payload data) Precondition check failed.; then sent 1007 (invalid frame payload data) Precondition check failed.]
qwen3_clone,it_a1__08,it_a1,it,plain,0.0,paolo,rate,,,5,,"Оценка: 5. Произношение отличное, звучит очень естественно и понятно. Bravissimi разработчики!"
piper,it_a1__03,it_a1,it,ipa,0.0,paolo,rate,,,5,,"Оценка: 5. Ошибок нет, произношение звучит очень естественно и правильно."
moss_v15,it_a1__00,it_a1,it,plain,0.0,paolo,rate,,,5,,"Оценка: 5. Произношение идеальное, как у носителя языка. Ошибок нет."
qwen3_voice,it_a1__05,it_a1,it,accent,0.0,paolo,rate,,,5,,"Оценка: 5. Произношение звучит очень естественно, ритм и интонация правильные, акцент минимальный или отсутствует."
qwen3_voice,it_a1__03,it_a1,it,accent,0.0,paolo,rate,,,5,,"Оценка: 5. Произношение отличное, звучит очень естественно и правильно, как у носителя языка. Ошибок нет."
moss_v15,it_a1__00,it_a1,it,clone,0.0,paolo,rate,,,5,,"Оценка: 5.
Произношение звучит очень естественно, интонация и ударения правильные. Ошибок нет."
moss_v10,it_a1__02,it_a1,it,accent,0.075,paolo,rate,,,5,,"Оценка: 5. Звучит очень естественно, отличная интонация и правильное произношение всех звуков."
kokoro,it_a1__07,it_a1,it,accent,0.0,paolo,rate,,,5,,"Оценка: 5. Произношение звучит очень естественно, интонация и ударения на месте, прямо как у носителя языка! Brava!"
piper,it_a1__08,it_a1,it,ipa,0.0,paolo,rate,,,5,,"Оценка: 5. Ошибок нет, произношение звучит очень естественно и близко к речи носителя языка."
magpie,it_a1__01,it_a1,it,plain,0.0,paolo,rate,,,4,,"Оценка: 4. Произношение очень хорошее и естественное. Фонема гласных и согласных правильная. Небольшой иностранный акцент заметен только в общей интонации, но звучит очень убедительно."
piper,it_a1__01,it_a1,it,ipa,0.0,paolo,rate,,,4,,"Оценка: 4. Интонация звучит немного механически, а в слове «russa» удвоенная согласная «ss» произнесена недостаточно четко. Звук «о» в слове «Mosca» звучит слегка плоско."
moss_v10,it_a1__01,it_a1,it,clone,0.0,paolo,rate,,,5,,"Оценка: 5. Отличное произношение, интонации и звуки абсолютно естественные. Браво!"
kokoro,it_a1__06,it_a1,it,plain,0.25,paolo,rate,,,5,,"Оценка: 5. Произношение отличное, звучит очень естественно, ударения и интонация правильные. Отличная работа синтезатора."
moss_v10,it_a1__00,it_a1,it,plain,0.0,paolo,rate,,,5,,"Оценка: 5. Произношение отличное, интонация и ударения звучат очень естественно, как у носителя. Прекрасная работа синтезатора!"
moss_v10,it_a1__02,it_a1,it,clone,0.05,paolo,rate,,,5,,"Оценка: 5. Произношение отличное, звучит очень естественно и близко к речи носителя языка."
kokoro,it_a1__01,it_a1,it,ipa,0.0,paolo,rate,,,4,,"Оценка: 4. Звучание очень хорошее, но интонация звучит немного монотонно, и двойная согласная в слове «russa» могла бы быть более четкой."
moss_v15,it_a1__00,it_a1,it,accent,0.0,paolo,rate,,,,,[ошибка: received 1011 (internal error) Quota exceeded for quota metric 'API requests' and limit 'Request limit per minute for a region' of service 'generativelang; then sent 1011 (internal error) Quota exceeded for quota metric 'API requests' and limit 'Request limit per minute for a region' of service 'gen]
moss_v10,it_a1__06,it_a1,it,accent,0.25,paolo,rate,,,5,,"Оценка: 5. Ошибок нет, звучит очень естественно и правильно, как у носителя языка."
piper,it_a1__08,it_a1,it,accent,0.024,paolo,rate,,,5,,"Оценка: 5. Произношение звучит очень естественно, все звуки и ударения на своих местах. Отличная работа синтезатора!"
qwen3_clone,it_a1__06,it_a1,it,plain,0.25,paolo,rate,,,5,,"Оценка: 5. Звучит очень естественно и правильно, прямо как настоящий итальянец."
qwen3_clone,it_a1__02,it_a1,it,accent,0.0,paolo,rate,,,5,,"Оценка: 5. Звучит очень естественно, ударения и интонация правильные, звучит как настоящий итальянец в баре."
moss_v15,it_a1__07,it_a1,it,ipa,0.333,paolo,rate,,,2,,"Оценка: 2. Произношение очень механическое, нарушен ритм речи, неестественные паузы между слогами и словами, интонация не звучит как живая итальянская речь."
piper,it_a1__02,it_a1,it,plain,0.075,paolo,rate,,,,,[ошибка: received 1011 (internal error) Quota exceeded for quota metric 'API requests' and limit 'Request limit per minute for a region' of service 'generativelang; then sent 1011 (internal error) Quota exceeded for quota metric 'API requests' and limit 'Request limit per minute for a region' of service 'gen]
