section,name,text,lang,tag,file,expert,kind,choices,expected,answer,correct,transcript
it_a1,v3_00,"Ciao, mi chiamo Paolo. Come ti chiami?",it,,wav/it_a1__v3_00.wav,paolo,rate,,,5,,"Оценка: 5. Произношение идеальное, как у носителя. Ошибок нет. Браво! Cosa dobbiamo fare adesso?"
it_a1,v3_01,"Piacere! Sono russa, di Mosca.",it,,wav/it_a1__v3_01.wav,paolo,rate,,,3,,"Оценка: 3.
Произношение механическое, ударение в ""Piacere"" не совсем точное, и звук ""r"" не такой, как у носителя. Но понятно. Что-нибудь ещё?"
it_a1,v3_02,"Vorrei un caffè e un cornetto, per favore.",it,,wav/it_a1__v3_02.wav,paolo,rate,,,5,,"Оценка: 5. Произношение отличное, как у носителя, всё чётко. Браво! К чему перейдём дальше?"
it_a1,v3_03,Quanto costa questo libro?,it,,wav/it_a1__v3_03.wav,paolo,rate,,,3,,"Оценка: 3. Ударение в слове ""quanto"" завалено на ""ко"", а должно быть на первом слоге ""qua"". И звук ""t"" в обоих словах немного смягчён, звучит как ""ть"". Есть ощутимый акцент. Что ещё проверяем?"
it_a1,v3_04,Dov'è la stazione? È lontana da qui?,it,,wav/it_a1__v3_04.wav,paolo,rate,,,,,"[ошибка: received 1011 (internal error) You exceeded your current quota, please check your plan and billing details. For more information on this error, head to: h; then sent 1011 (internal error) You exceeded your current quota, please check your plan and billing details. For more information on this error,]"
it_a1,v3_05,C'è una farmacia vicino all'albergo?,it,,wav/it_a1__v3_05.wav,paolo,rate,,,,,"[ошибка: received 1011 (internal error) You exceeded your current quota, please check your plan and billing details. For more information on this error, head to: h; then sent 1011 (internal error) You exceeded your current quota, please check your plan and billing details. For more information on this error,]"
it_a1,v3_06,"Mi piace la musica, ma non mi piacciono i film dell'orrore.",it,,wav/it_a1__v3_06.wav,paolo,rate,,,,,"[ошибка: received 1011 (internal error) You exceeded your current quota, please check your plan and billing details. For more information on this error, head to: h; then sent 1011 (internal error) You exceeded your current quota, please check your plan and billing details. For more information on this error,]"
it_a1,v3_07,Ho ventitré anni e abito a Mosca.,it,,wav/it_a1__v3_07.wav,paolo,rate,,,,,"[ошибка: received 1011 (internal error) You exceeded your current quota, please check your plan and billing details. For more information on this error, head to: h; then sent 1011 (internal error) You exceeded your current quota, please check your plan and billing details. For more information on this error,]"
it_a1,v3_08,Ieri ho mangiato la pizza con i miei amici.,it,,wav/it_a1__v3_08.wav,paolo,rate,,,4,,"Оценка: 4

Гласные в конце слов произнесены чётко, это хорошо. Но ударение немного смазано, и звук ""r"" не такой твёрдый, раскатистый, как у итальянцев. Чуть-чуть акцент есть. Кто это говорил?"
it_a1,v3_09,"Scusi, a che ora parte il treno per Firenze?",it,,wav/it_a1__v3_09.wav,paolo,rate,,,4,,"Оценка: 4. Il suono è abbastanza chiaro, ma l'accento... eh, si sente che non sei italiano! L'intonazione è un po' piatta e la 'erre' non è abbastanza vibrante. Ma bravo lo stesso, si capisce! Forza!"
it_a1,v3_10,Mia sorella lavora in un ospedale.,it,,wav/it_a1__v3_10.wav,paolo,rate,,,,,"[ошибка: received 1011 (internal error) You exceeded your current quota, please check your plan and billing details. For more information on this error, head to: h; then sent 1011 (internal error) You exceeded your current quota, please check your plan and billing details. For more information on this error,]"
it_a1,v3_11,"Domani andiamo al mare, se non piove.",it,,wav/it_a1__v3_11.wav,paolo,rate,,,,,"[ошибка: received 1011 (internal error) You exceeded your current quota, please check your plan and billing details. For more information on this error, head to: h; then sent 1011 (internal error) You exceeded your current quota, please check your plan and billing details. For more information on this error,]"
stress,telefonano_telèfonano_none_solo,telefonano.,it,4-й от конца,wav/stress__telefonano_telèfonano_none_solo.wav,paolo,choice,Вариант 1: telèfonano | Вариант 2: telefònano,1,,,"[ошибка: received 1011 (internal error) You exceeded your current quota, please check your plan and billing details. For more information on this error, head to: h; then sent 1011 (internal error) You exceeded your current quota, please check your plan and billing details. For more information on this error,]"
stress,telefonano_telèfonano_none_frame,Dico telefonano adesso.,it,4-й от конца,wav/stress__telefonano_telèfonano_none_frame.wav,paolo,choice,Вариант 1: telèfonano | Вариант 2: telefònano,1,,,"[ошибка: received 1011 (internal error) You exceeded your current quota, please check your plan and billing details. For more information on this error, head to: h; then sent 1011 (internal error) You exceeded your current quota, please check your plan and billing details. For more information on this error,]"
stress,telefonano_telèfonano_grave_solo,telèfonano.,it,4-й от конца,wav/stress__telefonano_telèfonano_grave_solo.wav,paolo,choice,Вариант 1: telefònano | Вариант 2: telèfonano,2,1,0,"Ответ: 1. Ударение падает на третий слог от конца, fò."
stress,telefonano_telèfonano_grave_frame,Dico telèfonano adesso.,it,4-й от конца,wav/stress__telefonano_telèfonano_grave_frame.wav,paolo,choice,Вариант 1: telèfonano | Вариант 2: telefònano,1,,,"[ошибка: received 1011 (internal error) You exceeded your current quota, please check your plan and billing details. For more information on this error, head to: h; then sent 1011 (internal error) You exceeded your current quota, please check your plan and billing details. For more information on this error,]"
stress,telefonano_telèfonano_acute_solo,teléfonano.,it,4-й от конца,wav/stress__telefonano_telèfonano_acute_solo.wav,paolo,choice,Вариант 1: telèfonano | Вариант 2: telefònano,1,1,1,"Ответ: 1. Чётко слышно telèfonano, ударение на третий слог от конца. Всё, как мы обсуждали."
stress,telefonano_telèfonano_acute_frame,Dico teléfonano adesso.,it,4-й от конца,wav/stress__telefonano_telèfonano_acute_frame.wav,paolo,choice,Вариант 1: telèfonano | Вариант 2: telefònano,1,,,"[ошибка: received 1011 (internal error) You exceeded your current quota, please check your plan and billing details. For more information on this error, head to: h; then sent 1011 (internal error) You exceeded your current quota, please check your plan and billing details. For more information on this error,]"
stress,parliamo_parliàmo_none_solo,parliamo.,it,,wav/stress__parliamo_parliàmo_none_solo.wav,paolo,choice,Вариант 1: parliàmo | Вариант 2: pàrliamo,1,,,"[ошибка: received 1011 (internal error) You exceeded your current quota, please check your plan and billing details. For more information on this error, head to: h; then sent 1011 (internal error) You exceeded your current quota, please check your plan and billing details. For more information on this error,]"
stress,parliamo_parliàmo_none_frame,Dico parliamo adesso.,it,,wav/stress__parliamo_parliàmo_none_frame.wav,paolo,choice,Вариант 1: parliàmo | Вариант 2: pàrliamo,1,,,"[ошибка: received 1011 (internal error) You exceeded your current quota, please check your plan and billing details. For more information on this error, head to: h; then sent 1011 (internal error) You exceeded your current quota, please check your plan and billing details. For more information on this error,]"
stress,parliamo_parliàmo_grave_solo,parliàmo.,it,,wav/stress__parliamo_parliàmo_grave_solo.wav,paolo,choice,Вариант 1: parliàmo | Вариант 2: pàrliamo,1,1,1,Ответ: 1. Я чётко слышу ударение на предпоследнем слоге.
stress,parliamo_parliàmo_grave_frame,Dico parliàmo adesso.,it,,wav/stress__parliamo_parliàmo_grave_frame.wav,paolo,choice,Вариант 1: pàrliamo | Вариант 2: parliàmo,2,2,1,"Ответ: 2
Чётко слышно ударение на предпоследний слог, parliamo."
stress,parliamo_parliàmo_acute_solo,parliámo.,it,,wav/stress__parliamo_parliàmo_acute_solo.wav,paolo,choice,Вариант 1: pàrliamo | Вариант 2: parliàmo,2,,,"[ошибка: received 1011 (internal error) You exceeded your current quota, please check your plan and billing details. For more information on this error, head to: h; then sent 1011 (internal error) You exceeded your current quota, please check your plan and billing details. For more information on this error,]"
stress,parliamo_parliàmo_acute_frame,Dico parliámo adesso.,it,,wav/stress__parliamo_parliàmo_acute_frame.wav,paolo,choice,Вариант 1: parliàmo | Вариант 2: pàrliamo,1,,,"[ошибка: received 1011 (internal error) You exceeded your current quota, please check your plan and billing details. For more information on this error, head to: h; then sent 1011 (internal error) You exceeded your current quota, please check your plan and billing details. For more information on this error,]"
stress,desiderano_desìderano_none_solo,desiderano.,it,4-й от конца,wav/stress__desiderano_desìderano_none_solo.wav,paolo,choice,Вариант 1: desidèrano | Вариант 2: desìderano,2,,,"[ошибка: received 1011 (internal error) You exceeded your current quota, please check your plan and billing details. For more information on this error, head to: h; then sent 1011 (internal error) You exceeded your current quota, please check your plan and billing details. For more information on this error,]"
stress,desiderano_desìderano_none_frame,Dico desiderano adesso.,it,4-й от конца,wav/stress__desiderano_desìderano_none_frame.wav,paolo,choice,Вариант 1: desidèrano | Вариант 2: desìderano,2,,,"[ошибка: received 1011 (internal error) You exceeded your current quota, please check your plan and billing details. For more information on this error, head to: h; then sent 1011 (internal error) You exceeded your current quota, please check your plan and billing details. For more information on this error,]"
stress,desiderano_desìderano_grave_solo,desìderano.,it,4-й от конца,wav/stress__desiderano_desìderano_grave_solo.wav,paolo,choice,Вариант 1: desìderano | Вариант 2: desidèrano,1,1,1,"Ответ: 1. Ударный третий слог от конца, как и должно быть."
stress,desiderano_desìderano_grave_frame,Dico desìderano adesso.,it,4-й от конца,wav/stress__desiderano_desìderano_grave_frame.wav,paolo,choice,Вариант 1: desidèrano | Вариант 2: desìderano,2,1,0,Ответ: 1. Чётко слышно ударение на предпоследнем слоге.
stress,desiderano_desìderano_acute_solo,desíderano.,it,4-й от конца,wav/stress__desiderano_desìderano_acute_solo.wav,paolo,choice,Вариант 1: desìderano | Вариант 2: desidèrano,1,,,"[ошибка: received 1011 (internal error) You exceeded your current quota, please check your plan and billing details. For more information on this error, head to: h; then sent 1011 (internal error) You exceeded your current quota, please check your plan and billing details. For more information on this error,]"
stress,desiderano_desìderano_acute_frame,Dico desíderano adesso.,it,4-й от конца,wav/stress__desiderano_desìderano_acute_frame.wav,paolo,choice,Вариант 1: desidèrano | Вариант 2: desìderano,2,,,"[ошибка: received 1011 (internal error) You exceeded your current quota, please check your plan and billing details. For more information on this error, head to: h; then sent 1011 (internal error) You exceeded your current quota, please check your plan and billing details. For more information on this error,]"
stress,capiscono_capìscono_none_solo,capiscono.,it,,wav/stress__capiscono_capìscono_none_solo.wav,paolo,choice,Вариант 1: capiscòno | Вариант 2: capìscono,2,,,"[ошибка: received 1011 (internal error) You exceeded your current quota, please check your plan and billing details. For more information on this error, head to: h; then sent 1011 (internal error) You exceeded your current quota, please check your plan and billing details. For more information on this error,]"
stress,capiscono_capìscono_none_frame,Dico capiscono adesso.,it,,wav/stress__capiscono_capìscono_none_frame.wav,paolo,choice,Вариант 1: capìscono | Вариант 2: capiscòno,1,1,1,"Ответ: 1. Ударный слог — второй от начала, пи."
stress,capiscono_capìscono_grave_solo,capìscono.,it,,wav/stress__capiscono_capìscono_grave_solo.wav,paolo,choice,Вариант 1: capìscono | Вариант 2: capiscòno,1,,,"[ошибка: received 1011 (internal error) You exceeded your current quota, please check your plan and billing details. For more information on this error, head to: h; then sent 1011 (internal error) You exceeded your current quota, please check your plan and billing details. For more information on this error,]"
stress,capiscono_capìscono_grave_frame,Dico capìscono adesso.,it,,wav/stress__capiscono_capìscono_grave_frame.wav,paolo,choice,Вариант 1: capiscòno | Вариант 2: capìscono,2,,,"[ошибка: received 1011 (internal error) You exceeded your current quota, please check your plan and billing details. For more information on this error, head to: h; then sent 1011 (internal error) You exceeded your current quota, please check your plan and billing details. For more information on this error,]"
stress,capiscono_capìscono_acute_solo,capíscono.,it,,wav/stress__capiscono_capìscono_acute_solo.wav,paolo,choice,Вариант 1: capìscono | Вариант 2: capiscòno,1,,,"[ошибка: received 1011 (internal error) You exceeded your current quota, please check your plan and billing details. For more information on this error, head to: h; then sent 1011 (internal error) You exceeded your current quota, please check your plan and billing details. For more information on this error,]"
stress,capiscono_capìscono_acute_frame,Dico capíscono adesso.,it,,wav/stress__capiscono_capìscono_acute_frame.wav,paolo,choice,Вариант 1: capìscono | Вариант 2: capiscòno,1,,,"[ошибка: received 1011 (internal error) You exceeded your current quota, please check your plan and billing details. For more information on this error, head to: h; then sent 1011 (internal error) You exceeded your current quota, please check your plan and billing details. For more information on this error,]"
stress,scrivono_scrìvono_none_solo,scrivono.,it,,wav/stress__scrivono_scrìvono_none_solo.wav,paolo,choice,Вариант 1: scrìvono | Вариант 2: scrivòno,1,,,"[ошибка: received 1011 (internal error) You exceeded your current quota, please check your plan and billing details. For more information on this error, head to: h; then sent 1011 (internal error) You exceeded your current quota, please check your plan and billing details. For more information on this error,]"
stress,scrivono_scrìvono_none_frame,Dico scrivono adesso.,it,,wav/stress__scrivono_scrìvono_none_frame.wav,paolo,choice,Вариант 1: scrivòno | Вариант 2: scrìvono,2,,,"[ошибка: received 1011 (internal error) You exceeded your current quota, please check your plan and billing details. For more information on this error, head to: h; then sent 1011 (internal error) You exceeded your current quota, please check your plan and billing details. For more information on this error,]"
stress,scrivono_scrìvono_grave_solo,scrìvono.,it,,wav/stress__scrivono_scrìvono_grave_solo.wav,paolo,choice,Вариант 1: scrìvono | Вариант 2: scrivòno,1,,,"[ошибка: received 1011 (internal error) You exceeded your current quota, please check your plan and billing details. For more information on this error, head to: h; then sent 1011 (internal error) You exceeded your current quota, please check your plan and billing details. For more information on this error,]"
stress,scrivono_scrìvono_grave_frame,Dico scrìvono adesso.,it,,wav/stress__scrivono_scrìvono_grave_frame.wav,paolo,choice,Вариант 1: scrìvono | Вариант 2: scrivòno,1,,,"[ошибка: received 1011 (internal error) You exceeded your current quota, please check your plan and billing details. For more information on this error, head to: h; then sent 1011 (internal error) You exceeded your current quota, please check your plan and billing details. For more information on this error,]"
stress,scrivono_scrìvono_acute_solo,scrívono.,it,,wav/stress__scrivono_scrìvono_acute_solo.wav,paolo,choice,Вариант 1: scrìvono | Вариант 2: scrivòno,1,,,"[ошибка: received 1011 (internal error) You exceeded your current quota, please check your plan and billing details. For more information on this error, head to: h; then sent 1011 (internal error) You exceeded your current quota, please check your plan and billing details. For more information on this error,]"
stress,scrivono_scrìvono_acute_frame,Dico scrívono adesso.,it,,wav/stress__scrivono_scrìvono_acute_frame.wav,paolo,choice,Вариант 1: scrivòno | Вариант 2: scrìvono,2,1,0,"Ответ: 1 Ударный слог «во», scrivòno. А должно быть scrìvono."
stress,farmacia_farmacìa_none_solo,farmacia.,it,,wav/stress__farmacia_farmacìa_none_solo.wav,paolo,choice,Вариант 1: farmàcia | Вариант 2: farmacìa,2,,,"[ошибка: received 1011 (internal error) You exceeded your current quota, please check your plan and billing details. For more information on this error, head to: h; then sent 1011 (internal error) You exceeded your current quota, please check your plan and billing details. For more information on this error,]"
stress,farmacia_farmacìa_none_frame,Dico farmacia adesso.,it,,wav/stress__farmacia_farmacìa_none_frame.wav,paolo,choice,Вариант 1: farmàcia | Вариант 2: farmacìa,2,1,0,"Ответ: 1
Ударение падает на второй слог, farmàcia, а должно быть на последний — farmacìa."
stress,farmacia_farmacìa_grave_solo,farmacìa.,it,,wav/stress__farmacia_farmacìa_grave_solo.wav,paolo,choice,Вариант 1: farmacìa | Вариант 2: farmàcia,1,,,"[ошибка: received 1011 (internal error) You exceeded your current quota, please check your plan and billing details. For more information on this error, head to: h; then sent 1011 (internal error) You exceeded your current quota, please check your plan and billing details. For more information on this error,]"
stress,farmacia_farmacìa_grave_frame,Dico farmacìa adesso.,it,,wav/stress__farmacia_farmacìa_grave_frame.wav,paolo,choice,Вариант 1: farmàcia | Вариант 2: farmacìa,2,,,"[ошибка: received 1011 (internal error) You exceeded your current quota, please check your plan and billing details. For more information on this error, head to: h; then sent 1011 (internal error) You exceeded your current quota, please check your plan and billing details. For more information on this error,]"
stress,farmacia_farmacìa_acute_solo,farmacía.,it,,wav/stress__farmacia_farmacìa_acute_solo.wav,paolo,choice,Вариант 1: farmacìa | Вариант 2: farmàcia,1,,,"[ошибка: received 1011 (internal error) You exceeded your current quota, please check your plan and billing details. For more information on this error, head to: h; then sent 1011 (internal error) You exceeded your current quota, please check your plan and billing details. For more information on this error,]"
stress,farmacia_farmacìa_acute_frame,Dico farmacía adesso.,it,,wav/stress__farmacia_farmacìa_acute_frame.wav,paolo,choice,Вариант 1: farmacìa | Вариант 2: farmàcia,1,,,"[ошибка: received 1011 (internal error) You exceeded your current quota, please check your plan and billing details. For more information on this error, head to: h; then sent 1011 (internal error) You exceeded your current quota, please check your plan and billing details. For more information on this error,]"
stress,psicologia_psicologìa_none_solo,psicologia.,it,,wav/stress__psicologia_psicologìa_none_solo.wav,paolo,choice,Вариант 1: psicològia | Вариант 2: psicologìa,2,,,"[ошибка: received 1011 (internal error) You exceeded your current quota, please check your plan and billing details. For more information on this error, head to: h; then sent 1011 (internal error) You exceeded your current quota, please check your plan and billing details. For more information on this error,]"
stress,psicologia_psicologìa_none_frame,Dico psicologia adesso.,it,,wav/stress__psicologia_psicologìa_none_frame.wav,paolo,choice,Вариант 1: psicologìa | Вариант 2: psicològia,1,,,"[ошибка: received 1011 (internal error) You exceeded your current quota, please check your plan and billing details. For more information on this error, head to: h; then sent 1011 (internal error) You exceeded your current quota, please check your plan and billing details. For more information on this error,]"
stress,psicologia_psicologìa_grave_solo,psicologìa.,it,,wav/stress__psicologia_psicologìa_grave_solo.wav,paolo,choice,Вариант 1: psicològia | Вариант 2: psicologìa,2,,,"[ошибка: received 1011 (internal error) You exceeded your current quota, please check your plan and billing details. For more information on this error, head to: h; then sent 1011 (internal error) You exceeded your current quota, please check your plan and billing details. For more information on this error,]"
stress,psicologia_psicologìa_grave_frame,Dico psicologìa adesso.,it,,wav/stress__psicologia_psicologìa_grave_frame.wav,paolo,choice,Вариант 1: psicològia | Вариант 2: psicologìa,2,,,"[ошибка: received 1011 (internal error) You exceeded your current quota, please check your plan and billing details. For more information on this error, head to: h; then sent 1011 (internal error) You exceeded your current quota, please check your plan and billing details. For more information on this error,]"
stress,psicologia_psicologìa_acute_solo,psicología.,it,,wav/stress__psicologia_psicologìa_acute_solo.wav,paolo,choice,Вариант 1: psicològia | Вариант 2: psicologìa,2,,,"[ошибка: received 1011 (internal error) You exceeded your current quota, please check your plan and billing details. For more information on this error, head to: h; then sent 1011 (internal error) You exceeded your current quota, please check your plan and billing details. For more information on this error,]"
stress,psicologia_psicologìa_acute_frame,Dico psicología adesso.,it,,wav/stress__psicologia_psicologìa_acute_frame.wav,paolo,choice,Вариант 1: psicològia | Вариант 2: psicologìa,2,,,"[ошибка: received 1011 (internal error) You exceeded your current quota, please check your plan and billing details. For more information on this error, head to: h; then sent 1011 (internal error) You exceeded your current quota, please check your plan and billing details. For more information on this error,]"
stress,Brindisi_Brìndisi_none_solo,Brindisi.,it,,wav/stress__Brindisi_Brìndisi_none_solo.wav,paolo,choice,Вариант 1: brindìsi | Вариант 2: brìndisi,2,,,"[ошибка: received 1011 (internal error) You exceeded your current quota, please check your plan and billing details. For more information on this error, head to: h; then sent 1011 (internal error) You exceeded your current quota, please check your plan and billing details. For more information on this error,]"
stress,Brindisi_Brìndisi_none_frame,Dico Brindisi adesso.,it,,wav/stress__Brindisi_Brìndisi_none_frame.wav,paolo,choice,Вариант 1: brìndisi | Вариант 2: brindìsi,1,,,"[ошибка: received 1011 (internal error) You exceeded your current quota, please check your plan and billing details. For more information on this error, head to: h; then sent 1011 (internal error) You exceeded your current quota, please check your plan and billing details. For more information on this error,]"
stress,Brindisi_Brìndisi_grave_solo,Brìndisi.,it,,wav/stress__Brindisi_Brìndisi_grave_solo.wav,paolo,choice,Вариант 1: brindìsi | Вариант 2: brìndisi,2,,,"[ошибка: received 1011 (internal error) You exceeded your current quota, please check your plan and billing details. For more information on this error, head to: h; then sent 1011 (internal error) You exceeded your current quota, please check your plan and billing details. For more information on this error,]"
stress,Brindisi_Brìndisi_grave_frame,Dico Brìndisi adesso.,it,,wav/stress__Brindisi_Brìndisi_grave_frame.wav,paolo,choice,Вариант 1: brindìsi | Вариант 2: brìndisi,2,,,"[ошибка: received 1011 (internal error) You exceeded your current quota, please check your plan and billing details. For more information on this error, head to: h; then sent 1011 (internal error) You exceeded your current quota, please check your plan and billing details. For more information on this error,]"
stress,Brindisi_Brìndisi_acute_solo,Bríndisi.,it,,wav/stress__Brindisi_Brìndisi_acute_solo.wav,paolo,choice,Вариант 1: brìndisi | Вариант 2: brindìsi,1,,,"[ошибка: received 1011 (internal error) You exceeded your current quota, please check your plan and billing details. For more information on this error, head to: h; then sent 1011 (internal error) You exceeded your current quota, please check your plan and billing details. For more information on this error,]"
stress,Brindisi_Brìndisi_acute_frame,Dico Bríndisi adesso.,it,,wav/stress__Brindisi_Brìndisi_acute_frame.wav,paolo,choice,Вариант 1: brìndisi | Вариант 2: brindìsi,1,,,"[ошибка: received 1011 (internal error) You exceeded your current quota, please check your plan and billing details. For more information on this error, head to: h; then sent 1011 (internal error) You exceeded your current quota, please check your plan and billing details. For more information on this error,]"
stress,famiglia_famìglia_none_solo,famiglia.,it,,wav/stress__famiglia_famìglia_none_solo.wav,paolo,choice,Вариант 1: famiglìa | Вариант 2: famìglia,2,,,"[ошибка: received 1011 (internal error) You exceeded your current quota, please check your plan and billing details. For more information on this error, head to: h; then sent 1011 (internal error) You exceeded your current quota, please check your plan and billing details. For more information on this error,]"
stress,famiglia_famìglia_none_frame,Dico famiglia adesso.,it,,wav/stress__famiglia_famìglia_none_frame.wav,paolo,choice,Вариант 1: famìglia | Вариант 2: famiglìa,1,,,"[ошибка: received 1011 (internal error) You exceeded your current quota, please check your plan and billing details. For more information on this error, head to: h; then sent 1011 (internal error) You exceeded your current quota, please check your plan and billing details. For more information on this error,]"
stress,famiglia_famìglia_grave_solo,famìglia.,it,,wav/stress__famiglia_famìglia_grave_solo.wav,paolo,choice,Вариант 1: famìglia | Вариант 2: famiglìa,1,,,"[ошибка: received 1011 (internal error) You exceeded your current quota, please check your plan and billing details. For more information on this error, head to: h; then sent 1011 (internal error) You exceeded your current quota, please check your plan and billing details. For more information on this error,]"
stress,famiglia_famìglia_grave_frame,Dico famìglia adesso.,it,,wav/stress__famiglia_famìglia_grave_frame.wav,paolo,choice,Вариант 1: famiglìa | Вариант 2: famìglia,2,,,"[ошибка: received 1011 (internal error) You exceeded your current quota, please check your plan and billing details. For more information on this error, head to: h; then sent 1011 (internal error) You exceeded your current quota, please check your plan and billing details. For more information on this error,]"
stress,famiglia_famìglia_acute_solo,famíglia.,it,,wav/stress__famiglia_famìglia_acute_solo.wav,paolo,choice,Вариант 1: famìglia | Вариант 2: famiglìa,1,,,"[ошибка: received 1011 (internal error) You exceeded your current quota, please check your plan and billing details. For more information on this error, head to: h; then sent 1011 (internal error) You exceeded your current quota, please check your plan and billing details. For more information on this error,]"
stress,famiglia_famìglia_acute_frame,Dico famíglia adesso.,it,,wav/stress__famiglia_famìglia_acute_frame.wav,paolo,choice,Вариант 1: famiglìa | Вариант 2: famìglia,2,,,"[ошибка: received 1011 (internal error) You exceeded your current quota, please check your plan and billing details. For more information on this error, head to: h; then sent 1011 (internal error) You exceeded your current quota, please check your plan and billing details. For more information on this error,]"
stress,subito_sùbito_none_solo,subito.,it,,wav/stress__subito_sùbito_none_solo.wav,paolo,choice,"Вариант 1: sùbito (сразу) | Вариант 2: subìto (перенёс, пострадал от)",1,,,"[ошибка: received 1011 (internal error) You exceeded your current quota, please check your plan and billing details. For more information on this error, head to: h; then sent 1011 (internal error) You exceeded your current quota, please check your plan and billing details. For more information on this error,]"
stress,subito_sùbito_none_frame,Dico subito adesso.,it,,wav/stress__subito_sùbito_none_frame.wav,paolo,choice,"Вариант 1: sùbito (сразу) | Вариант 2: subìto (перенёс, пострадал от)",1,,,"[ошибка: received 1011 (internal error) You exceeded your current quota, please check your plan and billing details. For more information on this error, head to: h; then sent 1011 (internal error) You exceeded your current quota, please check your plan and billing details. For more information on this error,]"
stress,subito_sùbito_grave_solo,sùbito.,it,,wav/stress__subito_sùbito_grave_solo.wav,paolo,choice,"Вариант 1: subìto (перенёс, пострадал от) | Вариант 2: sùbito (сразу)",2,,,"[ошибка: received 1011 (internal error) You exceeded your current quota, please check your plan and billing details. For more information on this error, head to: h; then sent 1011 (internal error) You exceeded your current quota, please check your plan and billing details. For more information on this error,]"
stress,subito_sùbito_grave_frame,Dico sùbito adesso.,it,,wav/stress__subito_sùbito_grave_frame.wav,paolo,choice,"Вариант 1: sùbito (сразу) | Вариант 2: subìto (перенёс, пострадал от)",1,,,"[ошибка: received 1011 (internal error) You exceeded your current quota, please check your plan and billing details. For more information on this error, head to: h; then sent 1011 (internal error) You exceeded your current quota, please check your plan and billing details. For more information on this error,]"
stress,subito_sùbito_acute_solo,súbito.,it,,wav/stress__subito_sùbito_acute_solo.wav,paolo,choice,"Вариант 1: sùbito (сразу) | Вариант 2: subìto (перенёс, пострадал от)",1,,,"[ошибка: received 1011 (internal error) You exceeded your current quota, please check your plan and billing details. For more information on this error, head to: h; then sent 1011 (internal error) You exceeded your current quota, please check your plan and billing details. For more information on this error,]"
stress,subito_sùbito_acute_frame,Dico súbito adesso.,it,,wav/stress__subito_sùbito_acute_frame.wav,paolo,choice,"Вариант 1: subìto (перенёс, пострадал от) | Вариант 2: sùbito (сразу)",2,,,"[ошибка: received 1011 (internal error) You exceeded your current quota, please check your plan and billing details. For more information on this error, head to: h; then sent 1011 (internal error) You exceeded your current quota, please check your plan and billing details. For more information on this error,]"
stress,ancora_àncora_none_solo,ancora.,it,якорь,wav/stress__ancora_àncora_none_solo.wav,paolo,choice,Вариант 1: àncora (якорь) | Вариант 2: ancòra (ещё),,,,"[ошибка: received 1011 (internal error) You exceeded your current quota, please check your plan and billing details. For more information on this error, head to: h; then sent 1011 (internal error) You exceeded your current quota, please check your plan and billing details. For more information on this error,]"
stress,ancora_àncora_none_frame,Dico ancora adesso.,it,якорь,wav/stress__ancora_àncora_none_frame.wav,paolo,choice,Вариант 1: ancòra (ещё) | Вариант 2: àncora (якорь),,,,"[ошибка: received 1011 (internal error) You exceeded your current quota, please check your plan and billing details. For more information on this error, head to: h; then sent 1011 (internal error) You exceeded your current quota, please check your plan and billing details. For more information on this error,]"
stress,ancora_àncora_grave_solo,àncora.,it,якорь,wav/stress__ancora_àncora_grave_solo.wav,paolo,choice,Вариант 1: ancòra (ещё) | Вариант 2: àncora (якорь),2,,,"[ошибка: received 1011 (internal error) You exceeded your current quota, please check your plan and billing details. For more information on this error, head to: h; then sent 1011 (internal error) You exceeded your current quota, please check your plan and billing details. For more information on this error,]"
stress,ancora_àncora_grave_frame,Dico àncora adesso.,it,якорь,wav/stress__ancora_àncora_grave_frame.wav,paolo,choice,Вариант 1: ancòra (ещё) | Вариант 2: àncora (якорь),2,,,"[ошибка: received 1011 (internal error) You exceeded your current quota, please check your plan and billing details. For more information on this error, head to: h; then sent 1011 (internal error) You exceeded your current quota, please check your plan and billing details. For more information on this error,]"
stress,ancora_àncora_acute_solo,áncora.,it,якорь,wav/stress__ancora_àncora_acute_solo.wav,paolo,choice,Вариант 1: ancòra (ещё) | Вариант 2: àncora (якорь),2,,,"[ошибка: received 1011 (internal error) You exceeded your current quota, please check your plan and billing details. For more information on this error, head to: h; then sent 1011 (internal error) You exceeded your current quota, please check your plan and billing details. For more information on this error,]"
stress,ancora_àncora_acute_frame,Dico áncora adesso.,it,якорь,wav/stress__ancora_àncora_acute_frame.wav,paolo,choice,Вариант 1: àncora (якорь) | Вариант 2: ancòra (ещё),1,,,"[ошибка: received 1011 (internal error) You exceeded your current quota, please check your plan and billing details. For more information on this error, head to: h; then sent 1011 (internal error) You exceeded your current quota, please check your plan and billing details. For more information on this error,]"
stress,ancora_ancòra_none_solo,ancora.,it,ещё,wav/stress__ancora_ancòra_none_solo.wav,paolo,choice,Вариант 1: ancòra (ещё) | Вариант 2: àncora (якорь),,,,"[ошибка: received 1011 (internal error) You exceeded your current quota, please check your plan and billing details. For more information on this error, head to: h; then sent 1011 (internal error) You exceeded your current quota, please check your plan and billing details. For more information on this error,]"
stress,ancora_ancòra_none_frame,Dico ancora adesso.,it,ещё,wav/stress__ancora_ancòra_none_frame.wav,paolo,choice,Вариант 1: àncora (якорь) | Вариант 2: ancòra (ещё),,,,"[ошибка: received 1011 (internal error) You exceeded your current quota, please check your plan and billing details. For more information on this error, head to: h; then sent 1011 (internal error) You exceeded your current quota, please check your plan and billing details. For more information on this error,]"
stress,ancora_ancòra_grave_solo,ancòra.,it,ещё,wav/stress__ancora_ancòra_grave_solo.wav,paolo,choice,Вариант 1: àncora (якорь) | Вариант 2: ancòra (ещё),2,,,"[ошибка: received 1011 (internal error) You exceeded your current quota, please check your plan and billing details. For more information on this error, head to: h; then sent 1011 (internal error) You exceeded your current quota, please check your plan and billing details. For more information on this error,]"
stress,ancora_ancòra_grave_frame,Dico ancòra adesso.,it,ещё,wav/stress__ancora_ancòra_grave_frame.wav,paolo,choice,Вариант 1: àncora (якорь) | Вариант 2: ancòra (ещё),2,,,"[ошибка: received 1011 (internal error) You exceeded your current quota, please check your plan and billing details. For more information on this error, head to: h; then sent 1011 (internal error) You exceeded your current quota, please check your plan and billing details. For more information on this error,]"
stress,ancora_ancòra_acute_solo,ancóra.,it,ещё,wav/stress__ancora_ancòra_acute_solo.wav,paolo,choice,Вариант 1: àncora (якорь) | Вариант 2: ancòra (ещё),2,,,"[ошибка: received 1011 (internal error) You exceeded your current quota, please check your plan and billing details. For more information on this error, head to: h; then sent 1011 (internal error) You exceeded your current quota, please check your plan and billing details. For more information on this error,]"
stress,ancora_ancòra_acute_frame,Dico ancóra adesso.,it,ещё,wav/stress__ancora_ancòra_acute_frame.wav,paolo,choice,Вариант 1: àncora (якорь) | Вариант 2: ancòra (ещё),2,,,"[ошибка: received 1011 (internal error) You exceeded your current quota, please check your plan and billing details. For more information on this error, head to: h; then sent 1011 (internal error) You exceeded your current quota, please check your plan and billing details. For more information on this error,]"
stress,capitano_càpitano_none_solo,capitano.,it,случаются,wav/stress__capitano_càpitano_none_solo.wav,paolo,choice,Вариант 1: capitàno (капитан) | Вариант 2: càpitano (случаются),,,,"[ошибка: received 1011 (internal error) You exceeded your current quota, please check your plan and billing details. For more information on this error, head to: h; then sent 1011 (internal error) You exceeded your current quota, please check your plan and billing details. For more information on this error,]"
stress,capitano_càpitano_none_frame,Dico capitano adesso.,it,случаются,wav/stress__capitano_càpitano_none_frame.wav,paolo,choice,Вариант 1: càpitano (случаются) | Вариант 2: capitàno (капитан),,,,"[ошибка: received 1011 (internal error) You exceeded your current quota, please check your plan and billing details. For more information on this error, head to: h; then sent 1011 (internal error) You exceeded your current quota, please check your plan and billing details. For more information on this error,]"
stress,capitano_càpitano_grave_solo,càpitano.,it,случаются,wav/stress__capitano_càpitano_grave_solo.wav,paolo,choice,Вариант 1: càpitano (случаются) | Вариант 2: capitàno (капитан),1,,,"[ошибка: received 1011 (internal error) You exceeded your current quota, please check your plan and billing details. For more information on this error, head to: h; then sent 1011 (internal error) You exceeded your current quota, please check your plan and billing details. For more information on this error,]"
stress,capitano_càpitano_grave_frame,Dico càpitano adesso.,it,случаются,wav/stress__capitano_càpitano_grave_frame.wav,paolo,choice,Вариант 1: capitàno (капитан) | Вариант 2: càpitano (случаются),2,,,"[ошибка: received 1011 (internal error) You exceeded your current quota, please check your plan and billing details. For more information on this error, head to: h; then sent 1011 (internal error) You exceeded your current quota, please check your plan and billing details. For more information on this error,]"
stress,capitano_càpitano_acute_solo,cápitano.,it,случаются,wav/stress__capitano_càpitano_acute_solo.wav,paolo,choice,Вариант 1: capitàno (капитан) | Вариант 2: càpitano (случаются),2,,,"[ошибка: received 1011 (internal error) You exceeded your current quota, please check your plan and billing details. For more information on this error, head to: h; then sent 1011 (internal error) You exceeded your current quota, please check your plan and billing details. For more information on this error,]"
stress,capitano_càpitano_acute_frame,Dico cápitano adesso.,it,случаются,wav/stress__capitano_càpitano_acute_frame.wav,paolo,choice,Вариант 1: càpitano (случаются) | Вариант 2: capitàno (капитан),1,,,"[ошибка: received 1011 (internal error) You exceeded your current quota, please check your plan and billing details. For more information on this error, head to: h; then sent 1011 (internal error) You exceeded your current quota, please check your plan and billing details. For more information on this error,]"
stress,capitano_capitàno_none_solo,capitano.,it,капитан,wav/stress__capitano_capitàno_none_solo.wav,paolo,choice,Вариант 1: capitàno (капитан) | Вариант 2: càpitano (случаются),,,,"[ошибка: received 1011 (internal error) You exceeded your current quota, please check your plan and billing details. For more information on this error, head to: h; then sent 1011 (internal error) You exceeded your current quota, please check your plan and billing details. For more information on this error,]"
stress,capitano_capitàno_none_frame,Dico capitano adesso.,it,капитан,wav/stress__capitano_capitàno_none_frame.wav,paolo,choice,Вариант 1: capitàno (капитан) | Вариант 2: càpitano (случаются),,,,"[ошибка: received 1011 (internal error) You exceeded your current quota, please check your plan and billing details. For more information on this error, head to: h; then sent 1011 (internal error) You exceeded your current quota, please check your plan and billing details. For more information on this error,]"
stress,capitano_capitàno_grave_solo,capitàno.,it,капитан,wav/stress__capitano_capitàno_grave_solo.wav,paolo,choice,Вариант 1: capitàno (капитан) | Вариант 2: càpitano (случаются),1,,,"[ошибка: received 1011 (internal error) You exceeded your current quota, please check your plan and billing details. For more information on this error, head to: h; then sent 1011 (internal error) You exceeded your current quota, please check your plan and billing details. For more information on this error,]"
stress,capitano_capitàno_grave_frame,Dico capitàno adesso.,it,капитан,wav/stress__capitano_capitàno_grave_frame.wav,paolo,choice,Вариант 1: capitàno (капитан) | Вариант 2: càpitano (случаются),1,,,"[ошибка: received 1011 (internal error) You exceeded your current quota, please check your plan and billing details. For more information on this error, head to: h; then sent 1011 (internal error) You exceeded your current quota, please check your plan and billing details. For more information on this error,]"
stress,capitano_capitàno_acute_solo,capitáno.,it,капитан,wav/stress__capitano_capitàno_acute_solo.wav,paolo,choice,Вариант 1: càpitano (случаются) | Вариант 2: capitàno (капитан),2,,,"[ошибка: received 1011 (internal error) You exceeded your current quota, please check your plan and billing details. For more information on this error, head to: h; then sent 1011 (internal error) You exceeded your current quota, please check your plan and billing details. For more information on this error,]"
stress,capitano_capitàno_acute_frame,Dico capitáno adesso.,it,капитан,wav/stress__capitano_capitàno_acute_frame.wav,paolo,choice,Вариант 1: capitàno (капитан) | Вариант 2: càpitano (случаются),1,,,"[ошибка: received 1011 (internal error) You exceeded your current quota, please check your plan and billing details. For more information on this error, head to: h; then sent 1011 (internal error) You exceeded your current quota, please check your plan and billing details. For more information on this error,]"
stress,principi_prìncipi_none_solo,principi.,it,принцы,wav/stress__principi_prìncipi_none_solo.wav,paolo,choice,Вариант 1: princìpi (принципы) | Вариант 2: prìncipi (принцы),,,,"[ошибка: received 1011 (internal error) You exceeded your current quota, please check your plan and billing details. For more information on this error, head to: h; then sent 1011 (internal error) You exceeded your current quota, please check your plan and billing details. For more information on this error,]"
stress,principi_prìncipi_none_frame,Dico principi adesso.,it,принцы,wav/stress__principi_prìncipi_none_frame.wav,paolo,choice,Вариант 1: prìncipi (принцы) | Вариант 2: princìpi (принципы),,,,"[ошибка: received 1011 (internal error) You exceeded your current quota, please check your plan and billing details. For more information on this error, head to: h; then sent 1011 (internal error) You exceeded your current quota, please check your plan and billing details. For more information on this error,]"
stress,principi_prìncipi_grave_solo,prìncipi.,it,принцы,wav/stress__principi_prìncipi_grave_solo.wav,paolo,choice,Вариант 1: prìncipi (принцы) | Вариант 2: princìpi (принципы),1,,,"[ошибка: received 1011 (internal error) You exceeded your current quota, please check your plan and billing details. For more information on this error, head to: h; then sent 1011 (internal error) You exceeded your current quota, please check your plan and billing details. For more information on this error,]"
stress,principi_prìncipi_grave_frame,Dico prìncipi adesso.,it,принцы,wav/stress__principi_prìncipi_grave_frame.wav,paolo,choice,Вариант 1: princìpi (принципы) | Вариант 2: prìncipi (принцы),2,,,"[ошибка: received 1011 (internal error) You exceeded your current quota, please check your plan and billing details. For more information on this error, head to: h; then sent 1011 (internal error) You exceeded your current quota, please check your plan and billing details. For more information on this error,]"
stress,principi_prìncipi_acute_solo,príncipi.,it,принцы,wav/stress__principi_prìncipi_acute_solo.wav,paolo,choice,Вариант 1: princìpi (принципы) | Вариант 2: prìncipi (принцы),2,,,"[ошибка: received 1011 (internal error) You exceeded your current quota, please check your plan and billing details. For more information on this error, head to: h; then sent 1011 (internal error) You exceeded your current quota, please check your plan and billing details. For more information on this error,]"
stress,principi_prìncipi_acute_frame,Dico príncipi adesso.,it,принцы,wav/stress__principi_prìncipi_acute_frame.wav,paolo,choice,Вариант 1: princìpi (принципы) | Вариант 2: prìncipi (принцы),2,,,"[ошибка: received 1011 (internal error) You exceeded your current quota, please check your plan and billing details. For more information on this error, head to: h; then sent 1011 (internal error) You exceeded your current quota, please check your plan and billing details. For more information on this error,]"
stress,principi_princìpi_none_solo,principi.,it,принципы,wav/stress__principi_princìpi_none_solo.wav,paolo,choice,Вариант 1: princìpi (принципы) | Вариант 2: prìncipi (принцы),,,,"[ошибка: received 1011 (internal error) You exceeded your current quota, please check your plan and billing details. For more information on this error, head to: h; then sent 1011 (internal error) You exceeded your current quota, please check your plan and billing details. For more information on this error,]"
stress,principi_princìpi_none_frame,Dico principi adesso.,it,принципы,wav/stress__principi_princìpi_none_frame.wav,paolo,choice,Вариант 1: prìncipi (принцы) | Вариант 2: princìpi (принципы),,,,"[ошибка: received 1011 (internal error) You exceeded your current quota, please check your plan and billing details. For more information on this error, head to: h; then sent 1011 (internal error) You exceeded your current quota, please check your plan and billing details. For more information on this error,]"
stress,principi_princìpi_grave_solo,princìpi.,it,принципы,wav/stress__principi_princìpi_grave_solo.wav,paolo,choice,Вариант 1: prìncipi (принцы) | Вариант 2: princìpi (принципы),2,,,"[ошибка: received 1011 (internal error) You exceeded your current quota, please check your plan and billing details. For more information on this error, head to: h; then sent 1011 (internal error) You exceeded your current quota, please check your plan and billing details. For more information on this error,]"
stress,principi_princìpi_grave_frame,Dico princìpi adesso.,it,принципы,wav/stress__principi_princìpi_grave_frame.wav,paolo,choice,Вариант 1: princìpi (принципы) | Вариант 2: prìncipi (принцы),1,,,"[ошибка: received 1011 (internal error) You exceeded your current quota, please check your plan and billing details. For more information on this error, head to: h; then sent 1011 (internal error) You exceeded your current quota, please check your plan and billing details. For more information on this error,]"
stress,principi_princìpi_acute_solo,princípi.,it,принципы,wav/stress__principi_princìpi_acute_solo.wav,paolo,choice,Вариант 1: prìncipi (принцы) | Вариант 2: princìpi (принципы),2,,,"[ошибка: received 1011 (internal error) You exceeded your current quota, please check your plan and billing details. For more information on this error, head to: h; then sent 1011 (internal error) You exceeded your current quota, please check your plan and billing details. For more information on this error,]"
stress,principi_princìpi_acute_frame,Dico princípi adesso.,it,принципы,wav/stress__principi_princìpi_acute_frame.wav,paolo,choice,Вариант 1: princìpi (принципы) | Вариант 2: prìncipi (принцы),1,,,"[ошибка: received 1011 (internal error) You exceeded your current quota, please check your plan and billing details. For more information on this error, head to: h; then sent 1011 (internal error) You exceeded your current quota, please check your plan and billing details. For more information on this error,]"
it_context,ancora_ancòra_plain,Vorrei ancora un caffè.,it,"контекст, без знака",wav/it_context__ancora_ancòra_plain.wav,paolo,choice,Вариант 1: ancòra (ещё) | Вариант 2: àncora (якорь),1,,,"[ошибка: received 1011 (internal error) You exceeded your current quota, please check your plan and billing details. For more information on this error, head to: h; then sent 1011 (internal error) You exceeded your current quota, please check your plan and billing details. For more information on this error,]"
it_context,ancora_ancòra_mark,Vorrei ancòra un caffè.,it,со знаком,wav/it_context__ancora_ancòra_mark.wav,paolo,choice,Вариант 1: àncora (якорь) | Вариант 2: ancòra (ещё),2,,,"[ошибка: received 1011 (internal error) You exceeded your current quota, please check your plan and billing details. For more information on this error, head to: h; then sent 1011 (internal error) You exceeded your current quota, please check your plan and billing details. For more information on this error,]"
it_context,ancora_àncora_plain,La nave getta l'ancora in porto.,it,"контекст, без знака",wav/it_context__ancora_àncora_plain.wav,paolo,choice,Вариант 1: ancòra (ещё) | Вариант 2: àncora (якорь),2,,,"[ошибка: received 1011 (internal error) You exceeded your current quota, please check your plan and billing details. For more information on this error, head to: h; then sent 1011 (internal error) You exceeded your current quota, please check your plan and billing details. For more information on this error,]"
it_context,ancora_àncora_mark,La nave getta l'àncora in porto.,it,со знаком,wav/it_context__ancora_àncora_mark.wav,paolo,choice,Вариант 1: ancòra (ещё) | Вариант 2: àncora (якорь),2,,,"[ошибка: received 1011 (internal error) You exceeded your current quota, please check your plan and billing details. For more information on this error, head to: h; then sent 1011 (internal error) You exceeded your current quota, please check your plan and billing details. For more information on this error,]"
it_context,principi_princìpi_plain,I principi della fisica sono semplici.,it,"контекст, без знака",wav/it_context__principi_princìpi_plain.wav,paolo,choice,Вариант 1: prìncipi (принцы) | Вариант 2: princìpi (принципы),2,,,"[ошибка: received 1011 (internal error) You exceeded your current quota, please check your plan and billing details. For more information on this error, head to: h; then sent 1011 (internal error) You exceeded your current quota, please check your plan and billing details. For more information on this error,]"
it_context,principi_princìpi_mark,I princìpi della fisica sono semplici.,it,со знаком,wav/it_context__principi_princìpi_mark.wav,paolo,choice,Вариант 1: prìncipi (принцы) | Вариант 2: princìpi (принципы),2,,,"[ошибка: received 1011 (internal error) You exceeded your current quota, please check your plan and billing details. For more information on this error, head to: h; then sent 1011 (internal error) You exceeded your current quota, please check your plan and billing details. For more information on this error,]"
it_context,principi_prìncipi_plain,Il re e la regina hanno due figli: sono principi.,it,"контекст, без знака",wav/it_context__principi_prìncipi_plain.wav,paolo,choice,Вариант 1: princìpi (принципы) | Вариант 2: prìncipi (принцы),2,,,"[ошибка: received 1011 (internal error) You exceeded your current quota, please check your plan and billing details. For more information on this error, head to: h; then sent 1011 (internal error) You exceeded your current quota, please check your plan and billing details. For more information on this error,]"
it_context,principi_prìncipi_mark,Il re e la regina hanno due figli: sono prìncipi.,it,со знаком,wav/it_context__principi_prìncipi_mark.wav,paolo,choice,Вариант 1: princìpi (принципы) | Вариант 2: prìncipi (принцы),2,,,"[ошибка: received 1011 (internal error) You exceeded your current quota, please check your plan and billing details. For more information on this error, head to: h; then sent 1011 (internal error) You exceeded your current quota, please check your plan and billing details. For more information on this error,]"
it_context,capitano_capitàno_plain,Il capitano parla con i marinai.,it,"контекст, без знака",wav/it_context__capitano_capitàno_plain.wav,paolo,choice,Вариант 1: càpitano (случаются) | Вариант 2: capitàno (капитан),2,,,"[ошибка: received 1011 (internal error) You exceeded your current quota, please check your plan and billing details. For more information on this error, head to: h; then sent 1011 (internal error) You exceeded your current quota, please check your plan and billing details. For more information on this error,]"
it_context,capitano_capitàno_mark,Il capitàno parla con i marinai.,it,со знаком,wav/it_context__capitano_capitàno_mark.wav,paolo,choice,Вариант 1: càpitano (случаются) | Вариант 2: capitàno (капитан),2,,,"[ошибка: received 1011 (internal error) You exceeded your current quota, please check your plan and billing details. For more information on this error, head to: h; then sent 1011 (internal error) You exceeded your current quota, please check your plan and billing details. For more information on this error,]"
it_context,capitano_càpitano_plain,Queste cose capitano spesso.,it,"контекст, без знака",wav/it_context__capitano_càpitano_plain.wav,paolo,choice,Вариант 1: capitàno (капитан) | Вариант 2: càpitano (случаются),2,,,"[ошибка: received 1011 (internal error) You exceeded your current quota, please check your plan and billing details. For more information on this error, head to: h; then sent 1011 (internal error) You exceeded your current quota, please check your plan and billing details. For more information on this error,]"
it_context,capitano_càpitano_mark,Queste cose càpitano spesso.,it,со знаком,wav/it_context__capitano_càpitano_mark.wav,paolo,choice,Вариант 1: càpitano (случаются) | Вариант 2: capitàno (капитан),1,,,"[ошибка: received 1011 (internal error) You exceeded your current quota, please check your plan and billing details. For more information on this error, head to: h; then sent 1011 (internal error) You exceeded your current quota, please check your plan and billing details. For more information on this error,]"
it_context,subito_sùbito_plain,Vieni subito qui!,it,"контекст, без знака",wav/it_context__subito_sùbito_plain.wav,paolo,choice,"Вариант 1: subìto (перенёс, пострадал от) | Вариант 2: sùbito (сразу)",2,,,"[ошибка: received 1011 (internal error) You exceeded your current quota, please check your plan and billing details. For more information on this error, head to: h; then sent 1011 (internal error) You exceeded your current quota, please check your plan and billing details. For more information on this error,]"
it_context,subito_sùbito_mark,Vieni sùbito qui!,it,со знаком,wav/it_context__subito_sùbito_mark.wav,paolo,choice,"Вариант 1: sùbito (сразу) | Вариант 2: subìto (перенёс, пострадал от)",1,,,"[ошибка: received 1011 (internal error) You exceeded your current quota, please check your plan and billing details. For more information on this error, head to: h; then sent 1011 (internal error) You exceeded your current quota, please check your plan and billing details. For more information on this error,]"
it_context,subito_subìto_plain,Ha subito un furto ieri sera.,it,"контекст, без знака",wav/it_context__subito_subìto_plain.wav,paolo,choice,"Вариант 1: sùbito (сразу) | Вариант 2: subìto (перенёс, пострадал от)",2,,,"[ошибка: received 1011 (internal error) You exceeded your current quota, please check your plan and billing details. For more information on this error, head to: h; then sent 1011 (internal error) You exceeded your current quota, please check your plan and billing details. For more information on this error,]"
it_context,subito_subìto_mark,Ha subìto un furto ieri sera.,it,со знаком,wav/it_context__subito_subìto_mark.wav,paolo,choice,"Вариант 1: sùbito (сразу) | Вариант 2: subìto (перенёс, пострадал от)",2,,,"[ошибка: received 1011 (internal error) You exceeded your current quota, please check your plan and billing details. For more information on this error, head to: h; then sent 1011 (internal error) You exceeded your current quota, please check your plan and billing details. For more information on this error,]"
it_ambiguous,plain,Ho visto i principi.,it,,wav/it_ambiguous__plain.wav,paolo,choice,Вариант 1: princìpi (принципы) | Вариант 2: prìncipi (принцы),,,,"[ошибка: received 1011 (internal error) You exceeded your current quota, please check your plan and billing details. For more information on this error, head to: h; then sent 1011 (internal error) You exceeded your current quota, please check your plan and billing details. For more information on this error,]"
it_ambiguous,princes,Ho visto i prìncipi.,it,,wav/it_ambiguous__princes.wav,paolo,choice,Вариант 1: princìpi (принципы) | Вариант 2: prìncipi (принцы),2,,,"[ошибка: received 1011 (internal error) You exceeded your current quota, please check your plan and billing details. For more information on this error, head to: h; then sent 1011 (internal error) You exceeded your current quota, please check your plan and billing details. For more information on this error,]"
it_ambiguous,principles,Ho visto i princìpi.,it,,wav/it_ambiguous__principles.wav,paolo,choice,Вариант 1: princìpi (принципы) | Вариант 2: prìncipi (принцы),1,,,"[ошибка: received 1011 (internal error) You exceeded your current quota, please check your plan and billing details. For more information on this error, head to: h; then sent 1011 (internal error) You exceeded your current quota, please check your plan and billing details. For more information on this error,]"
he_basic,00,"שלום, מה שלומך?",he,,wav/he_basic__00.wav,hava,rate,,,,,"[ошибка: received 1011 (internal error) You exceeded your current quota, please check your plan and billing details. For more information on this error, head to: h; then sent 1011 (internal error) You exceeded your current quota, please check your plan and billing details. For more information on this error,]"
he_basic,01,קוראים לי פאולו.,he,,wav/he_basic__01.wav,hava,rate,,,,,"[ошибка: received 1011 (internal error) You exceeded your current quota, please check your plan and billing details. For more information on this error, head to: h; then sent 1011 (internal error) You exceeded your current quota, please check your plan and billing details. For more information on this error,]"
he_basic,02,"אני רוצה כוס קפה, בבקשה.",he,,wav/he_basic__02.wav,hava,rate,,,,,"[ошибка: received 1011 (internal error) You exceeded your current quota, please check your plan and billing details. For more information on this error, head to: h; then sent 1011 (internal error) You exceeded your current quota, please check your plan and billing details. For more information on this error,]"
he_basic,03,איפה התחנה?,he,,wav/he_basic__03.wav,hava,rate,,,,,"[ошибка: received 1011 (internal error) You exceeded your current quota, please check your plan and billing details. For more information on this error, head to: h; then sent 1011 (internal error) You exceeded your current quota, please check your plan and billing details. For more information on this error,]"
he_basic,04,כמה זה עולה?,he,,wav/he_basic__04.wav,hava,rate,,,,,"[ошибка: received 1011 (internal error) You exceeded your current quota, please check your plan and billing details. For more information on this error, head to: h; then sent 1011 (internal error) You exceeded your current quota, please check your plan and billing details. For more information on this error,]"
he_basic,05,אני גר בתל אביב.,he,,wav/he_basic__05.wav,hava,rate,,,,,"[ошибка: received 1011 (internal error) You exceeded your current quota, please check your plan and billing details. For more information on this error, head to: h; then sent 1011 (internal error) You exceeded your current quota, please check your plan and billing details. For more information on this error,]"
he_context,boker_morning_plain,בוקר טוב!,he,без огласовок (как сейчас в Chatterbox),wav/he_context__boker_morning_plain.wav,hava,choice,"Вариант 1: בּוֹקֵר, бокéр — ковбой | Вариант 2: בֹּקֶר, бóкер — утро",2,,,"[ошибка: received 1011 (internal error) You exceeded your current quota, please check your plan and billing details. For more information on this error, head to: h; then sent 1011 (internal error) You exceeded your current quota, please check your plan and billing details. For more information on this error,]"
he_context,boker_morning_dicta,בֹּוקֶר טוֹב!,he,Dicta (≠ вручную),wav/he_context__boker_morning_dicta.wav,hava,choice,"Вариант 1: בֹּקֶר, бóкер — утро | Вариант 2: בּוֹקֵר, бокéр — ковбой",1,,,"[ошибка: received 1011 (internal error) You exceeded your current quota, please check your plan and billing details. For more information on this error, head to: h; then sent 1011 (internal error) You exceeded your current quota, please check your plan and billing details. For more information on this error,]"
he_context,boker_morning_manual,בֹּקֶר טוֹב!,he,огласовки вручную,wav/he_context__boker_morning_manual.wav,hava,choice,"Вариант 1: בּוֹקֵר, бокéр — ковбой | Вариант 2: בֹּקֶר, бóкер — утро",2,,,"[ошибка: received 1011 (internal error) You exceeded your current quota, please check your plan and billing details. For more information on this error, head to: h; then sent 1011 (internal error) You exceeded your current quota, please check your plan and billing details. For more information on this error,]"
he_context,boker_cowboy_plain,הבוקר רכב על סוס.,he,без огласовок (как сейчас в Chatterbox),wav/he_context__boker_cowboy_plain.wav,hava,choice,"Вариант 1: בּוֹקֵר, бокéр — ковбой | Вариант 2: בֹּקֶר, бóкер — утро",1,,,"[ошибка: received 1011 (internal error) You exceeded your current quota, please check your plan and billing details. For more information on this error, head to: h; then sent 1011 (internal error) You exceeded your current quota, please check your plan and billing details. For more information on this error,]"
he_context,boker_cowboy_dicta,הַבֹּוקֶר רָכַב עַל סוּס.,he,Dicta (≠ вручную),wav/he_context__boker_cowboy_dicta.wav,hava,choice,"Вариант 1: בּוֹקֵר, бокéр — ковбой | Вариант 2: בֹּקֶר, бóкер — утро",1,,,"[ошибка: received 1011 (internal error) You exceeded your current quota, please check your plan and billing details. For more information on this error, head to: h; then sent 1011 (internal error) You exceeded your current quota, please check your plan and billing details. For more information on this error,]"
he_context,boker_cowboy_manual,הַבּוֹקֵר רָכַב עַל סוּס.,he,огласовки вручную,wav/he_context__boker_cowboy_manual.wav,hava,choice,"Вариант 1: בֹּקֶר, бóкер — утро | Вариант 2: בּוֹקֵר, бокéр — ковбой",2,,,"[ошибка: received 1011 (internal error) You exceeded your current quota, please check your plan and billing details. For more information on this error, head to: h; then sent 1011 (internal error) You exceeded your current quota, please check your plan and billing details. For more information on this error,]"
he_context,okhel_food_plain,האוכל על השולחן.,he,без огласовок (как сейчас в Chatterbox),wav/he_context__okhel_food_plain.wav,hava,choice,"Вариант 1: אוֹכֵל, охéль — ест | Вариант 2: אֹכֶל, óхель — еда",2,,,"[ошибка: received 1011 (internal error) You exceeded your current quota, please check your plan and billing details. For more information on this error, head to: h; then sent 1011 (internal error) You exceeded your current quota, please check your plan and billing details. For more information on this error,]"
he_context,okhel_food_dicta,הָאֹוכֶל עַל הַשֻּׁולְחָן.,he,Dicta (≠ вручную),wav/he_context__okhel_food_dicta.wav,hava,choice,"Вариант 1: אֹכֶל, óхель — еда | Вариант 2: אוֹכֵל, охéль — ест",1,,,"[ошибка: received 1011 (internal error) You exceeded your current quota, please check your plan and billing details. For more information on this error, head to: h; then sent 1011 (internal error) You exceeded your current quota, please check your plan and billing details. For more information on this error,]"
he_context,okhel_food_manual,הָאֹכֶל עַל הַשֻּׁלְחָן.,he,огласовки вручную,wav/he_context__okhel_food_manual.wav,hava,choice,"Вариант 1: אוֹכֵל, охéль — ест | Вариант 2: אֹכֶל, óхель — еда",2,,,"[ошибка: received 1011 (internal error) You exceeded your current quota, please check your plan and billing details. For more information on this error, head to: h; then sent 1011 (internal error) You exceeded your current quota, please check your plan and billing details. For more information on this error,]"
he_context,okhel_eats_plain,הוא אוכל לחם.,he,без огласовок (как сейчас в Chatterbox),wav/he_context__okhel_eats_plain.wav,hava,choice,"Вариант 1: אוֹכֵל, охéль — ест | Вариант 2: אֹכֶל, óхель — еда",1,,,"[ошибка: received 1011 (internal error) You exceeded your current quota, please check your plan and billing details. For more information on this error, head to: h; then sent 1011 (internal error) You exceeded your current quota, please check your plan and billing details. For more information on this error,]"
he_context,okhel_eats_dicta,הוּא אוֹכֵל לֶחֶם.,he,Dicta,wav/he_context__okhel_eats_dicta.wav,hava,choice,"Вариант 1: אוֹכֵל, охéль — ест | Вариант 2: אֹכֶל, óхель — еда",1,,,"[ошибка: received 1011 (internal error) You exceeded your current quota, please check your plan and billing details. For more information on this error, head to: h; then sent 1011 (internal error) You exceeded your current quota, please check your plan and billing details. For more information on this error,]"
he_context,okhel_eats_manual,הוּא אוֹכֵל לֶחֶם.,he,огласовки вручную,wav/he_context__okhel_eats_manual.wav,hava,choice,"Вариант 1: אֹכֶל, óхель — еда | Вариант 2: אוֹכֵל, охéль — ест",2,,,"[ошибка: received 1011 (internal error) You exceeded your current quota, please check your plan and billing details. For more information on this error, head to: h; then sent 1011 (internal error) You exceeded your current quota, please check your plan and billing details. For more information on this error,]"
he_context,sefer_book_plain,אני קורא ספר.,he,без огласовок (как сейчас в Chatterbox),wav/he_context__sefer_book_plain.wav,hava,choice,"Вариант 1: סֵפֶר, сэ́фер — книга | Вариант 2: סַפָּר, сапáр — парикмахер",1,,,"[ошибка: received 1011 (internal error) You exceeded your current quota, please check your plan and billing details. For more information on this error, head to: h; then sent 1011 (internal error) You exceeded your current quota, please check your plan and billing details. For more information on this error,]"
he_context,sefer_book_dicta,אֲנִי קוֹרֵא סֵפֶר.,he,Dicta,wav/he_context__sefer_book_dicta.wav,hava,choice,"Вариант 1: סֵפֶר, сэ́фер — книга | Вариант 2: סַפָּר, сапáр — парикмахер",1,,,"[ошибка: received 1011 (internal error) You exceeded your current quota, please check your plan and billing details. For more information on this error, head to: h; then sent 1011 (internal error) You exceeded your current quota, please check your plan and billing details. For more information on this error,]"
he_context,sefer_book_manual,אֲנִי קוֹרֵא סֵפֶר.,he,огласовки вручную,wav/he_context__sefer_book_manual.wav,hava,choice,"Вариант 1: סַפָּר, сапáр — парикмахер | Вариант 2: סֵפֶר, сэ́фер — книга",2,,,"[ошибка: received 1011 (internal error) You exceeded your current quota, please check your plan and billing details. For more information on this error, head to: h; then sent 1011 (internal error) You exceeded your current quota, please check your plan and billing details. For more information on this error,]"
he_context,sapar_barber_plain,הספר גזר לי את השיער.,he,без огласовок (как сейчас в Chatterbox),wav/he_context__sapar_barber_plain.wav,hava,choice,"Вариант 1: סַפָּר, сапáр — парикмахер | Вариант 2: סֵפֶר, сэ́фер — книга",1,,,"[ошибка: received 1011 (internal error) You exceeded your current quota, please check your plan and billing details. For more information on this error, head to: h; then sent 1011 (internal error) You exceeded your current quota, please check your plan and billing details. For more information on this error,]"
he_context,sapar_barber_dicta,הַסֵּפֶר גָּזַר לִי אֶת הַשֵּׂיעָר.,he,Dicta (≠ вручную),wav/he_context__sapar_barber_dicta.wav,hava,choice,"Вариант 1: סֵפֶר, сэ́фер — книга | Вариант 2: סַפָּר, сапáр — парикмахер",2,,,"[ошибка: received 1011 (internal error) You exceeded your current quota, please check your plan and billing details. For more information on this error, head to: h; then sent 1011 (internal error) You exceeded your current quota, please check your plan and billing details. For more information on this error,]"
he_context,sapar_barber_manual,הַסַּפָּר גָּזַר לִי אֶת הַשֵּׂעָר.,he,огласовки вручную,wav/he_context__sapar_barber_manual.wav,hava,choice,"Вариант 1: סַפָּר, сапáр — парикмахер | Вариант 2: סֵפֶר, сэ́фер — книга",1,,,"[ошибка: received 1011 (internal error) You exceeded your current quota, please check your plan and billing details. For more information on this error, head to: h; then sent 1011 (internal error) You exceeded your current quota, please check your plan and billing details. For more information on this error,]"
he_context,banu_built_plain,הם בנו בית חדש.,he,без огласовок (как сейчас в Chatterbox),wav/he_context__banu_built_plain.wav,hava,choice,Вариант 1: банý — «построили» (ударение на последний) | Вариант 2: бáну — «в нас» (ударение на первый слог),1,,,"[ошибка: received 1011 (internal error) You exceeded your current quota, please check your plan and billing details. For more information on this error, head to: h; then sent 1011 (internal error) You exceeded your current quota, please check your plan and billing details. For more information on this error,]"
he_context,banu_built_dicta,הֵם בָּנוּ בַּיִת חָדָשׁ.,he,Dicta,wav/he_context__banu_built_dicta.wav,hava,choice,Вариант 1: бáну — «в нас» (ударение на первый слог) | Вариант 2: банý — «построили» (ударение на последний),2,,,"[ошибка: received 1011 (internal error) You exceeded your current quota, please check your plan and billing details. For more information on this error, head to: h; then sent 1011 (internal error) You exceeded your current quota, please check your plan and billing details. For more information on this error,]"
he_context,banu_built_manual,הֵם בָּנוּ בַּיִת חָדָשׁ.,he,огласовки вручную,wav/he_context__banu_built_manual.wav,hava,choice,Вариант 1: банý — «построили» (ударение на последний) | Вариант 2: бáну — «в нас» (ударение на первый слог),1,,,"[ошибка: received 1011 (internal error) You exceeded your current quota, please check your plan and billing details. For more information on this error, head to: h; then sent 1011 (internal error) You exceeded your current quota, please check your plan and billing details. For more information on this error,]"
he_context,banu_in_us_plain,הוא בוטח בנו.,he,без огласовок (как сейчас в Chatterbox),wav/he_context__banu_in_us_plain.wav,hava,choice,Вариант 1: бáну — «в нас» (ударение на первый слог) | Вариант 2: банý — «построили» (ударение на последний),,,,"[ошибка: received 1011 (internal error) You exceeded your current quota, please check your plan and billing details. For more information on this error, head to: h; then sent 1011 (internal error) You exceeded your current quota, please check your plan and billing details. For more information on this error,]"
he_context,banu_in_us_dicta,הוּא בּוֹטֵחַ בָּנוּ.,he,Dicta,wav/he_context__banu_in_us_dicta.wav,hava,choice,Вариант 1: бáну — «в нас» (ударение на первый слог) | Вариант 2: банý — «построили» (ударение на последний),,,,"[ошибка: received 1011 (internal error) You exceeded your current quota, please check your plan and billing details. For more information on this error, head to: h; then sent 1011 (internal error) You exceeded your current quota, please check your plan and billing details. For more information on this error,]"
he_context,banu_in_us_manual,הוּא בּוֹטֵחַ בָּנוּ.,he,огласовки вручную,wav/he_context__banu_in_us_manual.wav,hava,choice,Вариант 1: бáну — «в нас» (ударение на первый слог) | Вариант 2: банý — «построили» (ударение на последний),,,,"[ошибка: received 1011 (internal error) You exceeded your current quota, please check your plan and billing details. For more information on this error, head to: h; then sent 1011 (internal error) You exceeded your current quota, please check your plan and billing details. For more information on this error,]"
he_context,shlomekh_fem_plain,"שלום, מה שלומך?",he,без огласовок (как сейчас в Chatterbox),wav/he_context__shlomekh_fem_plain.wav,hava,choice,Вариант 1: шломхá — обращение к мужчине | Вариант 2: шломéх — обращение к женщине,2,,,"[ошибка: received 1011 (internal error) You exceeded your current quota, please check your plan and billing details. For more information on this error, head to: h; then sent 1011 (internal error) You exceeded your current quota, please check your plan and billing details. For more information on this error,]"
he_context,shlomekh_fem_dicta,"שָׁלוֹם, מָה שְׁלוֹמְךָ?",he,Dicta (≠ вручную),wav/he_context__shlomekh_fem_dicta.wav,hava,choice,Вариант 1: шломхá — обращение к мужчине | Вариант 2: шломéх — обращение к женщине,2,,,"[ошибка: received 1011 (internal error) You exceeded your current quota, please check your plan and billing details. For more information on this error, head to: h; then sent 1011 (internal error) You exceeded your current quota, please check your plan and billing details. For more information on this error,]"
he_context,shlomekh_fem_manual,"שָׁלוֹם, מַה שְּׁלוֹמֵךְ?",he,огласовки вручную,wav/he_context__shlomekh_fem_manual.wav,hava,choice,Вариант 1: шломхá — обращение к мужчине | Вариант 2: шломéх — обращение к женщине,2,,,"[ошибка: received 1011 (internal error) You exceeded your current quota, please check your plan and billing details. For more information on this error, head to: h; then sent 1011 (internal error) You exceeded your current quota, please check your plan and billing details. For more information on this error,]"
he_ambiguous,plain,הבוקר היה נחמד.,he,,wav/he_ambiguous__plain.wav,hava,choice,"Вариант 1: בּוֹקֵר, бокéр — ковбой | Вариант 2: בֹּקֶר, бóкер — утро",,,,"[ошибка: received 1011 (internal error) You exceeded your current quota, please check your plan and billing details. For more information on this error, head to: h; then sent 1011 (internal error) You exceeded your current quota, please check your plan and billing details. For more information on this error,]"
he_ambiguous,morning,הַבֹּקֶר הָיָה נֶחְמָד.,he,,wav/he_ambiguous__morning.wav,hava,choice,"Вариант 1: בּוֹקֵר, бокéр — ковбой | Вариант 2: בֹּקֶר, бóкер — утро",2,,,"[ошибка: received 1011 (internal error) You exceeded your current quota, please check your plan and billing details. For more information on this error, head to: h; then sent 1011 (internal error) You exceeded your current quota, please check your plan and billing details. For more information on this error,]"
he_ambiguous,cowboy,הַבּוֹקֵר הָיָה נֶחְמָד.,he,,wav/he_ambiguous__cowboy.wav,hava,choice,"Вариант 1: בֹּקֶר, бóкер — утро | Вариант 2: בּוֹקֵר, бокéр — ковбой",2,,,"[ошибка: received 1011 (internal error) You exceeded your current quota, please check your plan and billing details. For more information on this error, head to: h; then sent 1011 (internal error) You exceeded your current quota, please check your plan and billing details. For more information on this error,]"
he_stress,banu_plain,בָּנוּ.,he,,wav/he_stress__banu_plain.wav,hava,choice,Вариант 1: бáну — «в нас» (ударение на первый слог) | Вариант 2: банý — «построили» (ударение на последний),,,,"[ошибка: received 1011 (internal error) You exceeded your current quota, please check your plan and billing details. For more information on this error, head to: h; then sent 1011 (internal error) You exceeded your current quota, please check your plan and billing details. For more information on this error,]"
he_stress,banu_ole_first,בָּ֫נוּ.,he,,wav/he_stress__banu_ole_first.wav,hava,choice,Вариант 1: банý — «построили» (ударение на последний) | Вариант 2: бáну — «в нас» (ударение на первый слог),2,,,"[ошибка: received 1011 (internal error) You exceeded your current quota, please check your plan and billing details. For more information on this error, head to: h; then sent 1011 (internal error) You exceeded your current quota, please check your plan and billing details. For more information on this error,]"
he_stress,shalom_plain,שָׁלוֹם.,he,,wav/he_stress__shalom_plain.wav,hava,choice,Вариант 1: шалóм — ударение на последний слог | Вариант 2: шáлом — ударение на первый слог,1,,,"[ошибка: received 1011 (internal error) You exceeded your current quota, please check your plan and billing details. For more information on this error, head to: h; then sent 1011 (internal error) You exceeded your current quota, please check your plan and billing details. For more information on this error,]"
he_stress,shalom_ole_wrong,שָׁ֫לוֹם.,he,,wav/he_stress__shalom_ole_wrong.wav,hava,choice,Вариант 1: шáлом — ударение на первый слог | Вариант 2: шалóм — ударение на последний слог,1,,,"[ошибка: received 1011 (internal error) You exceeded your current quota, please check your plan and billing details. For more information on this error, head to: h; then sent 1011 (internal error) You exceeded your current quota, please check your plan and billing details. For more information on this error,]"
geminates,pala_palla,Pala. Palla.,it,,wav/geminates__pala_palla.wav,paolo,choice,"Вариант 1: оба раза palla | Вариант 2: оба раза pala | Вариант 3: сначала palla, потом pala | Вариант 4: сначала pala, потом palla",4,,,"[ошибка: received 1011 (internal error) You exceeded your current quota, please check your plan and billing details. For more information on this error, head to: h; then sent 1011 (internal error) You exceeded your current quota, please check your plan and billing details. For more information on this error,]"
geminates,pala_palla_sent,"Ho detto pala, non palla.",it,,wav/geminates__pala_palla_sent.wav,paolo,choice,"Вариант 1: сначала pala, потом palla | Вариант 2: сначала palla, потом pala | Вариант 3: оба раза palla | Вариант 4: оба раза pala",1,,,"[ошибка: received 1011 (internal error) You exceeded your current quota, please check your plan and billing details. For more information on this error, head to: h; then sent 1011 (internal error) You exceeded your current quota, please check your plan and billing details. For more information on this error,]"
geminates,caro_carro,Caro. Carro.,it,,wav/geminates__caro_carro.wav,paolo,choice,"Вариант 1: сначала caro, потом carro | Вариант 2: сначала carro, потом caro | Вариант 3: оба раза caro | Вариант 4: оба раза carro",1,,,"[ошибка: received 1011 (internal error) You exceeded your current quota, please check your plan and billing details. For more information on this error, head to: h; then sent 1011 (internal error) You exceeded your current quota, please check your plan and billing details. For more information on this error,]"
geminates,caro_carro_sent,"Ho detto caro, non carro.",it,,wav/geminates__caro_carro_sent.wav,paolo,choice,"Вариант 1: оба раза carro | Вариант 2: сначала caro, потом carro | Вариант 3: оба раза caro | Вариант 4: сначала carro, потом caro",2,,,"[ошибка: received 1011 (internal error) You exceeded your current quota, please check your plan and billing details. For more information on this error, head to: h; then sent 1011 (internal error) You exceeded your current quota, please check your plan and billing details. For more information on this error,]"
geminates,sete_sette,Sete. Sette.,it,,wav/geminates__sete_sette.wav,paolo,choice,"Вариант 1: сначала sette, потом sete | Вариант 2: сначала sete, потом sette | Вариант 3: оба раза sete | Вариант 4: оба раза sette",2,,,"[ошибка: received 1011 (internal error) You exceeded your current quota, please check your plan and billing details. For more information on this error, head to: h; then sent 1011 (internal error) You exceeded your current quota, please check your plan and billing details. For more information on this error,]"
geminates,sete_sette_sent,"Ho detto sete, non sette.",it,,wav/geminates__sete_sette_sent.wav,paolo,choice,"Вариант 1: сначала sette, потом sete | Вариант 2: сначала sete, потом sette | Вариант 3: оба раза sette | Вариант 4: оба раза sete",2,,,"[ошибка: received 1011 (internal error) You exceeded your current quota, please check your plan and billing details. For more information on this error, head to: h; then sent 1011 (internal error) You exceeded your current quota, please check your plan and billing details. For more information on this error,]"
geminates,nono_nonno,Nono. Nonno.,it,,wav/geminates__nono_nonno.wav,paolo,choice,"Вариант 1: сначала nonno, потом nono | Вариант 2: оба раза nonno | Вариант 3: сначала nono, потом nonno | Вариант 4: оба раза nono",3,,,"[ошибка: received 1011 (internal error) You exceeded your current quota, please check your plan and billing details. For more information on this error, head to: h; then sent 1011 (internal error) You exceeded your current quota, please check your plan and billing details. For more information on this error,]"
geminates,nono_nonno_sent,"Ho detto nono, non nonno.",it,,wav/geminates__nono_nonno_sent.wav,paolo,choice,"Вариант 1: сначала nono, потом nonno | Вариант 2: оба раза nono | Вариант 3: сначала nonno, потом nono | Вариант 4: оба раза nonno",1,,,"[ошибка: received 1011 (internal error) You exceeded your current quota, please check your plan and billing details. For more information on this error, head to: h; then sent 1011 (internal error) You exceeded your current quota, please check your plan and billing details. For more information on this error,]"
geminates,papa_papà,Papa. Papà.,it,,wav/geminates__papa_papà.wav,paolo,choice,"Вариант 1: сначала papà, потом papa | Вариант 2: сначала papa, потом papà | Вариант 3: оба раза papà | Вариант 4: оба раза papa",2,,,"[ошибка: received 1011 (internal error) You exceeded your current quota, please check your plan and billing details. For more information on this error, head to: h; then sent 1011 (internal error) You exceeded your current quota, please check your plan and billing details. For more information on this error,]"
geminates,papa_papà_sent,"Ho detto papa, non papà.",it,,wav/geminates__papa_papà_sent.wav,paolo,choice,"Вариант 1: сначала papa, потом papà | Вариант 2: оба раза papà | Вариант 3: сначала papà, потом papa | Вариант 4: оба раза papa",1,,,"[ошибка: received 1011 (internal error) You exceeded your current quota, please check your plan and billing details. For more information on this error, head to: h; then sent 1011 (internal error) You exceeded your current quota, please check your plan and billing details. For more information on this error,]"
geminates,camino_cammino,Camino. Cammino.,it,,wav/geminates__camino_cammino.wav,paolo,choice,"Вариант 1: сначала cammino, потом camino | Вариант 2: оба раза camino | Вариант 3: оба раза cammino | Вариант 4: сначала camino, потом cammino",4,,,"[ошибка: received 1011 (internal error) You exceeded your current quota, please check your plan and billing details. For more information on this error, head to: h; then sent 1011 (internal error) You exceeded your current quota, please check your plan and billing details. For more information on this error,]"
geminates,camino_cammino_sent,"Ho detto camino, non cammino.",it,,wav/geminates__camino_cammino_sent.wav,paolo,choice,"Вариант 1: сначала cammino, потом camino | Вариант 2: оба раза cammino | Вариант 3: сначала camino, потом cammino | Вариант 4: оба раза camino",3,,,"[ошибка: received 1011 (internal error) You exceeded your current quota, please check your plan and billing details. For more information on this error, head to: h; then sent 1011 (internal error) You exceeded your current quota, please check your plan and billing details. For more information on this error,]"
ru,nostress_plain,Сегодня мы говорим о прошедшем времени. Это совсем не сложно.,ru,,wav/ru__nostress_plain.wav,paolo,rate,,,,,"[ошибка: received 1011 (internal error) You exceeded your current quota, please check your plan and billing details. For more information on this error, head to: h; then sent 1011 (internal error) You exceeded your current quota, please check your plan and billing details. For more information on this error,]"
ru,nostress_zamok_plain,Это старый замок.,ru,,wav/ru__nostress_zamok_plain.wav,paolo,choice,Вариант 1: замóк — на двери | Вариант 2: зáмок — крепость,,,,"[ошибка: received 1011 (internal error) You exceeded your current quota, please check your plan and billing details. For more information on this error, head to: h; then sent 1011 (internal error) You exceeded your current quota, please check your plan and billing details. For more information on this error,]"
ru,nostress_zamok_1,Это старый за́мок.,ru,,wav/ru__nostress_zamok_1.wav,paolo,choice,Вариант 1: зáмок — крепость | Вариант 2: замóк — на двери,1,,,"[ошибка: received 1011 (internal error) You exceeded your current quota, please check your plan and billing details. For more information on this error, head to: h; then sent 1011 (internal error) You exceeded your current quota, please check your plan and billing details. For more information on this error,]"
ru,nostress_zamok_2,Это старый замо́к.,ru,,wav/ru__nostress_zamok_2.wav,paolo,choice,Вариант 1: зáмок — крепость | Вариант 2: замóк — на двери,2,,,"[ошибка: received 1011 (internal error) You exceeded your current quota, please check your plan and billing details. For more information on this error, head to: h; then sent 1011 (internal error) You exceeded your current quota, please check your plan and billing details. For more information on this error,]"
ru,nostress_plachu_1,"Я пла́чу, когда слушаю эту песню.",ru,,wav/ru__nostress_plachu_1.wav,paolo,choice,Вариант 1: плáчу — от слёз | Вариант 2: плачý — деньги,1,,,"[ошибка: received 1011 (internal error) You exceeded your current quota, please check your plan and billing details. For more information on this error, head to: h; then sent 1011 (internal error) You exceeded your current quota, please check your plan and billing details. For more information on this error,]"
ru,nostress_plachu_2,Я плачу́ за кофе.,ru,,wav/ru__nostress_plachu_2.wav,paolo,choice,Вариант 1: плачý — деньги | Вариант 2: плáчу — от слёз,1,,,"[ошибка: received 1011 (internal error) You exceeded your current quota, please check your plan and billing details. For more information on this error, head to: h; then sent 1011 (internal error) You exceeded your current quota, please check your plan and billing details. For more information on this error,]"
ru,nostress_muka_1,Это была настоящая му́ка.,ru,,wav/ru__nostress_muka_1.wav,paolo,choice,Вариант 1: мýка — страдание | Вариант 2: мукá — для теста (муку),1,,,"[ошибка: received 1011 (internal error) You exceeded your current quota, please check your plan and billing details. For more information on this error, head to: h; then sent 1011 (internal error) You exceeded your current quota, please check your plan and billing details. For more information on this error,]"
ru,nostress_muka_2,Купи муку́ для пиццы.,ru,,wav/ru__nostress_muka_2.wav,paolo,choice,Вариант 1: мýка — страдание | Вариант 2: мукá — для теста (муку),2,,,"[ошибка: received 1011 (internal error) You exceeded your current quota, please check your plan and billing details. For more information on this error, head to: h; then sent 1011 (internal error) You exceeded your current quota, please check your plan and billing details. For more information on this error,]"
ru_repeat,0,Сегодня мы говорим о прошедшем времени. Это совсем не сложно.,ru,,wav/ru_repeat__0.wav,paolo,rate,,,,,"[ошибка: received 1011 (internal error) You exceeded your current quota, please check your plan and billing details. For more information on this error, head to: h; then sent 1011 (internal error) You exceeded your current quota, please check your plan and billing details. For more information on this error,]"
ru_repeat,1,Сегодня мы говорим о прошедшем времени. Это совсем не сложно.,ru,,wav/ru_repeat__1.wav,paolo,rate,,,,,"[ошибка: received 1011 (internal error) You exceeded your current quota, please check your plan and billing details. For more information on this error, head to: h; then sent 1011 (internal error) You exceeded your current quota, please check your plan and billing details. For more information on this error,]"
ru_repeat,2,Сегодня мы говорим о прошедшем времени. Это совсем не сложно.,ru,,wav/ru_repeat__2.wav,paolo,rate,,,,,"[ошибка: received 1011 (internal error) You exceeded your current quota, please check your plan and billing details. For more information on this error, head to: h; then sent 1011 (internal error) You exceeded your current quota, please check your plan and billing details. For more information on this error,]"
ru_repeat,3,Сегодня мы говорим о прошедшем времени. Это совсем не сложно.,ru,,wav/ru_repeat__3.wav,paolo,rate,,,,,"[ошибка: received 1011 (internal error) You exceeded your current quota, please check your plan and billing details. For more information on this error, head to: h; then sent 1011 (internal error) You exceeded your current quota, please check your plan and billing details. For more information on this error,]"
ru_repeat,4,Сегодня мы говорим о прошедшем времени. Это совсем не сложно.,ru,,wav/ru_repeat__4.wav,paolo,rate,,,,,"[ошибка: received 1011 (internal error) You exceeded your current quota, please check your plan and billing details. For more information on this error, head to: h; then sent 1011 (internal error) You exceeded your current quota, please check your plan and billing details. For more information on this error,]"
ru_repeat,5,Сегодня мы говорим о прошедшем времени. Это совсем не сложно.,ru,,wav/ru_repeat__5.wav,paolo,rate,,,,,"[ошибка: received 1011 (internal error) You exceeded your current quota, please check your plan and billing details. For more information on this error, head to: h; then sent 1011 (internal error) You exceeded your current quota, please check your plan and billing details. For more information on this error,]"
ru_repeat,6,Сегодня мы говорим о прошедшем времени. Это совсем не сложно.,ru,,wav/ru_repeat__6.wav,paolo,rate,,,,,"[ошибка: received 1011 (internal error) You exceeded your current quota, please check your plan and billing details. For more information on this error, head to: h; then sent 1011 (internal error) You exceeded your current quota, please check your plan and billing details. For more information on this error,]"
ru_repeat,7,Сегодня мы говорим о прошедшем времени. Это совсем не сложно.,ru,,wav/ru_repeat__7.wav,paolo,rate,,,,,"[ошибка: received 1011 (internal error) You exceeded your current quota, please check your plan and billing details. For more information on this error, head to: h; then sent 1011 (internal error) You exceeded your current quota, please check your plan and billing details. For more information on this error,]"
mix,whole_ru,"В прошедшем времени мы всегда говорим «ho mangiato», а не «io mangiato».",ru,,wav/mix__whole_ru.wav,paolo,rate,,,,,"[ошибка: received 1011 (internal error) You exceeded your current quota, please check your plan and billing details. For more information on this error, head to: h; then sent 1011 (internal error) You exceeded your current quota, please check your plan and billing details. For more information on this error,]"
mix,split_ru_it,"В прошедшем времени мы всегда говорим, | ho mangiato, | а не | io mangiato.",ru+it,склейка,wav/mix__split.wav,paolo,rate,,,,,"[ошибка: received 1011 (internal error) You exceeded your current quota, please check your plan and billing details. For more information on this error, head to: h; then sent 1011 (internal error) You exceeded your current quota, please check your plan and billing details. For more information on this error,]"
clone,ru_plain,Сегодня мы говорим о прошедшем времени. Это совсем не сложно.,ru,,wav/clone__ru_plain.wav,paolo,rate,,,,,"[ошибка: received 1011 (internal error) You exceeded your current quota, please check your plan and billing details. For more information on this error, head to: h; then sent 1011 (internal error) You exceeded your current quota, please check your plan and billing details. For more information on this error,]"
clone,mix_whole,"В прошедшем времени мы всегда говорим «ho mangiato», а не «io mangiato».",ru,,wav/clone__mix_whole.wav,paolo,rate,,,,,"[ошибка: received 1011 (internal error) You exceeded your current quota, please check your plan and billing details. For more information on this error, head to: h; then sent 1011 (internal error) You exceeded your current quota, please check your plan and billing details. For more information on this error,]"
clone,it_00_cfg0.5,"Ciao, mi chiamo Paolo. Come ti chiami?",it,,wav/clone__it_00_cfg0.5.wav,paolo,rate,,,,,"[ошибка: received 1011 (internal error) You exceeded your current quota, please check your plan and billing details. For more information on this error, head to: h; then sent 1011 (internal error) You exceeded your current quota, please check your plan and billing details. For more information on this error,]"
clone,it_00_cfg0.0,"Ciao, mi chiamo Paolo. Come ti chiami?",it,,wav/clone__it_00_cfg0.0.wav,paolo,rate,,,,,"[ошибка: received 1011 (internal error) You exceeded your current quota, please check your plan and billing details. For more information on this error, head to: h; then sent 1011 (internal error) You exceeded your current quota, please check your plan and billing details. For more information on this error,]"
clone,it_02_cfg0.5,"Vorrei un caffè e un cornetto, per favore.",it,,wav/clone__it_02_cfg0.5.wav,paolo,rate,,,,,"[ошибка: received 1011 (internal error) You exceeded your current quota, please check your plan and billing details. For more information on this error, head to: h; then sent 1011 (internal error) You exceeded your current quota, please check your plan and billing details. For more information on this error,]"
clone,it_02_cfg0.0,"Vorrei un caffè e un cornetto, per favore.",it,,wav/clone__it_02_cfg0.0.wav,paolo,rate,,,,,"[ошибка: received 1011 (internal error) You exceeded your current quota, please check your plan and billing details. For more information on this error, head to: h; then sent 1011 (internal error) You exceeded your current quota, please check your plan and billing details. For more information on this error,]"
clone,it_06_cfg0.5,"Mi piace la musica, ma non mi piacciono i film dell'orrore.",it,,wav/clone__it_06_cfg0.5.wav,paolo,rate,,,,,"[ошибка: received 1011 (internal error) You exceeded your current quota, please check your plan and billing details. For more information on this error, head to: h; then sent 1011 (internal error) You exceeded your current quota, please check your plan and billing details. For more information on this error,]"
clone,it_06_cfg0.0,"Mi piace la musica, ma non mi piacciono i film dell'orrore.",it,,wav/clone__it_06_cfg0.0.wav,paolo,rate,,,,,"[ошибка: received 1011 (internal error) You exceeded your current quota, please check your plan and billing details. For more information on this error, head to: h; then sent 1011 (internal error) You exceeded your current quota, please check your plan and billing details. For more information on this error,]"
clone,it_09_cfg0.5,"Scusi, a che ora parte il treno per Firenze?",it,,wav/clone__it_09_cfg0.5.wav,paolo,rate,,,,,"[ошибка: received 1011 (internal error) You exceeded your current quota, please check your plan and billing details. For more information on this error, head to: h; then sent 1011 (internal error) You exceeded your current quota, please check your plan and billing details. For more information on this error,]"
clone,it_09_cfg0.0,"Scusi, a che ora parte il treno per Firenze?",it,,wav/clone__it_09_cfg0.0.wav,paolo,rate,,,,,"[ошибка: received 1011 (internal error) You exceeded your current quota, please check your plan and billing details. For more information on this error, head to: h; then sent 1011 (internal error) You exceeded your current quota, please check your plan and billing details. For more information on this error,]"
clone,stress_telèfonano,Dico telèfonano adesso.,it,,wav/clone__stress_telèfonano.wav,paolo,rate,,,,,"[ошибка: received 1011 (internal error) You exceeded your current quota, please check your plan and billing details. For more information on this error, head to: h; then sent 1011 (internal error) You exceeded your current quota, please check your plan and billing details. For more information on this error,]"
clone,stress_àncora,Dico àncora adesso.,it,,wav/clone__stress_àncora.wav,paolo,rate,,,,,"[ошибка: received 1011 (internal error) You exceeded your current quota, please check your plan and billing details. For more information on this error, head to: h; then sent 1011 (internal error) You exceeded your current quota, please check your plan and billing details. For more information on this error,]"
clone,stress_ancòra,Dico ancòra adesso.,it,,wav/clone__stress_ancòra.wav,paolo,rate,,,,,"[ошибка: received 1011 (internal error) You exceeded your current quota, please check your plan and billing details. For more information on this error, head to: h; then sent 1011 (internal error) You exceeded your current quota, please check your plan and billing details. For more information on this error,]"
slow,00_cfg0.5_ex0.5,"Ciao, mi chiamo Paolo. Come ti chiami?",it,,wav/slow__00_cfg0.5_ex0.5.wav,paolo,rate,,,,,"[ошибка: received 1011 (internal error) You exceeded your current quota, please check your plan and billing details. For more information on this error, head to: h; then sent 1011 (internal error) You exceeded your current quota, please check your plan and billing details. For more information on this error,]"
slow,00_cfg0.3_ex0.5,"Ciao, mi chiamo Paolo. Come ti chiami?",it,,wav/slow__00_cfg0.3_ex0.5.wav,paolo,rate,,,,,"[ошибка: received 1011 (internal error) You exceeded your current quota, please check your plan and billing details. For more information on this error, head to: h; then sent 1011 (internal error) You exceeded your current quota, please check your plan and billing details. For more information on this error,]"
slow,00_cfg0.3_ex0.3,"Ciao, mi chiamo Paolo. Come ti chiami?",it,,wav/slow__00_cfg0.3_ex0.3.wav,paolo,rate,,,,,"[ошибка: received 1011 (internal error) You exceeded your current quota, please check your plan and billing details. For more information on this error, head to: h; then sent 1011 (internal error) You exceeded your current quota, please check your plan and billing details. For more information on this error,]"
slow,00_stretch0.8,"Ciao, mi chiamo Paolo. Come ti chiami?",it,librosa x0.8,wav/slow__00_stretch0.8.wav,paolo,rate,,,,,"[ошибка: received 1011 (internal error) You exceeded your current quota, please check your plan and billing details. For more information on this error, head to: h; then sent 1011 (internal error) You exceeded your current quota, please check your plan and billing details. For more information on this error,]"
slow,02_cfg0.5_ex0.5,"Vorrei un caffè e un cornetto, per favore.",it,,wav/slow__02_cfg0.5_ex0.5.wav,paolo,rate,,,,,"[ошибка: received 1011 (internal error) You exceeded your current quota, please check your plan and billing details. For more information on this error, head to: h; then sent 1011 (internal error) You exceeded your current quota, please check your plan and billing details. For more information on this error,]"
slow,02_cfg0.3_ex0.5,"Vorrei un caffè e un cornetto, per favore.",it,,wav/slow__02_cfg0.3_ex0.5.wav,paolo,rate,,,,,"[ошибка: received 1011 (internal error) You exceeded your current quota, please check your plan and billing details. For more information on this error, head to: h; then sent 1011 (internal error) You exceeded your current quota, please check your plan and billing details. For more information on this error,]"
slow,02_cfg0.3_ex0.3,"Vorrei un caffè e un cornetto, per favore.",it,,wav/slow__02_cfg0.3_ex0.3.wav,paolo,rate,,,,,"[ошибка: received 1011 (internal error) You exceeded your current quota, please check your plan and billing details. For more information on this error, head to: h; then sent 1011 (internal error) You exceeded your current quota, please check your plan and billing details. For more information on this error,]"
slow,02_stretch0.8,"Vorrei un caffè e un cornetto, per favore.",it,librosa x0.8,wav/slow__02_stretch0.8.wav,paolo,rate,,,,,"[ошибка: received 1011 (internal error) You exceeded your current quota, please check your plan and billing details. For more information on this error, head to: h; then sent 1011 (internal error) You exceeded your current quota, please check your plan and billing details. For more information on this error,]"
slow,09_cfg0.5_ex0.5,"Scusi, a che ora parte il treno per Firenze?",it,,wav/slow__09_cfg0.5_ex0.5.wav,paolo,rate,,,,,"[ошибка: received 1011 (internal error) You exceeded your current quota, please check your plan and billing details. For more information on this error, head to: h; then sent 1011 (internal error) You exceeded your current quota, please check your plan and billing details. For more information on this error,]"
slow,09_cfg0.3_ex0.5,"Scusi, a che ora parte il treno per Firenze?",it,,wav/slow__09_cfg0.3_ex0.5.wav,paolo,rate,,,,,"[ошибка: received 1011 (internal error) You exceeded your current quota, please check your plan and billing details. For more information on this error, head to: h; then sent 1011 (internal error) You exceeded your current quota, please check your plan and billing details. For more information on this error,]"
slow,09_cfg0.3_ex0.3,"Scusi, a che ora parte il treno per Firenze?",it,,wav/slow__09_cfg0.3_ex0.3.wav,paolo,rate,,,,,"[ошибка: received 1011 (internal error) You exceeded your current quota, please check your plan and billing details. For more information on this error, head to: h; then sent 1011 (internal error) You exceeded your current quota, please check your plan and billing details. For more information on this error,]"
slow,09_stretch0.8,"Scusi, a che ora parte il treno per Firenze?",it,librosa x0.8,wav/slow__09_stretch0.8.wav,paolo,rate,,,,,"[ошибка: received 1011 (internal error) You exceeded your current quota, please check your plan and billing details. For more information on this error, head to: h; then sent 1011 (internal error) You exceeded your current quota, please check your plan and billing details. For more information on this error,]"
it_a1,v2_00,"Ciao, mi chiamo Paolo. Come ti chiami?",it,,wav/it_a1__v2_00.wav,paolo,rate,,,,,"[ошибка: received 1011 (internal error) You exceeded your current quota, please check your plan and billing details. For more information on this error, head to: h; then sent 1011 (internal error) You exceeded your current quota, please check your plan and billing details. For more information on this error,]"
it_a1,v2_01,"Piacere! Sono russa, di Mosca.",it,,wav/it_a1__v2_01.wav,paolo,rate,,,,,"[ошибка: received 1011 (internal error) You exceeded your current quota, please check your plan and billing details. For more information on this error, head to: h; then sent 1011 (internal error) You exceeded your current quota, please check your plan and billing details. For more information on this error,]"
it_a1,v2_02,"Vorrei un caffè e un cornetto, per favore.",it,,wav/it_a1__v2_02.wav,paolo,rate,,,,,"[ошибка: received 1011 (internal error) You exceeded your current quota, please check your plan and billing details. For more information on this error, head to: h; then sent 1011 (internal error) You exceeded your current quota, please check your plan and billing details. For more information on this error,]"
it_a1,v2_03,Quanto costa questo libro?,it,,wav/it_a1__v2_03.wav,paolo,rate,,,,,"[ошибка: received 1011 (internal error) You exceeded your current quota, please check your plan and billing details. For more information on this error, head to: h; then sent 1011 (internal error) You exceeded your current quota, please check your plan and billing details. For more information on this error,]"
it_a1,v2_04,Dov'è la stazione? È lontana da qui?,it,,wav/it_a1__v2_04.wav,paolo,rate,,,,,"[ошибка: received 1011 (internal error) You exceeded your current quota, please check your plan and billing details. For more information on this error, head to: h; then sent 1011 (internal error) You exceeded your current quota, please check your plan and billing details. For more information on this error,]"
it_a1,v2_05,C'è una farmacia vicino all'albergo?,it,,wav/it_a1__v2_05.wav,paolo,rate,,,,,"[ошибка: received 1011 (internal error) You exceeded your current quota, please check your plan and billing details. For more information on this error, head to: h; then sent 1011 (internal error) You exceeded your current quota, please check your plan and billing details. For more information on this error,]"
it_a1,v2_06,"Mi piace la musica, ma non mi piacciono i film dell'orrore.",it,,wav/it_a1__v2_06.wav,paolo,rate,,,,,"[ошибка: received 1011 (internal error) You exceeded your current quota, please check your plan and billing details. For more information on this error, head to: h; then sent 1011 (internal error) You exceeded your current quota, please check your plan and billing details. For more information on this error,]"
it_a1,v2_07,Ho ventitré anni e abito a Mosca.,it,,wav/it_a1__v2_07.wav,paolo,rate,,,,,"[ошибка: received 1011 (internal error) You exceeded your current quota, please check your plan and billing details. For more information on this error, head to: h; then sent 1011 (internal error) You exceeded your current quota, please check your plan and billing details. For more information on this error,]"
it_a1,v2_08,Ieri ho mangiato la pizza con i miei amici.,it,,wav/it_a1__v2_08.wav,paolo,rate,,,,,"[ошибка: received 1011 (internal error) You exceeded your current quota, please check your plan and billing details. For more information on this error, head to: h; then sent 1011 (internal error) You exceeded your current quota, please check your plan and billing details. For more information on this error,]"
it_a1,v2_09,"Scusi, a che ora parte il treno per Firenze?",it,,wav/it_a1__v2_09.wav,paolo,rate,,,,,"[ошибка: received 1011 (internal error) You exceeded your current quota, please check your plan and billing details. For more information on this error, head to: h; then sent 1011 (internal error) You exceeded your current quota, please check your plan and billing details. For more information on this error,]"
it_a1,v2_10,Mia sorella lavora in un ospedale.,it,,wav/it_a1__v2_10.wav,paolo,rate,,,,,"[ошибка: received 1011 (internal error) You exceeded your current quota, please check your plan and billing details. For more information on this error, head to: h; then sent 1011 (internal error) You exceeded your current quota, please check your plan and billing details. For more information on this error,]"
it_a1,v2_11,"Domani andiamo al mare, se non piove.",it,,wav/it_a1__v2_11.wav,paolo,rate,,,,,"[ошибка: received 1011 (internal error) You exceeded your current quota, please check your plan and billing details. For more information on this error, head to: h; then sent 1011 (internal error) You exceeded your current quota, please check your plan and billing details. For more information on this error,]"
stress_v2,telefonano_none,Dico telefonano adesso.,it,4-й от конца,wav/stress_v2__telefonano_none.wav,paolo,choice,Вариант 1: telefònano | Вариант 2: telèfonano,2,,,"[ошибка: received 1011 (internal error) You exceeded your current quota, please check your plan and billing details. For more information on this error, head to: h; then sent 1011 (internal error) You exceeded your current quota, please check your plan and billing details. For more information on this error,]"
stress_v2,telefonano_grave,Dico telèfonano adesso.,it,4-й от конца,wav/stress_v2__telefonano_grave.wav,paolo,choice,Вариант 1: telefònano | Вариант 2: telèfonano,2,,,"[ошибка: received 1011 (internal error) You exceeded your current quota, please check your plan and billing details. For more information on this error, head to: h; then sent 1011 (internal error) You exceeded your current quota, please check your plan and billing details. For more information on this error,]"
stress_v2,parliamo_none,Dico parliamo adesso.,it,,wav/stress_v2__parliamo_none.wav,paolo,choice,Вариант 1: parliàmo | Вариант 2: pàrliamo,1,,,"[ошибка: received 1011 (internal error) You exceeded your current quota, please check your plan and billing details. For more information on this error, head to: h; then sent 1011 (internal error) You exceeded your current quota, please check your plan and billing details. For more information on this error,]"
stress_v2,parliamo_grave,Dico parliàmo adesso.,it,,wav/stress_v2__parliamo_grave.wav,paolo,choice,Вариант 1: pàrliamo | Вариант 2: parliàmo,2,,,"[ошибка: received 1011 (internal error) You exceeded your current quota, please check your plan and billing details. For more information on this error, head to: h; then sent 1011 (internal error) You exceeded your current quota, please check your plan and billing details. For more information on this error,]"
stress_v2,desiderano_none,Dico desiderano adesso.,it,4-й от конца,wav/stress_v2__desiderano_none.wav,paolo,choice,Вариант 1: desìderano | Вариант 2: desidèrano,1,,,"[ошибка: received 1011 (internal error) You exceeded your current quota, please check your plan and billing details. For more information on this error, head to: h; then sent 1011 (internal error) You exceeded your current quota, please check your plan and billing details. For more information on this error,]"
stress_v2,desiderano_grave,Dico desìderano adesso.,it,4-й от конца,wav/stress_v2__desiderano_grave.wav,paolo,choice,Вариант 1: desidèrano | Вариант 2: desìderano,2,,,"[ошибка: received 1011 (internal error) You exceeded your current quota, please check your plan and billing details. For more information on this error, head to: h; then sent 1011 (internal error) You exceeded your current quota, please check your plan and billing details. For more information on this error,]"
stress_v2,capiscono_none,Dico capiscono adesso.,it,,wav/stress_v2__capiscono_none.wav,paolo,choice,Вариант 1: capìscono | Вариант 2: capiscòno,1,,,"[ошибка: received 1011 (internal error) You exceeded your current quota, please check your plan and billing details. For more information on this error, head to: h; then sent 1011 (internal error) You exceeded your current quota, please check your plan and billing details. For more information on this error,]"
stress_v2,capiscono_grave,Dico capìscono adesso.,it,,wav/stress_v2__capiscono_grave.wav,paolo,choice,Вариант 1: capìscono | Вариант 2: capiscòno,1,,,"[ошибка: received 1011 (internal error) You exceeded your current quota, please check your plan and billing details. For more information on this error, head to: h; then sent 1011 (internal error) You exceeded your current quota, please check your plan and billing details. For more information on this error,]"
stress_v2,scrivono_none,Dico scrivono adesso.,it,,wav/stress_v2__scrivono_none.wav,paolo,choice,Вариант 1: scrivòno | Вариант 2: scrìvono,2,,,"[ошибка: received 1011 (internal error) You exceeded your current quota, please check your plan and billing details. For more information on this error, head to: h; then sent 1011 (internal error) You exceeded your current quota, please check your plan and billing details. For more information on this error,]"
stress_v2,scrivono_grave,Dico scrìvono adesso.,it,,wav/stress_v2__scrivono_grave.wav,paolo,choice,Вариант 1: scrivòno | Вариант 2: scrìvono,2,,,"[ошибка: received 1011 (internal error) You exceeded your current quota, please check your plan and billing details. For more information on this error, head to: h; then sent 1011 (internal error) You exceeded your current quota, please check your plan and billing details. For more information on this error,]"
stress_v2,farmacia_none,Dico farmacia adesso.,it,,wav/stress_v2__farmacia_none.wav,paolo,choice,Вариант 1: farmacìa | Вариант 2: farmàcia,1,,,"[ошибка: received 1011 (internal error) You exceeded your current quota, please check your plan and billing details. For more information on this error, head to: h; then sent 1011 (internal error) You exceeded your current quota, please check your plan and billing details. For more information on this error,]"
stress_v2,farmacia_grave,Dico farmacìa adesso.,it,,wav/stress_v2__farmacia_grave.wav,paolo,choice,Вариант 1: farmacìa | Вариант 2: farmàcia,1,,,"[ошибка: received 1011 (internal error) You exceeded your current quota, please check your plan and billing details. For more information on this error, head to: h; then sent 1011 (internal error) You exceeded your current quota, please check your plan and billing details. For more information on this error,]"
stress_v2,psicologia_none,Dico psicologia adesso.,it,,wav/stress_v2__psicologia_none.wav,paolo,choice,Вариант 1: psicologìa | Вариант 2: psicològia,1,,,"[ошибка: received 1011 (internal error) You exceeded your current quota, please check your plan and billing details. For more information on this error, head to: h; then sent 1011 (internal error) You exceeded your current quota, please check your plan and billing details. For more information on this error,]"
stress_v2,psicologia_grave,Dico psicologìa adesso.,it,,wav/stress_v2__psicologia_grave.wav,paolo,choice,Вариант 1: psicologìa | Вариант 2: psicològia,1,,,"[ошибка: received 1011 (internal error) You exceeded your current quota, please check your plan and billing details. For more information on this error, head to: h; then sent 1011 (internal error) You exceeded your current quota, please check your plan and billing details. For more information on this error,]"
stress_v2,Brindisi_none,Dico Brindisi adesso.,it,,wav/stress_v2__Brindisi_none.wav,paolo,choice,Вариант 1: brindìsi | Вариант 2: brìndisi,2,,,"[ошибка: received 1011 (internal error) You exceeded your current quota, please check your plan and billing details. For more information on this error, head to: h; then sent 1011 (internal error) You exceeded your current quota, please check your plan and billing details. For more information on this error,]"
stress_v2,Brindisi_grave,Dico Brìndisi adesso.,it,,wav/stress_v2__Brindisi_grave.wav,paolo,choice,Вариант 1: brìndisi | Вариант 2: brindìsi,1,,,"[ошибка: received 1011 (internal error) You exceeded your current quota, please check your plan and billing details. For more information on this error, head to: h; then sent 1011 (internal error) You exceeded your current quota, please check your plan and billing details. For more information on this error,]"
stress_v2,famiglia_none,Dico famiglia adesso.,it,,wav/stress_v2__famiglia_none.wav,paolo,choice,Вариант 1: famiglìa | Вариант 2: famìglia,2,,,"[ошибка: received 1011 (internal error) You exceeded your current quota, please check your plan and billing details. For more information on this error, head to: h; then sent 1011 (internal error) You exceeded your current quota, please check your plan and billing details. For more information on this error,]"
stress_v2,famiglia_grave,Dico famìglia adesso.,it,,wav/stress_v2__famiglia_grave.wav,paolo,choice,Вариант 1: famiglìa | Вариант 2: famìglia,2,,,"[ошибка: received 1011 (internal error) You exceeded your current quota, please check your plan and billing details. For more information on this error, head to: h; then sent 1011 (internal error) You exceeded your current quota, please check your plan and billing details. For more information on this error,]"
stress_v2,subito_none,Dico subito adesso.,it,,wav/stress_v2__subito_none.wav,paolo,choice,"Вариант 1: subìto (перенёс, пострадал от) | Вариант 2: sùbito (сразу)",2,,,"[ошибка: received 1011 (internal error) You exceeded your current quota, please check your plan and billing details. For more information on this error, head to: h; then sent 1011 (internal error) You exceeded your current quota, please check your plan and billing details. For more information on this error,]"
stress_v2,subito_grave,Dico sùbito adesso.,it,,wav/stress_v2__subito_grave.wav,paolo,choice,"Вариант 1: subìto (перенёс, пострадал от) | Вариант 2: sùbito (сразу)",2,,,"[ошибка: received 1011 (internal error) You exceeded your current quota, please check your plan and billing details. For more information on this error, head to: h; then sent 1011 (internal error) You exceeded your current quota, please check your plan and billing details. For more information on this error,]"
